Code,A_Name,A_Geo,A_Location,A_Name_Latin,A_Phylum,A_Class,A_Order,A_Family,A_Conservation,A_Distribution,A_Habitat,A_Feature,A_Behavior,A_Diet,A_Crisis,A_Code,A_Pic01_ALT,A_Pic01_URL,A_Pic02_ALT,A_Pic02_URL,A_Pic03_ALT,A_Pic03_URL,A_Pic04_ALT,A_Pic04_URL
1,Giant Panda,MULTIPOINT ((121.5831587 24.9971109)),Giant Panda House,Ailuropoda melanoleuca,Chordata,Mammalia, Carnivora,Ursidae,Vulnerable (VU),"Currently only found in Sichuan, Gansu and Xiaxi, China.","The Giant Panda is found on mountains between the elevations of 2,600 to 3,000 with the actual elevation changing depending on the season. Areas with clean, running water and well-developed bamboo groves are favored.","1. Adults measure between 120 to 180 cm in height, and 80 to 120 kg in weight. Cubs measure around 10 cm in length and weigh just 150 to 200 grams at birth.
2. Powerful limbs: The hindlegs are turned inwards for pulling bamboo out of the way when moving through dense forests.
3. The wrist bone has evolved into a pseudo-thumb (with no joints) for grasping and eating bamboo.
4. The paws are covered with fur for walking over cold snow.
4. The Giant Panda is black and white in color. The ears, eye patch, nose, shoulders and limbs are black while the rest of the body is white. The small, black ears reduce heat loss.
","1. Giant Pandas are solitary animals except for mating or a mother with her cub.
2. Bamboo contains very little calories so giant pandas spend around 10 hours a day asleep to conserve energy. They generally forage around dawn and dusk.
",Bamboo makes up more than 99% of the giant panda's diet.,The variety of bamboo species in the Giant Panda habitat was once relatively limited. The cyclical flowering and mass die-off of arrow bamboo in 1983 for example led to pandas in the region starving to death. Bamboo forests also take many years to recover after floowering. Habitat fragmention prevents pandas from migrating to new sources of bamboo and increases the risk of inbreeding as well.,Panda,Giant Panda,https://www.zoo.gov.tw/iTAP/03_Animals/PandaHouse/Panda_Pic01.jpg,Giant Panda,https://www.zoo.gov.tw/iTAP/03_Animals/PandaHouse/Panda_Pic02.jpg,Giant Panda,https://www.zoo.gov.tw/iTAP/03_Animals/PandaHouse/Panda_Pic03.jpg,Giant Panda,https://www.zoo.gov.tw/iTAP/03_Animals/PandaHouse/Panda_Pic04.jpg
2, King Penguin,MULTIPOINT ((121.5907654 24.9931338)),Penguin House,Aptenodytes patagonicus,Chordata,Aves,Sphenisciformes,Spheniscidae,Least Concern (LC)," Sub-antarctic region. Found in South America at the Falkland Islands, South Georgia and the Sandwich Islands, as well as the waters south of South Africa and New Zealand.",,The King Penguin is one of the largest species of penguins second only to the Emperor Penguin in size. They have a long beak and an orange-colored ear patch. The ear patch has a black border and is shaped like a water drop. The area between the throat and chest is a beautiful golden yellow color. Body measures approximately 95cm in length (penguins’ body length is measured from the beak to the extended tail). Body weight is around 12 to 15 kg. It can live between 15 to 20 years on average in captivity.,"1. King penguins live on average between 15 to 20 years in captivity.
2. King penguins form breeding colonies during which each pair claim a territory of one square meter for their own. No nest is built and only one egg is laid by each pair. The male and female take turns incubating the egg and this takes about 56 days. Chicks are almost nude but covered only by some short down. The down starts out as light gray or brown then gradually turns dark brown. At around 40 days the chicks join a cr?che with other chicks. They becomes fully fledged between 10 to 13 months, and reach sexual maturity between 5 to 7 years.
3. The population of King Penguin is around 2 million in the wild and is still increasing (based on 2008 assessment conducted by International Union for Conservation of Nature (IUCN)).
","Diet consists mainly of fish. In the wild, King Penguin are fond of small lantern fishes (Myctophidae) but will also eat squids (Moroteuthis) and other cephalopods.",,KingPenguin, King Penguin,https://www.zoo.gov.tw/iTAP/03_Animals/PenguinHouse/KingPenguin/KingPenguin_Pic01.jpg, King Penguin,https://www.zoo.gov.tw/iTAP/03_Animals/PenguinHouse/KingPenguin/KingPenguin_Pic02.jpg, King Penguin,https://www.zoo.gov.tw/iTAP/03_Animals/PenguinHouse/KingPenguin/KingPenguin_Pic03.jpg, King Penguin,https://www.zoo.gov.tw/iTAP/03_Animals/PenguinHouse/KingPenguin/KingPenguin_Pic04.jpg
3,Jackass penguin,MULTIPOINT ((121.5910631 24.9928761)),Penguin House,Spheniscus demersu,Chordata,Aves,Sphenisciformes,Spheniscidae,Endangered (EN),South Africa and Namibia.,Jackass Penguins live on land in the sea. They generally nest on islands near the shore but will occassionally nest on continental coasts. Foraging takes place on the open sea.,Jackass Penguins have a black cheek and a broad white stripe that runs from the brow to the head. There is a reddish area in front of the eyes. Some birds have a second black stripe on their upper chest. The heads of juveniles are gray in color and the chest stripe is indistinct. Body measures between 68 to 70 cm in length. Body weight is around 2 to 3 kg.,"1. Gregarious. They are curious, timid but cautious.
2. Large growling sounds are usually made during arguments or courtship.
3. As temperate zone penguins they have several tricks for keeping cool: The feathers are thin and fluffy, and there is only a thin layer of subcutaneous fat. On land, they look for sheltered locations. They also gasp through their mouths for heat dissipation.
4. Jackass Penguins breed all year round. They usually nest under rocks, inside bushes, or in holes. The nest is usually lined in some way. There are 2 eggs per clutch. A second clutch has also been recorded. Incubation period is around 38 days.","In the wild, Jackass Penguins catch and eat fishes between 0.5 ~ 1.2cm in length in the open sea. The main prey species are anchovies and herrings. They dive up to 130m in pursuit of prey, with gathering in the open sea to catch fish cooperatively.","At the beginning of the 20th century, there were estimated to be 500,000 to 1,000,000 pairs of Jackass Penguins in existence. Current population is estimated to be 50,000 (based on 2018 assessment conducted by International Union for Conservation of Nature (IUCN)). The main reason for their population decline is the industrialized harvesting of the fish they eat and it is impossible to estimate how many are caught up in fishing nets.",JackassPenguin,Jackass penguin,httpss://www.zoo.gov.tw/iTAP/03_Animals/PenguinHouse/JackassPenguin/Jackasspenguin01.JPG,Jackass penguin,httpss://www.zoo.gov.tw//iTAP/03_Animals/PenguinHouse/JackassPenguin/Jackasspenguin02.JPG,Jackass penguin,httpss://www.zoo.gov.tw//iTAP/03_Animals/PenguinHouse/JackassPenguin/Jackasspenguin02.JPG,Jackass penguin,httpss://www.zoo.gov.tw//iTAP/03_Animals/PenguinHouse/JackassPenguin/Jackasspenguin02.JPG
4,Bornean Orangutan,"MULTIPOINT ((121.5834381 24.9952326), (121.5832482 24.9963699))",Tropical Rainforest Area,Pongo pygmaeus,Chordata,Mammalia,Primates,Hominidae,Critically Endangered (CR),Tropical rainforests of Borneo.,Tropical rainforests and secondary forests at low elevations.,"1. Its entire body is covered with reddish-brown hair. The color of the coarse, sparse strands of hair change with age as well. Juveniles have bright orange fur, while adults have reddish-brown fur. Some individuals can even have dark chocolate-brown fur.
2. The hair on the top of a young ape's head is erect and becomes flattened upon maturity. Areas around the nose, mouth and eyes of a young ape are pink, but become black or light brown when it becomes an adult.
2. Adult males are about double the size of females. Males have long, reddish-brown hair, bulging cheek flaps, and a hanging throat sack. The orangutan's forelimbs are longer than its rear limbs. Its fingers and toes are long and curved. 
3. Adult females have a high forehead, protruding nose and mouth, and a smaller throat sac. The hair on the side of a female's face and on top of its head is shorter.","1. It is diurnal but most active in the morning and around dusk.
2. Its fingers and toes are quite strong and are used for picking fruit and hanging onto branches. It can swing from branch to branch using its arms as well.
3. It rarely comes down to the ground. The young learn the techniques of swinging through the trees from their mother. On the ground, it walks with all fours slowly and cautiously, with its knuckles touching the ground.
4. Every night, it will build a nest out of leaves and branches in a tree for sleeping. Old nests are used during the day for naps. When it rains or when the sun is too strong, it will use a leafy branch for shade or hang large leaves around its neck. It knows how to use branches for digging, fighting, scratching and eating.
5. Orangutans are relatively quiet compared to other primates. Adult males are usually solitary and use their throat sac as a resonator to make calls through the jungle. These calls are used to assert their territory and for courtship.
6. Females have a strong maternal instinct and will care for a young until it achieves full independence before mating and giving birth again. Young orangutans rely almost entirely on their mother for breastfeeding and for feeding before the age of 2 or 3. From the age of 4, a young orangutan learns how to live in the rainforest from its mother. When females reach maturity they tend to stay close to their mother. ","Omnivorous, mainly diet on leaves, bark, and fruit such as figs, rambutan, etc. They may also eat insects, small invertebrates, bird eggs, and soil rich in minerals.","Loss of habitat, poaching, forest fire, habitat fragmentation",Orangutan,Bornean Orangutan,https://www.zoo.gov.tw/iTAP/03_Animals/RainForest/Orangutan/Orangutan_Pic01.jpg,Bornean Orangutan,https://www.zoo.gov.tw/iTAP/03_Animals/RainForest/Orangutan/Orangutan_Pic02.jpg,Bornean Orangutan,https://www.zoo.gov.tw/iTAP/03_Animals/RainForest/Orangutan/Orangutan_Pic03.jpg,Bornean Orangutan,https://www.zoo.gov.tw/iTAP/03_Animals/RainForest/Orangutan/Orangutan_Pic04.jpg
5,Siamang,"MULTIPOINT ((121.5833201 24.9955632), (121.5831825 24.9963796))",Tropical Rainforest Area,Symphalangus syndactylus,Chordata,Mammalia,Primates,Hylobatidae,Endangered (EN),"Rainforests and dense forests in Malaysia (Malay Peninsula), Indonesia (Sumatra), and southern Thailand.","Tropical deciduous and evergreen rainforests between 600 to 2,000 m above sea level.","1. The siamang is the largest of the lesser apes. Thick, black fur covers its body. Males have fur that's about 15 cm long around their scrotum. One weighs between 10 to 12 kg and measures between 71 to 90 cm from head to rump. Its fully extended arms are about 2.3 to 2.6 times the length of its body.
2. Their 2nd and 3rd toes fused by a thin webbing of skin.
3. Both the male and the female have gray or pink throat sacs. The throat sacs balloon when they are vocalizing.","1. It is diurnal, but is more active in the morning than afternoon. It returns at dusk every day to a specific tree to sleep.
2. It is arboreal and spends most of its time in the trees, 25 to 30 m above ground. It climbs with its forelimbs with great agility, and rarely leaves the trees.
3. It is monogamous. Each family has a territory that they assert through their calls. They spend about 30% of each day calling loudly, with the male making shrieks and the females making a series of howls as long as 18 s. Bonds are strong between family members, and they gather on the same tree or group of trees to forage and groom each other. ","Omnivorous, mainly diet on leaves , fruits and flowers, shoots, insects.","Habitat loss, poaching, forest fire, and habitat fragmentation.",,Siamang,https://www.zoo.gov.tw/iTAP/03_Animals/RainForest/Siamang/Siamang_Pic01.jpg,Siamang,https://www.zoo.gov.tw/iTAP/03_Animals/RainForest/Siamang/Siamang_Pic02.jpg,Siamang,https://www.zoo.gov.tw/iTAP/03_Animals/RainForest/Siamang/Siamang_Pic03.jpg,Siamang,https://www.zoo.gov.tw/iTAP/03_Animals/RainForest/Siamang/Siamang_Pic04.jpg
6,Great Indian Horbill,MULTIPOINT ((121.5831872 24.9944558)),Tropical Rainforest Area,Buceros bicornis,Chordata,Aves,Coraciiformes,Bucerotidae,Vulnerable (VU),"India, the Indochina Peninsula, the Malay Peninsula, and Sumatra.",Tropical evergreen and deciduous forests.,"Hornbill beaks have a distinct feature called a casque on top of its massive bill, casque is covered with keratin and usually hollow, reinforced by bony honeycomb-like struts which keeps the bird light for flight. Its head looks as if it's wearing a helmet. 
2. Its feathers are mostly black, and its tail is long and wide with a black band. 
3. Males and females can be distinguished by the color of their irises. Females have white irises, while that of the males are red.","1. It is a tree-dwelling bird that lives in pairs or as a family group in the rainforest. It builds its nests in tree holes.

2. During the breeding season, the female stays with her hatchlings inside their tree-hole nest. The entrance is sealed with mud, leaving only a small hole through which the male delivers food for the entire family. The hole is used by the female and the hatchlings for defecation as well.","Omnivorous, mostly diet on fruits, small animals such as frogs, lizards, bird hatchlings, snails, and insects.","Habitat loss, poaching, forest fire, and habitat fragmentation.",,GreatHorbill,https://www.zoo.gov.tw/iTAP/03_Animals/RainForest/GreatHorbill/GreatHorbill_Pic01.jpg,Great Indian Horbill,https://www.zoo.gov.tw/iTAP/03_Animals/RainForest/GreatHorbill/GreatHorbill_Pic02.jpg,Great Indian Horbill,https://www.zoo.gov.tw/iTAP/03_Animals/RainForest/GreatHorbill/GreatHorbill_Pic03.jpg,Great Indian Horbill,https://www.zoo.gov.tw/iTAP/03_Animals/RainForest/GreatHorbill/GreatHorbill_Pic04.jpg
7,Asian Elephant,MULTIPOINT ((121.5829350 24.9941690)),Tropical Rainforest Area,Elephas maximus,Chordata,Mammalia,Proboscidea,Elephantidae,Endangered (EN),India and parts of Southeast Asia including Sumatra and Borneo.,"Grasslands, tropical evergreen forests, and bushlands.","1. Its massive body is dark-grey, and it has a large head and thick, strong limbs.
2. Compared to the African elephant, the Asiatic elephant has smaller ears, a rounded back, and a finger-like protrusion on the tip of its nose. The protrusion contains a large number of nerve cells, giving the trunk a dexterity similar to that of a human finger.
3. The outward apperence of front legs have five toe nails each, and the rear legs have four each. There are two semicircular protrusions on the front edge of the skull.
4. Females may not have tusks, and even if they do, their tusks would not be pronounced. Male elephants are larger than females.","1. It is mainly active at dawn, dusk, and at night. It generally stays in the forest and cool, shady areas during the daytime. The Asian elephant is not as resistant to heat as the African elephant.
2. It loves mud and dirt baths as mud protects from the sun and parasites. Asian elephants usually live in regions with a plentiful supply of water, and where the grass that makes up the bulk of their diet grows in abundance. An elephant spends more than two-thirds of its day foraging. 
3. The temporal gland between the eyes and the ears of a male elephant produces oily secretions when it is in estrus. Males become very restless during this time.
3. Asian elephants live in matriarchal herds. Each herd may contain anywhere from several to dozens of members led by the eldest female. They do not stay in a fixed area and therefore have a widespread distribution.
4. Ivory refers to the incisors on the elephant's upper jaw and is one of the key features of a male elephant. Ivory is used for stripping tree bark and digging up roots. It is also a symbol of social status and a weapon with which to attack the enemy.
5. Elephant molars wear away quite quickly as they are used for chewing hard foods such as tree bark. New molars grow and replace old molars. An elephant may have six sets of molars during its lifetime.","Omnivorous, including grass, leaves, bark, shrub, such as banana trees, sugar cane, and fruit.","Habitat loss, and habitat fragmentation.",AsianElephant,Asian Elephant,https://www.zoo.gov.tw/iTAP/03_Animals/RainForest/AsianElephant/AsianElephant_Pic01.jpg,Asian Elephant,https://www.zoo.gov.tw/iTAP/03_Animals/RainForest/AsianElephant/AsianElephant_Pic02.jpg,Asian Elephant,https://www.zoo.gov.tw/iTAP/03_Animals/RainForest/AsianElephant/AsianElephant_Pic03.jpg,Asian Elephant,https://www.zoo.gov.tw/iTAP/03_Animals/RainForest/AsianElephant/AsianElephant_Pic04.jpg
8,Bengal Tiger,MULTIPOINT ((121.5832372 24.9941782)),Tropical Rainforest Area,Panthera tigris tigris,Chordata,Mammalia,Carnivora,Felidae,Endangered (EN),"India, Bangladesh, Nepal, Bhutan, and China.","Rainforests, forests, mangroves, swamps, grasslands, and rocky regions.","1. Its body is yellow or yellow-brown and is covered in narrow black stripes, which are denser around the head. The abdomen is white. The back of the ears is black with white spots. The tail is  with several black rings.
","1. It is active at dusk and at night, though occasionally during the daytime as well.
2. Tigers are solitary unless it is a mother and her young. Solitary tigers, however, still maintain contact with their neighbors. Tigers communicate through sound and scent. Its anal glands secrete a substance with intense scent, which it uses for marking its territory and presence.
3. Females in estrus cycle will become very active and vocal to attract a male.
4. Tigers are excellent swimmers. They will jump into the water to stay cool on a hot day.
5. Tigers have a superb hearing, sharp fangs, and retractable claws. The stripes on their body provide camouflage. These adaptations make them the apex predator of the forest.","Carnivorous, the majority of the tiger diet consists of various large ungulate species such as  deers, water buffalo, boars, bears,  or  smaller mammals such as muntjac and birds.","Habitat loss, poaching, forest fire, and habitat fragmentation.",,Tiger,https://www.zoo.gov.tw/iTAP/03_Animals/RainForest/Tiger/Tiger_Pic01.jpg,Bengal Tiger,https://www.zoo.gov.tw/iTAP/03_Animals/RainForest/Tiger/Tiger_Pic02.jpg,Bengal Tiger,https://www.zoo.gov.tw/iTAP/03_Animals/RainForest/Tiger/Tiger_Pic03.jpg,Bengal Tiger,https://www.zoo.gov.tw/iTAP/03_Animals/RainForest/Tiger/Tiger_Pic04.jpg
9,Leopard,MULTIPOINT ((121.5829350 24.9944267)),Tropical Rainforest Area,Panthera pardus,Chordata,Mammalia,Carnivora,Felidae,Vulnerable (VU),"Widely distributed in the forests, grasslands, and bushlands of Africa, the Middle East, as well as the eastern, southwestern and southern parts of Asia. ","Variety habitats, including lowland forests, mountain ridges, grasslands, bushlands, and deserts.","1. Its yellowish-brown body is covered with hollow black markings. Its belly is white with black spots. All leopards have spots on their face. The spotted pattern is unique for each leopard.
2. Some leopards are entirely black, a black  panther . It's not a separate species. It is black only because its genes for fur color happen to be recessive. If you examine a black  panther closely under good lighting, you'll see that they have spotted fur.","1. It is nocturnal and solitary unless it's a mother and her cubs.
2. Leopards can adapt to different environments, as long as there are enough prey and cover, but they prefer forested areas. They are very agile and are adept climbers. They can swim but will generally stay away from water. Unlike tigers, leopards do not like to get wet and tend to lead a more arboreal existence.
3. The leopard has excellent eyes and ears. They will pounce on their prey from a tree and will sometimes drag their prey back into the tree to eat. They usually feed on the abdomen of the prey first. When the leopard finishes eating the organs and limbs, the leopard will store the leftovers on the fork of a tree with dense covering.",Carnivorous and preys on small mammals.,"Habitat loss, decrease in prey numbers, habitat fragmentation, and poaching.",,Leopard,https://www.zoo.gov.tw/iTAP/03_Animals/RainForest/Leopard/Leopard_Pic01.jpg,Leopard,https://www.zoo.gov.tw/iTAP/03_Animals/RainForest/Leopard/Leopard_Pic02.jpg,Leopard,https://www.zoo.gov.tw/iTAP/03_Animals/RainForest/Leopard/Leopard_Pic03.jpg,Leopard,https://www.zoo.gov.tw/iTAP/03_Animals/RainForest/Leopard/Leopard_Pic04.jpg
10,Malayan Sun Bear,MULTIPOINT ((121.5828868 24.9943343)),Tropical Rainforest Area,Helarctos malayanus,Chordata,Mammalia,Carnivora,Ursidae,Vulnerable (VU),"Myanmar, the Malay Peninsula, Sumatra, and Borneo.",Dense forests in the tropical and subtropical regions.,"1. It is the smallest member of the bear family (Ursidae).
2. It has a short and broad head with round and small ears. Its body is covered in black, glossy fur. There is a white or pale yellow U-shaped patch on its chest.
3. Its four claws are curved inwards like sickles. The soles are furless, which helps it climb trees.
4. Its tongue is between 20 to 25 cm in length. The long tongue helps the sun bear feed on honey and termites with ease.","1. It is nocturnal, does not hibernate, and is a superb tree climber. It usually spends its daytime in a tree nest sun-basking or sleeping. It is most active between 2 to 7 m above the forest floor.
2. It has an excellent sense of smell. In the wild, the sun bear consumes a variety of fruits, including wild durian, rambutan, and figs. It will swallow seeds as well, and the seeds will leave the bear's digestive tract  with its feces far away from the parent plant. This greatly increases the survival rate of the seeds, as it does not need to compete with its parent plant. ","Omnivorous, diet on fruits, small mammals, birds, and invertebrates such as millipedes, worms, beetle larvae, and termites.","Habitat loss, habitat fragmentation, poaching",,SunBear,https://www.zoo.gov.tw/iTAP/03_Animals/RainForest/SunBear/SunBear_Pic01.jpg,Malayan Sun Bear,https://www.zoo.gov.tw/iTAP/03_Animals/RainForest/SunBear/SunBear_Pic02.jpg,Malayan Sun Bear,https://www.zoo.gov.tw/iTAP/03_Animals/RainForest/SunBear/SunBear_Pic03.jpg,Malayan Sun Bear,https://www.zoo.gov.tw/iTAP/03_Animals/RainForest/SunBear/SunBear_Pic04.jpg
11,Malayan Tapir,"MULTIPOINT ((121.5827151 24.9963569), (121.5832408 24.9947719))",Tropical Rainforest Area,Tapirus indicus,Chordata,Mammalia,Perissodactyla,Tapiridae,Endangered (EN),"Throughout Southeast Asia, from southern Myanmar to Thailand, the Malay Peninsula, and Sumatra.","Primary forests, secondary forests, the forest edge, and swamps.","1. The fur on its trunk and rump are white while the rest is black. Its ears are erect with white tips.
2. Newborn Malayan tapirs are dark brown white stripes and spots. This natural camouflage helps them blend in with the scattered sunlight and shade on the rainforest floor. The brown fur and patterning on young tapirs gradually fade away after three months, and they become black and white like the adults.","1. It is a solitary species. Its stubby tail is held erect when urinating. The urine is sprayed in a cone pattern and is a territorial marking behavior.
2. When threatened, it dashes out of the jungle and dives into water where it uses its nose as a snorkel or stays fully submerged for over half a minute until the enemy leaves. If there is no water nearby, then it will sit down and pretend to be a rock to avoid attention.","Omnivorous and eats buds, leaves, fruits, grass and aquatic plants.","Habitat loss, habitat fragmentation, and poaching.
",,Tapir,https://www.zoo.gov.tw/iTAP/03_Animals/RainForest/Tapir/Tapir_Pic01.jpg,Malayan Tapir,https://www.zoo.gov.tw/iTAP/03_Animals/RainForest/Tapir/Tapir_Pic02.jpg,Malayan Tapir,https://www.zoo.gov.tw/iTAP/03_Animals/RainForest/Tapir/Tapir_Pic03.jpg,Malayan Tapir,https://www.zoo.gov.tw/iTAP/03_Animals/RainForest/Tapir/Tapir_Pic04.jpg
12,Black Swan,MULTIPOINT ((121.5840505 24.9940478)),Tropical Rainforest Area,Cygnus atratus,Cygnus atratus,Chordata,Aves,Anseriformes,Anatidae,Least Concern (LC),Southeast and southwest Australia.,Large lakes and shallow lagoons.,"1. It is the only swan with black feathers. However, when it extends its wings, its primary and secondary feathers are all white. Its beak is bright red while its feet are grayish-black.
2. Males are slightly larger than females. A female's pupils and beak are also slightly less vivid - either pink or light pink. Young swans' pupils are grayish-brown in color and their beaks are of a paler shade. ","1. Black swans favor large lakes or shallow lagoons. They are very gregarious and have no fixed territory. They form large breeding flocks and live in groups as well outside the breeding season.
2. They are seasonal breeders. During breeding season, the male and female build a nest together using twigs and leaves on floating plants or the water's edge. Once the eggs are laid, the female incubates them while the male stands guard, or they take shifts.","Entirely herbivorous, mainly on aquatic plants, algae and grass. Most of its food is found in the water, but it will also forage on pastures or water-logged fields.",None ,Swan,https://www.zoo.gov.tw/iTAP/03_Animals/RainForest/Swan/Swan_Pic01.jpg,Black Swan,https://www.zoo.gov.tw/iTAP/03_Animals/RainForest/Swan/Swan_Pic02.jpg,Black Swan,https://www.zoo.gov.tw/iTAP/03_Animals/RainForest/Swan/Swan_Pic03.jpg,Black Swan,https://www.zoo.gov.tw/iTAP/03_Animals/RainForest/Swan/Swan_Pic04.jpg
13,Black-capped squirrel monkey,MULTIPOINT (( 121.5830852 24.9963666)),Tropical Rainforest Area,Saimiri boliviensis,Chordata,Mammalia,Primates,Cebidae,Least Concern (LC),"Bolivia, Peru, and parts of Brazil in South America.","Lives in tropical rainforests, grasslands, farmland, wetlands, and river regions.","1. Its fur is short, dense, and very soft. Its mouth and nose are black and hairless. The area around the eyes, ears, throat, and side of the neck are white. Its head is a deep, grayish-black that is darker than that of the squirrel monkey. Its back is brown, limbs are reddish-brown or yellow, flanks are grayish-white, and its tail tip is black.
2. Its large eyes are placed close together. It has large ears, relatively short thumbs, long tails, and the tail tip is slightly fluffy.
3. Its body measures about 30cm in the length, and weighs around 1,000g. Its tail is about 40cm long.","1. They are diurnal animals that are most active in the trees, but will occasionally come down to the ground.
2. They are social animals. Adult males will fight to establish their social hierarchy during the mating season.
3. They have a variety of calls. Different calls are used for greetings, alerts, mating, attacks, or when in pain.","It is omnivorous and feeds on fruits, strawberries, nuts, flowers, flower buds, seeds, insects, and small vertebrates. It will also drink nectar if other food is unavailable.", ,,Black-capped squirrel monkey,https://www.zoo.gov.tw//iTAP/03_Animals/RainForest/Black-capped%20Squirrel%20Monkey/Black-capped%20Squirrel%20Monkey_1.jpg,Black-capped squirrel monkey,https://www.zoo.gov.tw//iTAP/03_Animals/RainForest/Black-capped%20Squirrel%20Monkey/Black-capped%20Squirrel%20Monkey_2.jpg,Black-capped squirrel monkey,https://www.zoo.gov.tw//iTAP/03_Animals/RainForest/Black-capped%20Squirrel%20Monkey/Black-capped%20Squirrel%20Monkey_3.jpg,Black-capped squirrel monkey,https://www.zoo.gov.tw//iTAP/03_Animals/RainForest/Black-capped%20Squirrel%20Monkey/Black-capped%20Squirrel%20Monkey_3.jpg
14,Brown-headed Spider Monkey,MULTIPOINT ((121.5825773 24.9967113)),Tropical Rainforest Area,Ateles fusciceps,Chordata,Mammalia,Primates,Atelidae,Endangered (EN),"Southern Panama, northern Ecuador, and Colombia.",Lives in rainforests or mountain forests.,"1. It has coarse, dark, black fur and a small, whiskered head. The skin on its face is black. Its thumbs are not dexterous enough for gripping objects because they have degenerated. It has slender limbs that make it well-suited for hanging from trees.
2. The underside of its tip tail has no fur growing. The tail is prehensile with an excellent sense of touch. The monkey can often be seen hanging from branches by one leg and the tail as if it has a fifth hand.","1. Spider monkeys are diurnal, social animals that live in rainforests or mountain forests. They usually move between trees in the forest canopy with great agility.
2. Its mating season is not definite, and females give birth once every two to four years.","It feeds mainly on fruits but will also eat nuts, seeds, flowers and flower buds, leaves, insects, spiders, and bird eggs.", ,,Ateles fusciceps,https://www.zoo.gov.tw/iTAP/03_Animals/RainForest/Ateles fusciceps/Ateles fusciceps_Pic01.jpg,Brown-headed Spider Monkey,https://www.zoo.gov.tw/iTAP/03_Animals/RainForest/Ateles fusciceps/Ateles fusciceps_Pic02.jpg,Brown-headed Spider Monkey,https://www.zoo.gov.tw/iTAP/03_Animals/RainForest/Ateles fusciceps/Ateles fusciceps_Pic03.jpg,Brown-headed Spider Monkey,https://www.zoo.gov.tw/iTAP/03_Animals/RainForest/Ateles fusciceps/Ateles fusciceps_Pic04.jpg
15,Laughing Kookaburra,MULTIPOINT ((121.5827151 24.9963569),Tropical Rainforest Area,Dacelo novaeguineae,Chordata,Aves,Coraciiformes,Bucerotidae,Least Concern (LC),"Mainly in the eastern and southwestern parts of Australia.
","Cold, wet forests with dense or medium foliage.","1. It is the largest member of the kingfisher family (Alcedinidae). The feathers on its head and chest are beige or white, while its wings are brownish-black. A pale blue stripe runs along the outer margin of its wings, and a brown stripe extends from its beak up to the top of its head, or over its eyes to its cheeks. Its beak is boat-shaped. The root of the tail on males is usually blue, though both males and females have red and black stripes on their tails. The tail tip is white.
2. Females are slightly larger than males.","1. It is very territorial and will call at dawn or dusk to assert territory. It may also call to express anxiety or excitement. Its call sounds like a boisterous human laughing.
2. It is a social animal. A group may consist of one to five families. Young birds will stay with their group and help care for their newborn siblings when they grow up.
3. Kookaburras hunt by perching on a high spot and staying motionless. A kookaburra will dive down and snatch its prey with its beak before flying back up to their perch, and banging its prey against a tree trunk to kill it and to soften it. The prey is then swallowed whole, headfirst.","Mainly diet on rodents, lizards, snakes, large insects, and fish.","Habitat loss, and habitat fragmentation.",LaughingKookaburra_LK,Laughing Kookaburra,https://www.zoo.gov.tw/iTAP/03_Animals/RainForest/LaughingKookaburra_LK/LaughingKookaburra01.jpg,Laughing Kookaburra,https://www.zoo.gov.tw/iTAP/03_Animals/RainForest/LaughingKookaburra_LK/LaughingKookaburra02.jpg,Laughing Kookaburra,https://www.zoo.gov.tw/iTAP/03_Animals/RainForest/LaughingKookaburra_LK/LaughingKookaburra02.jpg,Laughing Kookaburra,https://www.zoo.gov.tw/iTAP/03_Animals/RainForest/LaughingKookaburra_LK/LaughingKookaburra02.jpg
16,Geoffroy's Spider Monkey,MULTIPOINT ((121.5827383 24.9967356)),Tropical Rainforest Area,Ateles geoffroyi,Chordata,Mammalia,Primates,Atelidae,Endangered (EN),Central America south of Mexico.,Mainly lives in the canopy of tropical rainforests in South America.,"1. Its arms are slightly longer and stronger than its legs. Its tail can wrap dexterously around tree branches like a fifth hand.
2. Females are often mistaken for males due to their large engorged clitoris.","1. It mainly lives in the forest canopy and generally feeds at dawn.
2. It has a prehensile tail. Its thumb has undergone devolution, but the other fingers are slender and strong. These adaptations allow the animal to swing between branches in the rainforest.","Its diet consists mainly of fruits and nuts. It will also eat leaves, small insects, bird eggs, and honey.", ,AtelesGeoffroyi,Geoffroy's Spider Monkey,https://www.zoo.gov.tw/iTAP/03_Animals/RainForest/AtelesGeoffroyi/AtelesGeoffroyi_Pic01.jpg,Geoffroy's Spider Monkey,https://www.zoo.gov.tw/iTAP/03_Animals/RainForest/AtelesGeoffroyi/AtelesGeoffroyi_Pic02.jpg,https://www.zoo.gov.tw/iTAP/03_Animals/RainForest/AtelesGeoffroyi/AtelesGeoffroyi_Pic01.jpg,https://www.zoo.gov.tw/iTAP/03_Animals/RainForest/AtelesGeoffroyi/AtelesGeoffroyi_Pic03.jpg,https://www.zoo.gov.tw/iTAP/03_Animals/RainForest/AtelesGeoffroyi/AtelesGeoffroyi_Pic01.jpg,https://www.zoo.gov.tw/iTAP/03_Animals/RainForest/AtelesGeoffroyi/AtelesGeoffroyi_Pic04.jpg
17,Capybara,MULTIPOINT ((121.5827115 24.9967356)),Tropical Rainforest Area,Hydrochoerus hydrochaeris,Chordata,Mammalia,Rodentia,Caviidae,Least Concern (LC),Brazil and its neighboring countries in South America.,"Mainly found in the rivers, ponds, and marshes of South America.","1. The capybara is the largest rodent in the world and can weigh up to 70kg.
2. Its front legs are slightly shorter than its rear legs, and its feet are partially webbed.","1. They may look bulky but are actually agile. They can run very fast on land and are quite agile in the water as well.
2. A clan is usually made of 10 to 20 members, led by an alpha male.","It lives mainly on aquatic plants, bark, grass, and fruits.","Although the capybara is frequently hunted for its meat and fur, fortunately, they are fast-breeders and live mostly in protected regions, so the species is currently not threatened.",Capybara,Capybara,https://www.zoo.gov.tw/iTAP/03_Animals/RainForest/Capybara/Capybara_Pic01.jpg,Capybara,https://www.zoo.gov.tw/iTAP/03_Animals/RainForest/Capybara/Capybara_Pic02.jpg,https://www.zoo.gov.tw/iTAP/03_Animals/RainForest/Capybara/Capybara_Pic01.jpg,https://www.zoo.gov.tw/iTAP/03_Animals/RainForest/Capybara/Capybara_Pic03.jpg,https://www.zoo.gov.tw/iTAP/03_Animals/RainForest/Capybara/Capybara_Pic01.jpg,https://www.zoo.gov.tw/iTAP/03_Animals/RainForest/Capybara/Capybara_Pic04.jpg
18,Giant anteater,MULTIPOINT ((121.5824110 24.9967502)),Tropical Rainforest Area,Myrmecophaga tridactyla,Chordata,Mammalia,Pilosa,Myrmecophagidae,Vulnerable (VU),From Honduras in Central America to northern Argentina in South America.,Lives mainly in grasslands or forests.,"1. Its body length measures between 180 to 200 cm and weigh between 30 to 60 kg.
2. It has a slender head with very small eyes and ears. Its snout is shaped like a tube.
3. Its magnificent tail is long and fanned like a broom, with long, stiff hairs that aid help it balance.","1. Though toothless, it has a tongue of more than 60cm long for eating ants and small invertebrates.
2. It uses its tail as a blanket to cover its body when it is sleeping.","It feeds mainly on ants, terminates, and small invertebrates.", ,Giantanteater,Giant anteater,https://www.zoo.gov.tw/iTAP/03_Animals/RainForest/Giantanteater/Giantanteater_Pic01.jpg,Giant anteater,https://www.zoo.gov.tw/iTAP/03_Animals/RainForest/Giantanteater/Giantanteater_Pic02.jpg,https://www.zoo.gov.tw/iTAP/03_Animals/RainForest/Giantanteater/Giantanteater_Pic01.jpg,https://www.zoo.gov.tw/iTAP/03_Animals/RainForest/Giantanteater/Giantanteater_Pic03.jpg,https://www.zoo.gov.tw/iTAP/03_Animals/RainForest/Giantanteater/Giantanteater_Pic01.jpg,https://www.zoo.gov.tw/iTAP/03_Animals/RainForest/Giantanteater/Giantanteater_Pic04.jpg
19,Southern Tamandua,MULTIPOINT ((121.5826846 24.9964779)),Tropical Rainforest Area,Tamandua tetradactyla,Chordata,Mammalia,Pilosa,Myrmecophagidae,Least Concern (LC),Brazil and its neighboring countries in South America.,Lives on the forest floor and understory near rivers.,"1. Coloration varies depending on geographical region and includes pale yellow, brown, or grayish-white. 
2. It has small eyes, large ears, and a very long, probing nose. The tip of the nose has a small opening as wide as a pencil, from which a long tongue emerges to lick up ants.
3. Its prehensile tail acts as a strong fifth hand for climbing.
4. Its body length measures between 30 to 80cm, and the tail is 40 to 70cm long.","1. It prefers to be active at dusk and is an excellent tree-climber.
2. Its thick, strong forelimbs and claws are used to tear open anthills.
3. Its eyesight is weak, so it uses hearing and smell to locate termites, ants, bees, and honey to feed on.
4. It likes to sleep during the day.",It feeds mainly on ants and termites., ,SouthernTamandua,Southern Tamandua,https://www.zoo.gov.tw/iTAP/03_Animals/RainForest/SouthernTamandua/SouthernTamandua_Pic01.jpg,Southern Tamandua,https://www.zoo.gov.tw/iTAP/03_Animals/RainForest/SouthernTamandua/SouthernTamandua_Pic02.jpg,https://www.zoo.gov.tw/iTAP/03_Animals/RainForest/SouthernTamandua/SouthernTamandua_Pic01.jpg,https://www.zoo.gov.tw/iTAP/03_Animals/RainForest/SouthernTamandua/SouthernTamandua_Pic03.jpg,https://www.zoo.gov.tw/iTAP/03_Animals/RainForest/SouthernTamandua/SouthernTamandua_Pic01.jpg,https://www.zoo.gov.tw/iTAP/03_Animals/RainForest/SouthernTamandua/SouthernTamandua_Pic04.jpg
20,White-faced capuchin,MULTIPOINT ((121.5829153 24.9964244)),Tropical Rainforest Area,Cebus capucinus,Chordata,Mammalia,Primates,Cebidae,Least Concern (LC),"Panama in Central America, as well as coastal regions of Colombia and Ecuador in South America.",Lives in forest canopy.,"1. Its face, throat, and chest are white and rest of the body being black. Its body and tail are extra furry.
2. The semi-prehensile tail is usually curled up. (It is semi-prehensile because it can be used for support but not for holding objects)","The white-faced Capuchin is a diurnal tree-dweller. It can adapt to different-type forests, including secondary forests and seaside mangroves.","It is omnivorous and feeds on fruits, berries, nuts, seeds, flowers, flower buds, leaves, bark, insects, spiders, small vertebrates, and bird eggs. Individuals living by the seaside will also eat crabs and shells.", ,CebusCapucinus,White-faced capuchin,https://www.zoo.gov.tw/iTAP/03_Animals/RainForest/CebusCapucinus/CebusCapucinus_Pic01.jpg,White-faced capuchin,https://www.zoo.gov.tw/iTAP/03_Animals/RainForest/CebusCapucinus/CebusCapucinus_Pic02.jpg,https://www.zoo.gov.tw/iTAP/03_Animals/RainForest/CebusCapucinus/CebusCapucinus_Pic01.jpg,https://www.zoo.gov.tw/iTAP/03_Animals/RainForest/CebusCapucinus/CebusCapucinus_Pic03.jpg,https://www.zoo.gov.tw/iTAP/03_Animals/RainForest/CebusCapucinus/CebusCapucinus_Pic01.jpg,https://www.zoo.gov.tw/iTAP/03_Animals/RainForest/CebusCapucinus/CebusCapucinus_Pic04.jpg
21,Brown spider monkey,MULTIPOINT ((121.5828509 24.9966918)),Tropical Rainforest Area,Ateles hybridus,Chordata,Mammalia,Primates,Atelidae,Critically Endangered (CR),Colombia and parts of Venezuela in South America.,Lives in rainforest canopy.,"1. Its body color ranges from pale to dark brown. Most individuals have a white triangle on their foreheads.
2. It has slender limbs and a powerful tail that allow them to move easily through the forest.
3. The thumbs on the forelimbs have degenerated into a bony nub, leaving only four fingers.","Brown spider monkeys are highly social animals. During the day, large clans split into several small groups to search for food.","It feeds mainly on fruits but will also eat leaves, flowers, bark, or termites during the dry season when food is scarce.","The brown spider monkey is one of the species enrolled in the European Association of Zoos and Aquaria Ex-Situ Programme. It is currently classified as Critically Endangered (CR) by the IUCN, and the size of their population in the wild is unknown. Ex-situ (captive) populations worldwide number less than 200 animals, so more conservation organizations need to join its population management program. This will increase the ex-situ population, which will serve as backup for future re-introductions into the wild. ",,Brown spider monkey,https://www.zoo.gov.tw/iTAP/03_Animals/RainForest/AtelesHybridus/AtelesHybridus_Pic01.jpg,Brown spider monkey,https://www.zoo.gov.tw/iTAP/03_Animals/RainForest/AtelesHybridus/AtelesHybridus_Pic02.jpg,https://www.zoo.gov.tw/iTAP/03_Animals/RainForest/AtelesHybridus/AtelesHybridus_Pic01.jpg,https://www.zoo.gov.tw/iTAP/03_Animals/RainForest/AtelesHybridus/AtelesHybridus_Pic03.jpg,https://www.zoo.gov.tw/iTAP/03_Animals/RainForest/AtelesHybridus/AtelesHybridus_Pic01.jpg,https://www.zoo.gov.tw/iTAP/03_Animals/RainForest/AtelesHybridus/AtelesHybridus_Pic04.jpg
22,Crab-eating Mongoose,MULTIPOINT ((121.5834786 24.9953451)),Tropical Rainforest Area,Herpestes urva,Chordata,Mammalia,Carnivora,Herpestidae,Least Concern (LC),"From Nepal to southern and eastern China, Indochina Peninsula, Hainan Island, and Taiwan.",Mountainous forests near rivers between low and middle elevations.,"1. It has a pointed muzzle, a slender body, and a trunk that is slightly larger in the middle. It has distinctive white stripes that run from the sides of its head to its shoulders.
2. Its limbs are short and the toes are webbed. There is a stink gland near its anus that emits a special odor.
3. Its fur is long, coarse and fluffy, making the animal look like it is wearing a straw cape.","1. It is very vigilant and shy, which means it is rarely sighted in the wild. Its droppings are shaped like short rods and contain large amounts of crustacean or insect pieces.
Its droppings are often left near rivers and are easy to find. 
3. It requires environments with high water quality, so it is considered to be an indicator species.
4. It is a superb swimmer and diver, and mainly lives in forests near rivers. Its den can be a rock cave or a hole that it excavated. It is primarily active at dawn or dusk and usually follows a fixed routine. The species is generally solitary, so if two or more individuals are seen together, it is usually a female with her young.","Vertebrates such as rodents, snakes, frogs and fish, as well as invertebrates such as freshwater crabs and shrimps, snails, and large insects. Its diet is mostly crustaceans and insects.","Destruction of river ecosystems, waterway pollution, animal traps, and feral dogs.",Mongoose,Crab-eating Mongoose,https://www.zoo.gov.tw/iTAP/03_Animals/FormosanArea/Mongoose/Mongoose_Pic01.jpg,Crab-eating Mongoose,https://www.zoo.gov.tw/iTAP/03_Animals/FormosanArea/Mongoose/Mongoose_Pic02.jpg,Crab-eating Mongoose,https://www.zoo.gov.tw/iTAP/03_Animals/FormosanArea/Mongoose/Mongoose_Pic03.jpg,Crab-eating Mongoose,https://www.zoo.gov.tw/iTAP/03_Animals/FormosanArea/Mongoose/Mongoose_Pic04.jpg
23,Red-and-blue Lory,MULTIPOINT ((121.5832211 24.9957681)),Tropical Rainforest Area,Eos histrio,Chordata,Aves,Psittaciformes,Psittacidae,Endangered,"The Talaud Islands off northern Sulawesi, Indonesia, inhabiting the canopy.",,"With their bill slightly longer than other parrots, their slim tongue has brush-like tips that help them feed on nectar and pollen.","An endemic species in Indonesia, the male and female look similar in appearance.","Mainly feeding on nectar and pollen, they occasionally eat insects and fruits for supplement. "," 1.Loss of habitats.
2. The demand of pet trade.",,Red-and-blue Lory,httpss://www.zoo.gov.tw/iTAP/03_Animals/PangolinDome/RedAndBlueLory/RedAndBlueLory_1.jpg,Red-and-blue Lory,httpss://www.zoo.gov.tw/iTAP/03_Animals/PangolinDome/RedAndBlueLory/RedAndBlueLory_2.jpg,Red-and-blue Lory,httpss://www.zoo.gov.tw/iTAP/03_Animals/PangolinDome/RedAndBlueLory/RedAndBlueLory_3.jpg,Red-and-blue Lory,httpss://www.zoo.gov.tw/iTAP/03_Animals/PangolinDome/RedAndBlueLory/RedAndBlueLory_4.jpg
24,Yellow-footed Tortoise,MULTIPOINT ((121.5832694 24.9958507)),Tropical Rainforest Area,Chelonoidis denticulata,Chordata,Reptilia,Testudines,Testudinidae,Vulnerable,"Mainly distributed in the Amazon region in South America, tropical savanna, and the rainforest periphery in the Amazon region.",Mostly in the forest areas with higher humidity.,"1.The skin of the head and limbs is black with yellow to orange scales on top and around the eye and ear.
2.An adult male tortoise can reach 50cm in length, while females are slightly smaller, measuring 25 cm.","1.Breeding season coincide with the rainy season, which is from July to September. Though not apparently territorial, rival males battle during courtship and copulation.
2. 4-8 eggs in a clutch, which takes 150-180 days to hatch.","Being omnivorous, they feed on fruits, flowers, grass, carrion, and small invertebrates.", ,,Yellow-footed Tortoise,httpss://www.zoo.gov.tw/iTAP/03_Animals/PangolinDome/0_PangolinDome/YT/Yellow_footedTortoise01.JPG,Yellow-footed Tortoise,httpss://www.zoo.gov.tw/iTAP/03_Animals/PangolinDome/0_PangolinDome/YT/Yellow_footedTortoise02.JPG,Yellow-footed Tortoise,httpss://www.zoo.gov.tw/iTAP/03_Animals/PangolinDome/0_PangolinDome/YT/Yellow_footedTortoise03.JPG,Yellow-footed Tortoise,httpss://www.zoo.gov.tw/iTAP/03_Animals/PangolinDome/0_PangolinDome/YT/Yellow_footedTortoise03.JPG
25,Linnaeus's Two-toed Sloth,MULTIPOINT ((121.5833176 24.9960452)),Tropical Rainforest Area,Choloepus didactylus,Chordata,Mammalia,Pilosa,Megalonychidae,Least Concern ,"Its distribution in South America  ranges from Venezuela and the Guianas, south to Brazil, west to the upstream areas of the Amazon River in Ecuador and Peru.",Tropical forest,"1. They have two curved claws on the fore limbs, three on the hind, which they use to hang from the tree.
2. They have two layers of fur, the underfur is softer, and the overhair rougher. During dry seasons, it is brown. In the rainy seasons, the hair is tinged with green, due to the algae growing on the hair. 
3. They have neither incisors nor real canine teeth. With their hardened lips, they can cut leaves off.
4. They do not hibernate, although their metabolism is really slow.","1.With their limbs and claws, they hang upside down from trees, and inch along by pulling hand-over-hand. They sit on the fork of trees at times, but with their claws hooked on the branch.
2. Being nocturnal, they forage at night and hang curled-up during the day when sleeping.
3. Strong swimmers, they cannot walk or stand. Being placed on the ground, they would try to grasp hold a target with their claws and pull themselves forward.
4. They can defend with their long arms and sharp claws, whipping on the intruder, potentially causing deep cuts. They can also bite with their teeth.","They feed on leaves, sprouts, and fruits. ", ,LTS,Linnaeus's Two-toed Sloth,httpss://www.zoo.gov.tw/iTAP/03_Animals/PangolinDome/0_PangolinDome/LTS/Linnaeus'sTwo_toedSloth01.JPG,Linnaeus's Two-toed Sloth,httpss://www.zoo.gov.tw/iTAP/03_Animals/PangolinDome/0_PangolinDome/LTS/Linnaeus'sTwo_toedSloth02.JPG,Linnaeus's Two-toed Sloth,httpss://www.zoo.gov.tw/iTAP/03_Animals/PangolinDome/0_PangolinDome/LTS/Linnaeus'sTwo_toedSloth03.JPG,Linnaeus's Two-toed Sloth,httpss://www.zoo.gov.tw/iTAP/03_Animals/PangolinDome/0_PangolinDome/LTS/Linnaeus'sTwo_toedSloth03.JPG
26,Cotton-top Tamarin,MULTIPOINT ((121.5832640 24.9958556)),Tropical Rainforest Area,Saguinus oedipus,Chordata,Mammalia,Primates,Callitrichidae,Critically Endangered,"North-western part of Colombia, South America",Tropical forests or secondary forests.,"Bare-faced, with all exposed skin black, They have a shock of white hair on top of their head. Their back and tail are black while the belly is white.","1. The Cotton-top Tamarin is a diurnal species inhabiting tropical forests, open woods, or secondary forests. They are arboreal and they even sleep in the tree at night.
2. They usually appear in groups, with approximately 3-9 individuals in a group.","Being omnivorous, They feed on fruits, sprouts, insects, spiders, bird eggs, and small vertebrates.","1. Habitat destruction.
2. Illegal capture for pet trade.",,Cotton-top Tamarin,httpss://www.zoo.gov.tw/iTAP/03_Animals/PangolinDome/CottonTopTamarin/CottonTopTamarin_1.jpg,Cotton-top Tamarin,httpss://www.zoo.gov.tw/iTAP/03_Animals/PangolinDome/CottonTopTamarin/CottonTopTamarin_2.jpg,Cotton-top Tamarin,httpss://www.zoo.gov.tw/iTAP/03_Animals/PangolinDome/CottonTopTamarin/CottonTopTamarin_2.jpg,Cotton-top Tamarin,httpss://www.zoo.gov.tw/iTAP/03_Animals/PangolinDome/CottonTopTamarin/CottonTopTamarin_2.jpg
27,Azara’s Night Monkey,MULTIPOINT ((121.5833445 24.9959431)),Tropical Rainforest Area,Aotus azarae,Chordata,Mammalia,Primates,Aotidae,Least Concern ,"Peru, Bolivia, and Brazil, South America.",,"1. Azara’s Night Monkeys have large, beautiful eyes. Usually seen at dusk, they have such an out-of-the-world night vision that they can accurately catch a flying insect in the dark forest. 
2. They often leap from trees to trees along the vines, looking for food. They are able to make exceptionally long leaps.","Azara's night monkeys are monogamous species that form nuclear families, with the male remaining present to raise the young. Often seen moving around with their children on their back, they are no doubt a sweet sight to see, showing how close their family members are. ","Being omnivorous, they feed on fruits, insects, vertebrates, and eggs.",,,Azara’s Night Monkey,httpss://www.zoo.gov.tw/iTAP/03_Animals/PangolinDome/AzaraNightMonkey/AzaraNightMonkey_1.jpg,Azara’s Night Monkey,httpss://www.zoo.gov.tw/iTAP/03_Animals/PangolinDome/AzaraNightMonkey/AzaraNightMonkey_2.jpg,Azara’s Night Monkey,httpss://www.zoo.gov.tw/iTAP/03_Animals/PangolinDome/AzaraNightMonkey/AzaraNightMonkey_2.jpg,Azara’s Night Monkey,httpss://www.zoo.gov.tw/iTAP/03_Animals/PangolinDome/AzaraNightMonkey/AzaraNightMonkey_2.jpg
28,Lesser Slow Loris,MULTIPOINT ((121.5833445 24.9959431)),Tropical Rainforest Area,Nycticebus pygmaeus,Chordata,Mammalia,Primates,Lorisidae,Endangered,"Laos, Vietnam, Cambodia, and southern China.", ,"1. Similar to Slow Loris in appearance.
2. Smaller in size, they have a very short tail, hidden beneath the fur. With large eyes and round head, they have a white stripe extending from the nose to the forehead, medium-sized ears, reddish-brown fur on their back, a ventral part that is greyish-white, and limbs tinged with silver-grey coloration.
3. They have a claw on the second toe of each leg, with nails on the rest of the toes. The second digit of their forelimb is shorter than the other ones. Individuals from China have a brown stripe stretching from their nape and tapers down along the spine until it obscures on the waist. The skin of their ears, nose, hand and legs is dark.","1. With the opposable thumbs, their hands and feet have strong grasp, allowing them to stay in the tree for a long period.
2. Individuals in the wild, due to the consumed food, produce a toxic secretion under their arms. They also lick the gland to poison their teeth, so that they can fend themselves when being threatened. Under captive environment, however, the brachial gland is no longer toxic since the consumed food is different.
3. They move very slowly, hence the name.","Being omnivorous, they feed on fruits, insects, bird eggs, and small birds.","Lesser Slow Loris are being caught, traded as pets. Moreover, their habitats have been devastated due to the unsettling political situation and the perturbation of war. Their population decline, therefore, is worrying.",LSL,Lesser Slow Loris,httpss://www.zoo.gov.tw/iTAP/03_Animals/PangolinDome/0_PangolinDome/LSL/LesserSlowLoris01.jpg,Lesser Slow Loris,httpss://www.zoo.gov.tw/iTAP/03_Animals/PangolinDome/0_PangolinDome/LSL/LesserSlowLoris02.jpg,Lesser Slow Loris,httpss://www.zoo.gov.tw/iTAP/03_Animals/PangolinDome/0_PangolinDome/LSL/LesserSlowLoris03.jpg,Lesser Slow Loris,httpss://www.zoo.gov.tw/iTAP/03_Animals/PangolinDome/0_PangolinDome/LSL/LesserSlowLoris04.jpg
29,Fat-tailed Dwarf Lemur,MULTIPOINT ((121.5833445 24.9959431)),Tropical Rainforest Area,Cheirogaleus medius,Chordata,Mammalia,Primates,Cheirogaleidae,Vulnerable,Along the southwest coast of Madagascar,"Dry deciduous forests, or brushwoods.","1. Small mammals, they measure 40-50 cm in length, with the tail reaching 20-27 cm.
2. They weigh between 120-270 grams, depending on the seasons.
3. Their fur is soft and their eyes are lustrous and are surrounded by dark rings.","1. The only known primate to hibernate, they store the energy as fat in their tails, which serves as their energy source during torpor. 
2. The hibernation can last up to 6 months, during which they curl up tightly into a ball shape. Their body temperature vary with the surrounding as they gradually consume the fat, awaiting the next wet season.","They are omnivorous and feed on fruits, seeds, leaves, and insects.",,,Fat-tailed Dwarf Lemur,httpss://www.zoo.gov.tw/iTAP/03_Animals/PangolinDome/FatTailedDwarfLemur/Fat_tailedDwarfLemur_1.jpg,Fat-tailed Dwarf Lemur,httpss://www.zoo.gov.tw/iTAP/03_Animals/PangolinDome/FatTailedDwarfLemur/Fat_tailedDwarfLemur_1.jpg,Fat-tailed Dwarf Lemur,httpss://www.zoo.gov.tw/iTAP/03_Animals/PangolinDome/FatTailedDwarfLemur/Fat_tailedDwarfLemur_1.jpg,Fat-tailed Dwarf Lemur,httpss://www.zoo.gov.tw/iTAP/03_Animals/PangolinDome/FatTailedDwarfLemur/Fat_tailedDwarfLemur_1.jpg
30, Golden Poison Frog ,MULTIPOINT ((121.5832747 24.9958021)),Tropical Rainforest Area,Phyllobates terribilis,Chordata,Amphibia,Anura,Dendrobatidae,Least Concern ,"West part of Colombia, Meso-America","Warm, humid tropical  rainforest","1. They come in diverse colors, mint-green, yellow, orange, at times even white, but yellow and dark yellow individuals are most commonly seen, hence the name.
2. They measure 47 cm in average, with females slightly bigger, about 50-55 cm.","1. Many kinds of Poison-dart frogs lay their spawn in the water-filled base of bromeliad leaves or tree hole. They are often hidden under leaf litter, or even lay eggs there.
2. Colorful small frogs, most poison-dart frog feature their bright color, which serves as a warning coloration to their predators. They are so named because the indigenous people in South America applied their toxin on the tip of darts in their hunt. 
3. Their poison comes from their prey, such as insects and spiders, and through bioaccumulation, the toxin is stored in the glands in their skin, as self-defense mechanism. In captivity, however, individuals are not fed with poisonous food, and the venomity usually disappear in about 6 months.",They feed on insects or spiders.,,, Golden Poison Frog ,https://www.zoo.gov.tw/iTAP/03_Animals/PangolinDome/GoldenPoisonFrog/GoldenPoisonFrog_Pic01.jpg, Golden Poison Frog ,https://www.zoo.gov.tw/iTAP/03_Animals/PangolinDome/GoldenPoisonFrog/GoldenPoisonFrog_Pic02.jpg, Golden Poison Frog ,https://www.zoo.gov.tw/iTAP/03_Animals/PangolinDome/GoldenPoisonFrog/GoldenPoisonFrog_Pic03.jpg, Golden Poison Frog ,https://www.zoo.gov.tw/iTAP/03_Animals/PangolinDome/GoldenPoisonFrog/GoldenPoisonFrog_Pic04.jpg
31,Yellow-banded Poison Dart Frog ,MULTIPOINT ((121.5832747 24.9958021)),Tropical Rainforest Area,Dendrobates leucomelas,Chordata,Amphibia,Anura,Dendrobatidae,Least Concern ,"Meso-America, Brazil, Colombia, southern Venezuela, and the Guianas","Warm, humid tropical  rainforest","1. They are named for their distinctly bright yellow coloration and varying black stripes. The broad black bands break off as they age, gradually into black spots.
2. Their average length is about 30-40 cm.","1. Many kinds of Poison-dart frogs lay their spawn in the water-filled base of bromeliad leaves or tree hole. They are often hidden under leaf litter, or even lay eggs there.
2. Colorful small frogs, most poison-dart frog feature their bright color, which serves as a warning coloration to their predators. They are so named because the indigenous people in South America applied their toxin on the tip of darts in their hunt. 
3. Their poison comes from their prey, such as insects and spiders, and through bioaccumulation, the toxin is stored in the glands in their skin, as self-defense mechanism. In captivity, however, individuals are not fed with poisonous food, and the venomity usually disappear in about 6 months.",They feed on insects or spiders.,,YPF,Yellow-banded Poison Dart Frog ,httpss://www.zoo.gov.tw/iTAP/03_Animals/PangolinDome/0_PangolinDome/Ypf/Yellow-banded Poison Dart Frog01.jpg,Yellow-banded Poison Dart Frog ,httpss://www.zoo.gov.tw/iTAP/03_Animals/PangolinDome/0_PangolinDome/Ypf/Yellow-banded Poison Dart Frog02.jpg,Yellow-banded Poison Dart Frog ,httpss://www.zoo.gov.tw/iTAP/03_Animals/PangolinDome/0_PangolinDome/Ypf/Yellow-banded Poison Dart Frog02.jpg,Yellow-banded Poison Dart Frog ,httpss://www.zoo.gov.tw/iTAP/03_Animals/PangolinDome/0_PangolinDome/Ypf/Yellow-banded Poison Dart Frog02.jpg
32, Black-and-green poison-dart frog ,MULTIPOINT ((121.5832747 24.9958021)),Tropical Rainforest Area,Dendrobates auratus,Chordata,Amphibia,Anura,Dendrobatidae,Least Concern ,"From Panama, Central America, to Colombia","Warm, humid tropical  rainforest","1. They are prominently green or light blue, with black bands or spots on them.
2. They measure averagely about 30-40 cm in length.","1. Many kinds of Poison-dart frogs lay their spawn in the water-filled base of bromeliad leaves or tree hole. They are often hidden under leaf litter, or even lay eggs there.
2. Colorful small frogs, most poison-dart frog feature their bright color, which serves as a warning coloration to their predators. They are so named because the indigenous people in South America applied their toxin on the tip of darts in their hunt. 
3. Their poison comes from their prey, such as insects and spiders, and through bioaccumulation, the toxin is stored in the glands in their skin, as self-defense mechanism. In captivity, however, individuals are not fed with poisonous food, and the venomity usually disappear in about 6 months.",They feed on insects or spiders.,,, Black-and-green poison-dart frog ,https://www.zoo.gov.tw/iTAP/03_Animals/PangolinDome/BlackAndGreenPoisonDartFrog/BlackAndGreenPoisonDartFrog_Pic01.jpg, Black-and-green poison-dart frog ,https://www.zoo.gov.tw/iTAP/03_Animals/PangolinDome/BlackAndGreenPoisonDartFrog/BlackAndGreenPoisonDartFrog_Pic02.jpg, Black-and-green poison-dart frog ,https://www.zoo.gov.tw/iTAP/03_Animals/PangolinDome/BlackAndGreenPoisonDartFrog/BlackAndGreenPoisonDartFrog_Pic03.jpg, Black-and-green poison-dart frog ,https://www.zoo.gov.tw/iTAP/03_Animals/PangolinDome/BlackAndGreenPoisonDartFrog/BlackAndGreenPoisonDartFrog_Pic04.jpg
33,Blue Poison Dart Frog ,MULTIPOINT ((121.5832747 24.9958021)),Tropical Rainforest Area,Dendrobates azureus,Chordata,Amphibia,Anura,Dendrobatidae,Least Concern ,"Southern Suriname, South America","Warm, humid tropical  rainforest","1. Prominently blue, they are covered with black spots.
2. They average approximately 30-40 cm in length.","1. Many kinds of Poison-dart frogs lay their spawn in the water-filled base of bromeliad leaves or tree hole. They are often hidden under leaf litter, or even lay eggs there.
2. Colorful small frogs, most poison-dart frog feature their bright color, which serves as a warning coloration to their predators. They are so named because the indigenous people in South America applied their toxin on the tip of darts in their hunt. 
3. Their poison comes from their prey, such as insects and spiders, and through bioaccumulation, the toxin is stored in the glands in their skin, as self-defense mechanism. In captivity, however, individuals are not fed with poisonous food, and the venomity usually disappear in about 6 months.",They feed on insects or spiders.,,,Blue Poison Dart Frog ,https://www.zoo.gov.tw/iTAP/03_Animals/PangolinDome/BluePoisonDartFrog/BluePoisonDartFrog%20_Pic01.jpg,Blue Poison Dart Frog ,https://www.zoo.gov.tw/iTAP/03_Animals/PangolinDome/BluePoisonDartFrog/BluePoisonDartFrog%20_Pic02.jpg,Blue Poison Dart Frog ,https://www.zoo.gov.tw/iTAP/03_Animals/PangolinDome/BluePoisonDartFrog/BluePoisonDartFrog%20_Pic03.jpg,Blue Poison Dart Frog ,https://www.zoo.gov.tw/iTAP/03_Animals/PangolinDome/BluePoisonDartFrog/BluePoisonDartFrog%20_Pic04.jpg
34,Arapaima,MULTIPOINT ((121.5832050 24.9960014)),Tropical Rainforest Area,Arapaima gigas,Chordata,Actinopterygii,Osteoglossiformes,Arapaimidae,Data Deficient,"The Amazon River regions in Brazil, The Guianas, Peru, South America",,"1. They are the largest fresh-water fish in the Amazon River.
2. They can live up to 60 years old, but aren't mature enough to reproduce until 30 years old.
3. Their scales are uniquely structured and layered so as to fend off piranha attacks.","They breathe with their gill, but have a lung-like swim bladder. They often swim leisurely near the surface, and breathe the air above the water with gulps. When the water is under-oxygenated, they would surface for the air. During dry seasons, they can also survive in the mud.","They are omnivorous and feed more carnivorously on fish, frogs, insects, and birds.",,A01,Arapaima,httpss://www.zoo.gov.tw/iTAP/03_Animals/PangolinDome/0_PangolinDome/A01/Arapaima01.jpg,Arapaima,httpss://www.zoo.gov.tw/iTAP/03_Animals/PangolinDome/0_PangolinDome/A01/Arapaima02.jpg,Arapaima,httpss://www.zoo.gov.tw/iTAP/03_Animals/PangolinDome/0_PangolinDome/A01/Arapaima03.png,Arapaima,httpss://www.zoo.gov.tw/iTAP/03_Animals/PangolinDome/0_PangolinDome/A01/Arapaima03.png
35,Pink Tailed Chalceus,MULTIPOINT ((121.5832479 24.9959334)),Tropical Rainforest Area,Chalceus macrolepidotus,Chordata,Actinopterygii,Characiformes,Serrasalmidae,,The Amazon River region in South America.,The surface layer of the river.,"1. In its prime, a Pink-tailed chalceus is pink, with the dorsal side golden-olive green, and the ventral side silver.
2. They feature their large iridescent scales that taper off toward the underside, especially so on the lateral line. With rather short head, and a protruding upper lip, they can reach 24.5 cm in length.","1. As a predator in the upper layer of the river, they feed on worms, insects and smaller fish.
2. They live in highly oxygenated waters. ",They are carnivorous.,,PTC,Pink Tailed Chalceus,httpss://www.zoo.gov.tw/iTAP/03_Animals/PangolinDome/0_PangolinDome/PTC/PinkTailedChalceus01.jpg,Pink Tailed Chalceus,httpss://www.zoo.gov.tw/iTAP/03_Animals/PangolinDome/0_PangolinDome/PTC/PinkTailedChalceus02.jpg,Pink Tailed Chalceus,httpss://www.zoo.gov.tw/iTAP/03_Animals/PangolinDome/0_PangolinDome/PTC/PinkTailedChalceus03.jpg,Pink Tailed Chalceus,httpss://www.zoo.gov.tw/iTAP/03_Animals/PangolinDome/0_PangolinDome/PTC/PinkTailedChalceus03.jpg
36,Red-bellied pacu,MULTIPOINT ((121.5832479 24.9959334)),Tropical Rainforest Area,Piaractus brachypomus,Chordata,Actinopterygii,Characiformes,Serrasalmidae,,"Amazon River and Orinoco River area, South America",Mid-layer of the river,"Prominently dark, but the ventral part, the chin, and the pectoral fin are red, as well as parts of the pelvic fin.","1. Often mistaken as Piranha, they are actually omnivores that mainly feed on fruits.
2. They crush seeds and nuts with their molariform teeth.
3. During flooding season, they enter the inundated area, where they eat the seeds and help distribute them.","They feed on seeds, crustaceans, and small fishes.",,Rp,Red-bellied pacu,httpss://www.zoo.gov.tw/iTAP/03_Animals/PangolinDome/0_PangolinDome/Rp/Red_beliedpacu01.jpg,Red-bellied pacu,httpss://www.zoo.gov.tw/iTAP/03_Animals/PangolinDome/0_PangolinDome/Rp/Red_beliedpacu02.jpg,Red-bellied pacu,httpss://www.zoo.gov.tw/iTAP/03_Animals/PangolinDome/0_PangolinDome/Rp/Red_beliedpacu02.jpg,Red-bellied pacu,httpss://www.zoo.gov.tw/iTAP/03_Animals/PangolinDome/0_PangolinDome/Rp/Red_beliedpacu02.jpg
37,Silver arowana,MULTIPOINT ((121.5832479 24.9959334)),Tropical Rainforest Area,Osteoglossum bicirrhosum,Chordata,Actinopterygii,Osteoglossiformes,Osteoglossidae,,The Amazon River region in South America,Upper layer of the river.,"1. Band-shaped and the mouth opening downward, they have pouch-like jaw, which closes upward. The male carry the eggs, larvae or early juveniles with it.
2. With a pair of barbels and large eyes, their scales are conspicuously large, edged with powder-pink shades, which fades with age.
3.Their anal fin extends to the caudal fin, with the dorsal fin shorter than the anal fin. They can measure up to 120 cm in length",They can jump out of water surface to capture their prey.,"Fish, shrimps, ad worms",,Sa,Silver arowana,httpss://www.zoo.gov.tw/iTAP/03_Animals/PangolinDome/0_PangolinDome/Sa/Silverarowana01.jpg,Silver arowana,httpss://www.zoo.gov.tw/iTAP/03_Animals/PangolinDome/0_PangolinDome/Sa/Silverarowana02.jpg,Silver arowana,httpss://www.zoo.gov.tw/iTAP/03_Animals/PangolinDome/0_PangolinDome/Sa/Silverarowana02.jpg,Silver arowana,httpss://www.zoo.gov.tw/iTAP/03_Animals/PangolinDome/0_PangolinDome/Sa/Silverarowana02.jpg
38,Jullien's Golden Carp?,MULTIPOINT ((121.5832479 24.9959334)),Tropical Rainforest Area,Probarbus jullieni,Chordata,Actinopterygii,Cypriniformes,Cyprinidae,Critically Endangered,,,They measure up to 1.5 meters and weigh 70 kg.,"They are migratory fish. During dry season, they go upstream for breeding. The alevins then head downstream in the rainy season, into the flooded area, where food abounds.
",They are omnivorous.,"1. They are suffering from over-fishing in recent years.
2. They are also inflicted by water pollution caused by deforestation and industrial development.
3. Their population has been most threatened by the construction of the water dam, which makes it impossible for the fish to swim upstream for breeding.",JGC,Jullien's Golden Carp?,httpss://www.zoo.gov.tw/iTAP/03_Animals/PangolinDome/0_PangolinDome/JGC/Jullien'sGoldenCarp01.png,Jullien's Golden Carp?,httpss://www.zoo.gov.tw/iTAP/03_Animals/PangolinDome/0_PangolinDome/JGC/Jullien'sGoldenCarp02.jpg,Jullien's Golden Carp?,httpss://www.zoo.gov.tw/iTAP/03_Animals/PangolinDome/0_PangolinDome/JGC/Jullien'sGoldenCarp03.jpg,Jullien's Golden Carp?,httpss://www.zoo.gov.tw/iTAP/03_Animals/PangolinDome/0_PangolinDome/JGC/Jullien'sGoldenCarp04.jpg
39,Pearl Stingray,MULTIPOINT ((121.5832479 24.9959334)),Tropical Rainforest Area,Potamotrygon sp,Chordata,Chondrichthyes,Myliobatiformes,Potamotrygonidae,,"Tabajos River, one of the tributaries of Amazon River, South America",Bottom layer of the water,"1.They have a rounded pectoral fin, which connects to their body into a disc shape. The juveniles lighter-colored on their back, and turn dark after they reach 20-30 cm in diameter.
2. The golden patterns on the back resemble donuts or the number ""8"".
3. The posterior is a slender stinging spine, on which there are small dorsal fins and scythe-like caudal fins. Toward halfway or two-third down the tail, there is a barbed sting, with venom gland and venom sac underneath. It is highly poisonous. The barbs are shed 2-3 times a year.","1. Males have a pair of specialized, baculate claspers at the base of their tail, while on females they appear separated and fan-like.
2. They often lie on the silt floor, sometimes dive into the mud. They are carnivorous and feed on small fish, shrimps, crabs, and other demersal invertebrates.","Fish, crustaceans, and insects.",,PS,Pearl Stingray,httpss://www.zoo.gov.tw/iTAP/03_Animals/PangolinDome/0_PangolinDome/PS/PearlStingray01.jpg,Pearl Stingray,httpss://www.zoo.gov.tw/iTAP/03_Animals/PangolinDome/0_PangolinDome/PS/PearlStingray02.jpg,Pearl Stingray,httpss://www.zoo.gov.tw/iTAP/03_Animals/PangolinDome/0_PangolinDome/PS/PearlStingray02.jpg,Pearl Stingray,httpss://www.zoo.gov.tw/iTAP/03_Animals/PangolinDome/0_PangolinDome/PS/PearlStingray02.jpg
40,Threadfin Acara,MULTIPOINT ((121.5832479 24.9959334)),Tropical Rainforest Area,Acarichthys heckelii,Chordata,Actinopterygii,Cichliformes,Cichlidae,,The Amazon River,Bottom layer of the water,"1.Laterally-compressed, they have a relatively pointed snout.
2. Mature individuals have metallic spots on their flanks, and extended rays on their dorsal, anal, and caudal fins. ","Before breeding, they clear up the sand on the substrate, and the eggs are laid on the river bed. They are facultative mouth-brooders.",They are omnivorous.,,TA,Threadfin Acara,httpss://www.zoo.gov.tw/iTAP/03_Animals/PangolinDome/0_PangolinDome/TA/ThreadfinAcara01.png,Threadfin Acara,httpss://www.zoo.gov.tw/iTAP/03_Animals/PangolinDome/0_PangolinDome/TA/ThreadfinAcara01.png,Threadfin Acara,httpss://www.zoo.gov.tw/iTAP/03_Animals/PangolinDome/0_PangolinDome/TA/ThreadfinAcara01.png,Threadfin Acara,httpss://www.zoo.gov.tw/iTAP/03_Animals/PangolinDome/0_PangolinDome/TA/ThreadfinAcara01.png
41,Yellow Peacock Bass,MULTIPOINT ((121.5832479 24.9959334)),Tropical Rainforest Area,Cichla kelberi,Chordata,Actinopterygii,Cichliformes,Cichlidae,,"They originate from the Amazon River, South America.",,"Resembling Largemouth black bass in appearance, they form salient humps on their forehead.
","The rainy season is their breeding season. Due to their discreet nature, they prefer to lay eggs on submerged branches. ",They are carnivorous.,,YPB,Yellow Peacock Bass,httpss://www.zoo.gov.tw/iTAP/03_Animals/PangolinDome/0_PangolinDome/YPB/YellowPeacockBass01.jpg,Yellow Peacock Bass,httpss://www.zoo.gov.tw/iTAP/03_Animals/PangolinDome/0_PangolinDome/YPB/YellowPeacockBass02.jpg,Yellow Peacock Bass,httpss://www.zoo.gov.tw/iTAP/03_Animals/PangolinDome/0_PangolinDome/YPB/YellowPeacockBass03.jpg,Yellow Peacock Bass,httpss://www.zoo.gov.tw/iTAP/03_Animals/PangolinDome/0_PangolinDome/YPB/YellowPeacockBass03.jpg
42,Pearl cichlid,MULTIPOINT ((121.5832479 24.9959334)),Tropical Rainforest Area,Geophagus brasiliensis,Chordata,Actinopterygii,Cichliformes,Cichlidae,,South America,,"1. Their body is elongated, oval shape, laterally-flattened, with a short tail. They have comparatively large head in proportion with the tail. Their eyes are near the upper part of the head.
2. With a pointed mouth on the snout, whose opening doesn't reach their eyes. Their lateral line is seen where the anal fin starts. There are upper and lower lateral lines.
3. Over-all greyish green, they can change their color depending on the environment.","1. As a euryhaline fish, they live mostly in downstream rivers, or littoral lagoons, with their physical traits varying according to the environment.
2. When the fry hatch, the parents keep taking care of the young, but they lack the mouth brooder as the shelter for the young.",They are omnivorous.,,PC,Pearl cichlid,httpss://www.zoo.gov.tw/iTAP/03_Animals/PangolinDome/0_PangolinDome/PC/Pearlcichlid01.jpg,Pearl cichlid,httpss://www.zoo.gov.tw/iTAP/03_Animals/PangolinDome/0_PangolinDome/PC/Pearlcichlid02.jpg,Pearl cichlid,httpss://www.zoo.gov.tw/iTAP/03_Animals/PangolinDome/0_PangolinDome/PC/Pearlcichlid02.jpg,Pearl cichlid,httpss://www.zoo.gov.tw/iTAP/03_Animals/PangolinDome/0_PangolinDome/PC/Pearlcichlid02.jpg
43,Blue-tailed bee-eater,MULTIPOINT ((121.5832479 24.9959334)),Tropical Rainforest Area,Merops philippinus,Chordata,Aves,Coraciiformes,Meropidae,Least Concern ,"Southeast part of China, Hainan Island, Indochina Peninsula, and the Malay Archipelago.","Open forests or forest edge, bamboo forests, and open grass slopes","Prominently verdant green, with a blue tail and marron-adorned throat, the blue-tailed bee-eater appears especially fascinating with their glamorous looks and sonorant calls, decorating the summertime sky of Kinmen. Therefore, they are called the Summer Fairies by the locals.","1. They are renowned summer migratory birds, which migrate to southeast China and Hainan islands to breed around the time of Tomb-sweeping Festival, and head southward in winter.
2. They are excellent at eating flying insects.
3. They roost at night in aggregation. They aggregate toward their night roosting site at dusk. In Kinmen, these sites include Agricultural Research Institute, and the woods near Golden Turtle Mountain and Hosha","They feed on insects such as bees, butterflies, and dragonflies…etc.",,Bb,Blue-tailed bee-eater,httpss://www.zoo.gov.tw/iTAP/03_Animals/PangolinDome/0_PangolinDome/Bb/Blue_tailedbee_eater01.jpg,Blue-tailed bee-eater,httpss://www.zoo.gov.tw/iTAP/03_Animals/PangolinDome/0_PangolinDome/Bb/Blue_tailedbee_eater02.jpg,Blue-tailed bee-eater,httpss://www.zoo.gov.tw/iTAP/03_Animals/PangolinDome/0_PangolinDome/Bb/Blue_tailedbee_eater03.jpg,Blue-tailed bee-eater,httpss://www.zoo.gov.tw/iTAP/03_Animals/PangolinDome/0_PangolinDome/Bb/Blue_tailedbee_eater03.jpg
44,Great Argus,MULTIPOINT ((121.5832479 24.9959334)),Tropical Rainforest Area,Argusianus argus,Chordata,Aves,Galliformes,Phasianidae,Vulnerable,"Malaysia, Sumatra, and Borneo",,"1. Males can reach 200 cm in length, weighing up to 2 kg; females about 75 cm and 1.6 kg of weight.
2. Both male and female have blue skin on their face, while male individuals have an apparent crest.","1. They like to act alone, and usually forage at the bottom of the forest at dawn or dusk. They are territorial too. 
2. To attract females during breeding seasons, the male spread their wings into two fans, displaying the ocelli (eyes) on the secondaries, and dance in front of the female. Hence the name, "" pheasant with a hundred eyes"".
3. They are monogamous birds.","They feed on fruits, seeds, leaf sprouts, and invertebrates, …etc.","Due to damage to the Asian rainforest, where the Great argus inhabit, it is listed as vulnerable by IUCN.",GA,Great Argus,httpss://www.zoo.gov.tw/iTAP/03_Animals/PangolinDome/0_PangolinDome/GA/GreatArgus01.jpg,Great Argus,httpss://www.zoo.gov.tw/iTAP/03_Animals/PangolinDome/0_PangolinDome/GA/GreatArgus01.jpg,Great Argus,httpss://www.zoo.gov.tw/iTAP/03_Animals/PangolinDome/0_PangolinDome/Bb/Blue_tailedbee_eater01.jpg,Great Argus,httpss://www.zoo.gov.tw/iTAP/03_Animals/PangolinDome/0_PangolinDome/Bb/Blue_tailedbee_eater01.jpg
45,Aye-Aye,MULTIPOINT ((121.5832479 24.9959334)),Tropical Rainforest Area,Daubentonia madagascariensis,Chordata,Mammalia,Primates,Lorisidae,Endangered,Parts of Madagascar ,"They live in primary forests, secondary rainforests, deciduous forests, and forest plantation, sometimes in brushwoods or mangroves.","1. An Aye-aye has a long, bushy tail, its body covered with tousled, coarse hair. Adults are dark brown or black,  with sparse white hair. 
2. They are characterized by their yellowish-orange, or sandy brown eyes, surrounded by dark rings, large and triangular-shaped ears, and pinkish, short nose.
3. There is no apparent difference between male and female. Their incisors are large and ever-growing.","1. They are nocturnal, solitary species and spend most time in the canopy. They rub their neck, cheeks and rump regions against the tree to mark their scent.
2. They have the most intriguing method to forage. They tap on the branches or bamboos, producing echo sounds, by which they find out where the grubs are, before gnawing a hole and scooping out the grubs with their elongated middle fingers.","They are omnivorous and feed on leaves, fruits, nectar, and insects.","1. They face extinction due to the rapid loss of natural habitats.
2. They are hunted by the locals for the superstition, which deems them as bad omens or harbingers of evil. ",A,Aye-Aye,https://www.zoo.gov.tw/iTAP/03_Animals/PangolinDome/0_PangolinDome/A/Aye_Aye01.JPG,Aye-Aye,https://www.zoo.gov.tw/iTAP/03_Animals/PangolinDome/0_PangolinDome/A/Aye_Aye02.JPG,Aye-Aye,httpss://www.zoo.gov.tw/iTAP/03_Animals/PangolinDome/0_PangolinDome/A/Aye_Aye03.JPEG,Aye-Aye,httpss://www.zoo.gov.tw/iTAP/03_Animals/PangolinDome/0_PangolinDome/A/Aye_Aye04.JPEG
46,Radiated Tortoise,"MULTIPOINT ((121.5833766 24.9960938),(121.5898494 24.9940697))",Tropical Rainforest Area,Astrochelys radiata,Chordata,Reptilia,Testudines,Testudinidae,Critically Endangered,"Southern Part of Madagascar, Africa.",Dry areas,"1. They are named for the yellow lines radiating from the center of each plate on the carapace. The patterns vary from individual to individual.
2.Hatchlings have yellow spots, instead of radiating lines, on their carapace, and eventually develop radiating lines as they grow.
3.Their carapace can measure up to 40 cm in length. ","8-10 eggs in each clutch, which takes about 3 months to hatch.","As herbivores, they feed on fruits and grass.","1.They are facing extinction due to the rapid loss of natural habitats.
2. They are also being hunted owing to the need of local people for protein.
3. They are being caught and traded out of the demand for pets.",Tortoise-Rad,Radiated Tortoise,https://www.zoo.gov.tw/iTAP/03_Animals/PangolinDome/0_PangolinDome/RT 01/Radiatedtortoise01.JPG,Radiated Tortoise,https://www.zoo.gov.tw/iTAP/03_Animals/PangolinDome/0_PangolinDome/RT 01/Radiatedtortoise02.JPG,Radiated Tortoise,https://www.zoo.gov.tw/iTAP/03_Animals/PangolinDome/0_PangolinDome/RT 01/Radiatedtortoise03.JPG,Radiated Tortoise,https://www.zoo.gov.tw/iTAP/03_Animals/PangolinDome/0_PangolinDome/RT 01/Radiatedtortoise04.JPG
47,Red-footed Tortoise,"MULTIPOINT ((121.5833432 24.9960747),(121.5901453 24.9946356))",Tropical Rainforest Area,Chelonoidis carbonarius,Chordata,Reptilia,Testudines,Testudinidae,Vulnerable,"Northern areas of South America, including Panama, Colombia, Paraguay, Venezuela, Guyana, Brazil, northern Argentina, and a few Caribbean islands.",Mainly from forest periphery to plains. ,"1.They have dark or black carapaces, generally an elongated oval with sides that are nearly parallel, although the sides of males may curve inwards.
2. Their limbs and cheeks show bright, red spots.
3. Limbs are usually cylindrical, with 5 claws on the fore limbs and 4 on the hind, but no visible toes.
","1. They are diurnal.
2. The breeding season for females in the wild is July to September. In captivity, however, they can breed all year round.
3. Their wide range of diet and long-distance migrating behavior make them significant distributors of the seeds of tropical plants.","Being omnivorous, they feed on fruits, flowers, grass, carrion, and small invertebrates.",,Tortoise-Red,Red-footed Tortoise,https://www.zoo.gov.tw/iTAP/03_Animals/PangolinDome/0_PangolinDome/RT/Red_footedTortoise01.JPG,Red-footed Tortoise,https://www.zoo.gov.tw/iTAP/03_Animals/PangolinDome/0_PangolinDome/RT/Red_footedTortoise02.JPG,Red-footed Tortoise,https://www.zoo.gov.tw/iTAP/03_Animals/PangolinDome/0_PangolinDome/RT/Red_footedTortoise03.JPG,Red-footed Tortoise,https://www.zoo.gov.tw/iTAP/03_Animals/PangolinDome/0_PangolinDome/RT/Red_footedTortoise03.JPG
48,White-handed Gibbon,"MULTIPOINT ((121.5831550 24.9945482), (121.5817656 24.9980440))",Tropical Rainforest Area,Hylobates lar,Chordata,Mammalia,Primates,Hylobatidae,Endangered (EN),"Yunnan in China, Myanmar, Indonesia, Malaysia, Thailand, and northern Sumatra.","The dense canopy of tropical rainforests on lowlands or mountain slopes, or tress over 30 meters tall.","1.White-handed gibbons are dichromatic in pelage, from gray to black to brown or  light cream color to light brown. The hairless and black face is surrounded by a ring of short white fur.The fur of hands and feet are both white.
2. Its' long arms reach below the knees when it is standing.","1. The white-handed gibbon lives in family groups consisting of a pair of adults and their offspring. Each family lives within a fixed territory, and they are very territorial. Loud calls are used to assert ownership of territories and drive off intruders.
2. It is an arboreal animal that frequently swings through the trees with its long arms, and can move forward up to 3 m with each swing.
3. Its long arms get in the way when it is walking on the ground, so it will hop sideways with its arms held high. It cannot swim and, so is afraid of water.","Omnivorous, mainly diet  on fruits,  leaves, few insects, eggs, and small invertebrates.","Habitat loss, habitat fragmentation, and poaching.  ",Gibbon,White-handed Gibbon,https://www.zoo.gov.tw/iTAP/03_Animals/RainForest/Gibbon/Gibbon_Pic01.jpg,White-handed Gibbon,https://www.zoo.gov.tw/iTAP/03_Animals/RainForest/Gibbon/Gibbon_Pic02.jpg,White-handed Gibbon,https://www.zoo.gov.tw/iTAP/03_Animals/RainForest/Gibbon/Gibbon_Pic03.jpg,White-handed Gibbon,https://www.zoo.gov.tw/iTAP/03_Animals/RainForest/Gibbon/Gibbon_Pic04.jpg
49,Tomistoma ,"MULTIPOINT ((121.5830280 24.9964828),(121.5837299 24.9957106), (121.589158 24.9927709))",Tropical Rainforest Area,Tomistoma schlegelii,Chordata,Reptilia,Crocodylia,Crocodylidae,Vulnerable (VU),"Forests and wetlands on the Malay Peninsula, Sumatra, and Borneo.","Native to tropical regions such as Indonesia, Malaysia, Sumatra, and Borneo.","A large crocodile species with a long and elongated snout containing 76 to 84 sharp, pointed teeth. The eyes and nostrils are located on the top of the head. It has a streamlined body and a muscular tail. The body is olive-green with faint black stripes across the back. Most juveniles are dark brown.","1. Mature females can grow up to 2.5 to 3 meters in length, while males are about 5 meters long.
2. Sexual maturity is reached at around 20 years of age. In the wild, breeding season coincides with the local wet season, which generally lasts from November to February or April to June each year. Female crocodiles will build nests out of dead leaves, twigs, and pieces of wood at the base of large trees near the water.","Carnivorous. Diet includes birds, mammals, reptiles, fish, insects, and crustaceans.","Threatened by human activities such as hunting, logging, fishing, and the excessive use of aquatic resources. They are often used for making for handicrafts and beads.",Tomistoma-schlegelii,Tomistoma ,https://www.zoo.gov.tw/iTAP/03_Animals/TemperateZoneAnimalArea/Tomistoma-schlegelii/Tomistoma-schlegelii_Pic01.jpg,Tomistoma ,https://www.zoo.gov.tw/iTAP/03_Animals/TemperateZoneAnimalArea/Tomistoma-schlegelii/Tomistoma-schlegelii_Pic02.jpg,Tomistoma ,https://www.zoo.gov.tw/iTAP/03_Animals/TemperateZoneAnimalArea/Tomistoma-schlegelii/Tomistoma-schlegelii_Pic03.jpg,Tomistoma ,https://www.zoo.gov.tw/iTAP/03_Animals/TemperateZoneAnimalArea/Tomistoma-schlegelii/Tomistoma-schlegelii_Pic04.jpg
50,Asian Small-Clawed Otter,"MULTIPOINT ((121.5829850 24.9965557), (121.5837092 24.9955201))",Tropical Rainforest Area,Aonyx cinereus,Chordata,Mammalia,Carnivora,Mustelidae,Vulnerable (VU),"From southern India, the Malay Peninsula, to the coastal regions of southern China,  Sumatra and Borneo.","Freshwater wetlands, lakes, downstream delta floodplains, and mangroves.","1. It is the smallest of all otter species. Its head and trunk are elongated and streamlined, while its limbs and claws are short with webbing between the toes. Its fur is short and dense.
2. Most of its body is covered with dark, brown fur, except for the face and the neck, which are of a pale, cream color. A layer of very fine, soft inner fur keeps its body dry and warm.","1. It is a social animal that lives in groups and communicates vocally.
2. It is active at dawn and dusk. It swims with its ears flat against the head and its forelimbs held close to its belly. Its round nose helps reduce water resistance. It is a master diver and swimmer. It often hunts underwater but must still surface to breathe. Its dexterous forelimbs are used to catch prey or to turn over rocks in search of food.""","Invertebrates, crustaceans, fish and amphibians in the water, as well as aquatic fowls and rodents near the water.","Loss of habitat, waterway pollution,  poaching",Otter-O,Asian Small-Clawed Otter,https://www.zoo.gov.tw/iTAP/03_Animals/TemperateZoneAnimalArea/Otter-O/Otter-O_Pic01.jpg,Asian Small-Clawed Otter,https://www.zoo.gov.tw/iTAP/03_Animals/TemperateZoneAnimalArea/Otter-O/Otter-O_Pic02.jpg,Asian Small-Clawed Otter,https://www.zoo.gov.tw/iTAP/03_Animals/TemperateZoneAnimalArea/Otter-O/Otter-O_Pic03.jpg,Asian Small-Clawed Otter,https://www.zoo.gov.tw/iTAP/03_Animals/TemperateZoneAnimalArea/Otter-O/Otter-O_Pic04.jpg
51,Alpaca,MULTIPOINT ((121.5827215 24.9986011)),Children's Zoo,Vicugna pacos,Chordata,Mammalia,Artiodactyla,Camelidae,Least Concern (LC),"The Andes Mountain range in South America, up to 4,800 meters above sea level, and are kept by people in southern Peru and western Bolivia.",,"Adult males are measured 90 to 100 centimeters tall at the shoulders and 200 centimeters in length, and weigh between 70 to 90 kg. They look like sheep with a long neck.","1. Special hemoglobin in its blood ensures that it gets enough oxygen from the thin air of high mountains.
2. It is a social species. A wild herd is usually led by a male and includes several females and their young. The male llama watches over the group and makes a warning call when it detects danger. Llamas communicate through posture and soft grunts. They are easy to care for in captivity.
3. Llamas may look docile, but they actually have a strong personality. They will puff up their cheeks and spit when in conflict or fight over food. They sidekick with their rear legs if they are startled or when they do not want to be touched.   ",Herbivorous.,,Alpaca,Alpaca,https://www.zoo.gov.tw/iTAP/03_Animals/ChildrenArea/Alpaca/Alpaca_Pic01.jpg,Alpaca,https://www.zoo.gov.tw/iTAP/03_Animals/ChildrenArea/Alpaca/Alpaca_Pic02.jpg,Alpaca,https://www.zoo.gov.tw/iTAP/03_Animals/ChildrenArea/Alpaca/Alpaca_Pic03.jpg,Alpaca,https://www.zoo.gov.tw/iTAP/03_Animals/ChildrenArea/Alpaca/Alpaca_Pic04.jpg
52,South American Coati,MULTIPOINT ((121.5823621 24.9992732)),Children's Zoo,Nasua nasua,Chordata,Mammalia,Carnivora,Procyonidae,Least Concern (LC),"The tropical parts of South America, stretching from Venezuela, Colombia, Ecuador to Uruguay to northern Argentina. They have also been found on mountain ridges below an elevation of 2,500 meters on both the eastern and western sides of the Andes Mountains.",,"1. Its upper body is brown or grey, with a white abdomen. Its slender, brown-black tail is 32 to 69 centimeters long, covered with yellow bands and is used for balancing. Its claws and forelimbs are strong enough for climbing and for digging out food from rotting logs.
2. The coati has a narrow head, and their long, slightly upturned nose is very dexterous.   "," 1. It turns over leaf litter and gravel in search of food. It is a great climber and swimmer, and can also rotate the joints on its limbs and its ankles to climb down from trees head-first.
 2. Females usually stay close to their birthplace, while males move further to other places and form groups of around 30 with unrelated females.
 3. It is a diurnal animal that is mostly arboreal and spends most of its time foraging. It may sometimes damage crops, but otherwise play an important role in pest control. It also helps with the dispersion of certain seeds.
 4. It rubs its neck and lower abdomen against specific locations to leave a scent from its anal glands. The scent is its claim to the territory.","It is omnivorous and feeds mainly on fruits and invertebrates, including palm trees, eggs, beetle larvae, scorpions, centipedes, spiders, ants, termites, lizards, small mammals, and rodents.",,Coati,South American Coati,https://www.zoo.gov.tw/iTAP/03_Animals/ChildrenArea/Coati/Coati_Pic01.jpg,South American Coati,https://www.zoo.gov.tw/iTAP/03_Animals/ChildrenArea/Coati/Coati_Pic02.jpg,South American Coati,https://www.zoo.gov.tw/iTAP/03_Animals/ChildrenArea/Coati/Coati_Pic03.jpg,South American Coati,https://www.zoo.gov.tw/iTAP/03_Animals/ChildrenArea/Coati/Coati_Pic04.jpg
53,Domestic Ass，Donkey,MULTIPOINT ((121.5823366 24.9995479)),Children's Zoo,Equus asinus,Chordata,Mammalia,Perissodactyla,Equidae,Least Concern (LC),"Wild populations are found in southern Sudan, Ethiopia, Somalia and the Arab Peninsula of Africa. Domesticated donkeys can be found worldwide.",,It is physically smaller than a zebra but has a bigger head and longer ears. Its back is usually grey but takes on a red tint in summer. Its belly is white. Some have a dark stripe that runs along the back. Its erect mane is long and thin. Its tail has a tufted tip. The hooves are long and narrow.,"1. Both wild and feral donkeys are diurnal animals. They have a social structure similar to that of horses, with solitary males, reproductive herds, and bachelor or juvenile herds.
 2. Its long and narrow hooves help it balance on uneven, rocky grounds.
 3. Donkeys travel slower, but can drink less frequently than horses. They don't require much water and can continously work in the hot weather, or even when there is not enough food. They are usually cheaper than horses, which is why they continue to be an important animal people use to transport cargo.
 4. Domesticated donkeys naturally guard their young, so they are often trained to protect livestock such as sheep and goats. They will attack enemies without hesitation, even if the threat is a large dog or a human.   ",Herbivorous.,,Donkey,Domestic Ass，Donkey,https://www.zoo.gov.tw/iTAP/03_Animals/ChildrenArea/Donkey/Donkey_Pic01.jpg,Domestic Ass，Donkey,https://www.zoo.gov.tw/iTAP/03_Animals/ChildrenArea/Donkey/Donkey_Pic02.jpg,Domestic Ass，Donkey,https://www.zoo.gov.tw/iTAP/03_Animals/ChildrenArea/Donkey/Donkey_Pic03.jpg,Domestic Ass，Donkey,https://www.zoo.gov.tw/iTAP/03_Animals/ChildrenArea/Donkey/Donkey_Pic04.jpg
54,Pony,MULTIPOINT ((121.5824398 24.999554)),Children's Zoo,Equus pony_mule,Chordata,Mammalia,Perissodactyla,Equidae,Not Evaluated (NE),"Europe, etc.",,"1. Ponies are essentially small horses. It is between 100 to 150 centimeters tall and is less than 86 centimeters when measured from the ground up to the shoulders.
 2. Ponies come in a wide variety of colors. It has an over-sized head, thicker legs, flowing mane as well as a ""forelock"" on its head that look like bangs.   ","Ponies can be temperamental, and might kick or bite their owner or bystanders unless they have been professionally trained. They do not ruminate.",It is herbivorous and eats mainly grass but will also eat tender tree leaves.,,Pony,Pony,https://www.zoo.gov.tw/iTAP/03_Animals/ChildrenArea/Pony/Pony_Pic01.jpg,Pony,https://www.zoo.gov.tw/iTAP/03_Animals/ChildrenArea/Pony/Pony_Pic02.jpg,Pony,https://www.zoo.gov.tw/iTAP/03_Animals/ChildrenArea/Pony/Pony_Pic03.jpg,Pony,https://www.zoo.gov.tw/iTAP/03_Animals/ChildrenArea/Pony/Pony_Pic04.jpg
55,Chinchilla,MULTIPOINT ((121.5824023 24.9992805)),Children's Zoo,Chinchilla laniger,Chordata,Mammalia,Rodentia,Chinchillidae,Endangered (EN),"Between 3,000 and 5,000 meters above sea level in the Andes Mountain range in northern Chile.",,"It sits on its behind and holds food in its paws to eat. Its habitat has very little water, but dew drops on the grass that it consumes is enough for survival. ","1. Chinchilla resembles a squirrel. Around 60 hairs grow from each follicle, so its fur is especially soft. It likes to take sand baths with volcanic ash to remove oil from their sebaceous glands.
2. It usually emerges after sunset from rocky crevices or caves to hop and climb with great agility across the rocky terrain. The chinchilla population has declined drastically due to poaching by humans for their pelts.
3. It is a nocturnal and social but territorial animal that feeds mainly on licorice. Its habitat is usually barren, so it will also eat any plants that it can find. ","It is herbivorous and is fed mixed grains and fruits in captivity but will eat any kind of plant that grows on rocky, barren soil.",,Chinchilla,Chinchilla,https://www.zoo.gov.tw/iTAP/03_Animals/ChildrenArea/Chinchilla/Chinchilla_Pic01.jpg,Chinchilla,https://www.zoo.gov.tw/iTAP/03_Animals/ChildrenArea/Chinchilla/Chinchilla_Pic02.jpg,Chinchilla,https://www.zoo.gov.tw/iTAP/03_Animals/ChildrenArea/Chinchilla/Chinchilla_Pic03.jpg,Chinchilla,https://www.zoo.gov.tw/iTAP/03_Animals/ChildrenArea/Chinchilla/Chinchilla_Pic04.jpg
56,Meerkat,MULTIPOINT ((121.5824023 24.9992805)),Children's Zoo,Suricata suricatta,Chordata,Mammalia,Carnivora,Herpestidae,Least Concern,"The Kalahari Desert of South Africa, Namibia, and southwestern Angola.",,"It’s  measured between 25 to 35 centimeters in length and has a long, slender tail. There are black spots to its eye sockets, making it seem as if the animal is wearing a pair of sunglasses. Its ears are small and round, and can be closed when digging so as to keep sand out of Its ear canals. It uses its long and curved claws for digging tunnels and hunting. ","1. Desert nights are freezing cold, so the first thing a meerkat does in the morning when it wakes up is to use the black parts of its belly to absorb the sun’s heat to warm up its entire body.
2. It lives in groups of around thirty. They dig holes in the ground as their dens and live together in a large tunnel system.
3. If a group of meerkats is outside eating, at least one will be on sentry duty. The meerkat on the lookout will make a warning call when it detects danger.
4. The females and males will split their duties during the breeding season, with the females suckling and the males on guard.   ","It is carnivorous and feeds mainly on arthropods, reptiles, small mammals and eggs.",,,Meerkat,https://www.zoo.gov.tw//iTAP/03_Animals/ChildrenArea/meerkat/meerkat_1.jpg,Meerkat,https://www.zoo.gov.tw//iTAP/03_Animals/ChildrenArea/meerkat/meerkat_2.jpg,Meerkat,https://www.zoo.gov.tw//iTAP/03_Animals/ChildrenArea/meerkat/meerkat_3.jpg,Meerkat,https://www.zoo.gov.tw//iTAP/03_Animals/ChildrenArea/meerkat/meerkat_3.jpg
57,Lanyu pig ,MULTIPOINT ((121.5824023 24.9992805)),Children's Zoo,Sus scrofa domestic,Chordata,Mammalia,Artiodactyla,Suidae,Least Concern (LC),A small-eared pig species originally found in Lanyu. It originated from wild boars domesticated by the Tao people.,,"The Lanyu pig has a square trunk. It is relatively small with thick, short and strong limbs. Its fur is black and glossy. Its ears are small and erect. Bristles grow from its neck to its back. The middle of its back is slightly dented. A mature Lanyu pig weighs on average no more than 80 kilograms. ","It is a kind of domesticated pigs and is soft-tempered compared to wild boars. Its small size means that it could be carried when its human owners are migrating. It is well adapted to humid, subtropical climates.     
","It is omnivorous. In the wild, it feeds mainly on plants such as tender leaves, roots, berries and crops. It also sometimes eats invertebrates such as insects and worms.",,,Lanyu pig ,https://www.zoo.gov.tw//iTAP/03_Animals/ChildrenArea/Lanyupig/Lanyupig01.jpg,Lanyu pig ,https://www.zoo.gov.tw//iTAP/03_Animals/ChildrenArea/Lanyupig/Lanyupig02.jpg,Lanyu pig ,https://www.zoo.gov.tw//iTAP/03_Animals/ChildrenArea/Lanyupig/Lanyupig03.jpg,Lanyu pig ,https://www.zoo.gov.tw//iTAP/03_Animals/ChildrenArea/Lanyupig/Lanyupig03.jpg
58,Raccoon,MULTIPOINT ((121.589132 24.99234)),Children's Zoo,Procyon lotor,Chordata,Mammalia,Carnivora,Procyonidae,Least Concern (LC),"Southern Canada, the United States, and the northern parts of South America.",,"Its fur is greyish-black, and there are 5 to 10 black bands on its tail. It also has black markings that form something that resembles a mask on its face. Its snout is quite sharp. Its toes are unwebbed, and the claws are not retractable. The five digits on each of its forelimbs are separated, and its footprint is similar to that of a human's. Females have four pairs of mammary glands.   "," 1. It usually lives near water sources in dense forests or bushes. It is a nocturnal animal that is good at climbing trees and swimming.
 2. Racoons do not hibernate and are active all-year-round in warmer regions. In colder areas, they will overwinter inside caves and emerge when the weather is warm. Their body temperature remains the same, and their metabolism does not slow down during winter. They rely on their body fat to survive the winter, and their body weight may drop by half by the end of winter.
 3. Racoons have very acute senses of smell and touch. They usually use their forepaws to feel for food in shallow water and then put it in their mouths, hence their reputation for “washing” their food.    ","It is omnivorous and eats crustaceans such as shrimps and crabs, as well as frogs, fish, nuts, seeds, acorns and berries.",,Raccoon,Raccoon,https://www.zoo.gov.tw/iTAP/03_Animals/TemperateZoneAnimalArea/Raccoon/Raccoon_Pic01.jpg,Raccoon,https://www.zoo.gov.tw/iTAP/03_Animals/TemperateZoneAnimalArea/Raccoon/Raccoon_Pic02.jpg,Raccoon,https://www.zoo.gov.tw/iTAP/03_Animals/TemperateZoneAnimalArea/Raccoon/Raccoon_Pic03.jpg,Raccoon,https://www.zoo.gov.tw/iTAP/03_Animals/TemperateZoneAnimalArea/Raccoon/Raccoon_Pic04.jpg
59,Kinkajou,MULTIPOINT ((121.5824023 24.9992805)),Children's Zoo,Potos flavus,Chordata,Mammalia,Carnivora,Procyonidae,Least Concern (LC),From southern Mexico to Brazil. ,Tropical forests,"1. It weighs between 1.84 and 4.6 kilograms. Its body length is 41 to 57 centimeters. Its tail is as long as its body.
2. The kinkajou is related to the racoon but looks more like a monkey. It is one of the few carnivores with a prehensile tail that can act as a fifth hand. It uses its long tail to jump between branches or to hide its young. ","1. Nocturnal animal.
2. Its long tongue is used for licking honey.
3. This adept climber uses its tail, feet and claws to clamber between branches. The naked parts of its body have scent glands that can be rubbed against trees to communicate with others of its kind.   ","It is omnivorous. It is particularly fond of honey and fruit, a trait that is unusual among carnivores.",,,Kinkajou,https://www.zoo.gov.tw/iTAP/03_Animals/AmphibianReptile/0_AmphibianReptile/,Kinkajou,https://www.zoo.gov.tw/iTAP/03_Animals/PangolinDome/Kinkajou/Kinkajou%20_Pic02.jpg,Kinkajou,https://www.zoo.gov.tw/iTAP/03_Animals/PangolinDome/Kinkajou/Kinkajou%20_Pic03.jpg,Kinkajou,https://www.zoo.gov.tw/iTAP/03_Animals/PangolinDome/Kinkajou/Kinkajou%20_Pic04.jpg
60,Taipei Grass Frog,MULTIPOINT ((121.5898494 24.9940697)),Amphibian and Reptile House,Rana taipehensis,Chordata,Amphibia,Anura,Ranidae,Least Concern (LC),"Found inwestern half of Taiwan, eastern India, Nepal, northern Vietnam, and southern China.",Taipei Grass Frog inhabits swamps where emerged plants grow extensively.,"Taipei Grass Frog is small-sized which has a slender body with SVL from 3-5 cm. This species bears golden iris, green body, and white dorsolateral folds. A dark stripe runs along the dorsolateral glandular fold on either side.","Taipei Grass Frogs are nocturnal. The coming of the plum rain season each year marks the start of their breeding season. Male frogs have a tiny mating call. They start with single sound “Chee” and then progress to continuous noise “Chee Chou”, just like the sound of glass being wiped. In fall, Taipei Grass Frogs move out of the water and live onshore; therefore, protecting  the terrestrial buffer zone around ponds plays an important part of the effort to conserve the habitat of this species.",Diet consists mainly of small arthropods.,"Taipei Grass Frog is threaten by the reduction of waters where they inhabit, as well as the pollution of their habitats that caused by conventional agricultural techniques ",Frog-TG,Taipei Grass Frog,https://www.zoo.gov.tw//iTAP/03_Animals/AmphibianReptile\Frog-TG/TaipeiGrassFrog01.jpg,Taipei Grass Frog,https://www.zoo.gov.tw//iTAP/03_Animals/AmphibianReptile\Frog-TG/TaipeiGrassFrog01.jpg,Taipei Grass Frog,https://www.zoo.gov.tw//iTAP/03_Animals/AmphibianReptile\Frog-TG/TaipeiGrassFrog01.jpg,Taipei Grass Frog,https://www.zoo.gov.tw//iTAP/03_Animals/AmphibianReptile\Frog-TG/TaipeiGrassFrog01.jpg
61,Swinhoe's frog,MULTIPOINT ((121.5898494 24.9940697)),Amphibian and Reptile House,Rana swinhoana,Chordata,Amphibia,Anura,Ranidae,Least Concern (LC),Swinhoe’s Frog is endemic to Taiwan. It lives near the rivers and streams in low- and mid- altitude mountains.,Inhabiting aquatic environments such as rivers and streams.,"The body is slender and flattened. The dorsolateral folds are indistinct. The skin is smooth; there are distinctive wart-like bumps on the side of body. The limbs are slender. The finger and toe tips are formed into discs. There is a yellowish-white longitudinal stripe on the upper lip. The dorsum is green or yellowish-brown, occationally speckled with dark brown spots. The ventrum is white.",Swinhoe’s Frog ususally makes mating calls in streams. It makes a chirping noise that is often mistaken for bird calls.,Diet consists mainly of small arthropods.,,Frog-S,Swinhoe's frog,https://www.zoo.gov.tw//iTAP/03_Animals/AmphibianReptile/Frog-S/Swinhoesfrog01.jpg,Swinhoe's frog,https://www.zoo.gov.tw//iTAP/03_Animals/AmphibianReptile/Frog-S/Swinhoesfrog02.jpg,Swinhoe's frog,https://www.zoo.gov.tw//iTAP/03_Animals/AmphibianReptile/Frog-S/Swinhoesfrog03.jpg,Swinhoe's frog,https://www.zoo.gov.tw//iTAP/03_Animals/AmphibianReptile/Frog-S/Swinhoesfrog04.jpg
62,Olive frog ,MULTIPOINT ((121.5898494 24.9940697)),Amphibian and Reptile House,Rana adenopleura,Chordata,Amphibia,Anura,Ranidae,Near Threatened (NT),Taiwan and southern China.,Stillwater ponds and swampy wetlands.,"Olive Frogs have stout body. The body color is brown, with an indistinct mid-dorsal stripe on the center of dorsum.","Olive Frogs are common in urban areas. They can often be found calling in artificial waters in spring and summer. They have a distinct call that sounds like “Ge, Ge, Ge.”",Diet consists mainly of small arthropods.,,Frog-O,Olive frog ,https://www.zoo.gov.tw//iTAP/03_Animals/AmphibianReptile/Frog-O/Olivefrog01.jpg,Olive frog ,https://www.zoo.gov.tw//iTAP/03_Animals/AmphibianReptile/Frog-O/Olivefrog01.jpg,Olive frog ,https://www.zoo.gov.tw//iTAP/03_Animals/AmphibianReptile/Frog-O/Olivefrog01.jpg,Olive frog ,https://www.zoo.gov.tw//iTAP/03_Animals/AmphibianReptile/Frog-O/Olivefrog01.jpg
63,Asian spined toad,MULTIPOINT ((121.5898494 24.9940697)),Amphibian and Reptile House,Bufo melanostictus,Chordata,Amphibia,Anura,Bufonidae,Least Concern (LC),From East Asia to Southeast Asia.,"Extensively distributed in most kinds of environments , from lowlands to low-altitude moutains. Capable of surviving in highly developed urban environments as well.",Asian Spined Toads have coarse skin and can be identified by the black pattern around the eyes and snout.,"Asian Spined Toads are common from plains to low-altitude mountains. Urbanized populations have emerged in recent years. During the breeding season in spring and summer, they can often be found in park ponds and gutters, making  continuous “Croak Croak Croak” calls.",Diet consists mainly of small arthropods.,,Ttoad-AS,Asian spined toad,https://www.zoo.gov.tw//iTAP/03_Animals/AmphibianReptile/Ttoad-AS/Asianspinedtoad01.jpg,Asian spined toad,https://www.zoo.gov.tw//iTAP/03_Animals/AmphibianReptile/Ttoad-AS/Asianspinedtoad01.jpg,Asian spined toad,https://www.zoo.gov.tw//iTAP/03_Animals/AmphibianReptile/Ttoad-AS/Asianspinedtoad01.jpg,Asian spined toad,https://www.zoo.gov.tw//iTAP/03_Animals/AmphibianReptile/Ttoad-AS/Asianspinedtoad01.jpg
64,Yellow pond turtle,MULTIPOINT ((121.5898494 24.9940697)),Amphibian and Reptile House,Mauremys mutica,Chordata,Reptilia,Testudines,Geoemydidae,Endangered,Found throughout East and Southeast Asia.,Inhabiting aquatic environments such as streams and ponds.,"Yellow Pond Turtle has rounded head and egg-shaped  carapace that runs an indistinct central keel. The top of its head is olive colored. There is a wide, yellow longitudinal stripe behind the eyes. The carapace is grayish-brown or yellowish-brown in color. The plastron is a yellow or brown color, with large black spots on the outer margin of each plate. The plastron of males is distinctly concave.",Yellow Pond Turtles generally inhabit waters such as streams or river valleys near hills. They usually bury themselves in the mud under the water with only the head exposed to observe the surroundings. They will only emerge and be in action if the coast is clear.,"Omnivorous. Feed on worms, insects, shrimps, crabs, fish, river snails, as well as plant stems, leaves, and seeds.","Owing to the trade of Asian turtles, wild individuals are at high risk of poaching.",turtle-YP,Yellow pond turtle,https://www.zoo.gov.tw//iTAP/03_Animals/AmphibianReptile/Turtle-YP/Yellowpondturtle01.jpg,Yellow pond turtle,https://www.zoo.gov.tw//iTAP/03_Animals/AmphibianReptile/Turtle-YP/Yellowpondturtle02.jpg,Yellow pond turtle,https://www.zoo.gov.tw//iTAP/03_Animals/AmphibianReptile/Turtle-YP/Yellowpondturtle02.jpg,Yellow pond turtle,https://www.zoo.gov.tw//iTAP/03_Animals/AmphibianReptile/Turtle-YP/Yellowpondturtle02.jpg
65,Chinese Cobra,MULTIPOINT ((121.5898494 24.9940697)),Amphibian and Reptile House,Naja atra,Chordata,Reptilia,Squamata,Elapidae,Vulnerable,"Found in Taiwan, Vietnam, and southern China.",Chinese Cobra inhabits wild or cultivated areas from the lowlands to low-altitudes mountains.,Chinese Cobra has a U-shaped white band on the back of its neck.,"In Taiwan, Chinese Cobras can be found from lowlands to low-altitude mountains. Some populations at once withdraw to the rural regions owing to human activity, but they are now showing signs of adapting to urban life by hiding in abandoned parts of the city. However, as long as there is urban development, Chinese Cobras are forced to flee and scatter. Consequently, the misconception that the snakes are liberated and alien species is usually spreading on the Internet. Cobras play an important role in controlling rodent populations and maintaining ecological balance. Most people shy away from them out of ignorance and fear, but in reality, it is the Chinese Cobras that avoid humans like the plague. ",Chinese Cobras feed mainly on small mammals.,Threatened by habitat exploitation and human attack.,CC,Chinese Cobra,https://www.zoo.gov.tw/iTAP/03_Animals/AmphibianReptile/0_AmphibianReptile/CC/ChineseCobra01.jpg,Chinese Cobra,https://www.zoo.gov.tw/iTAP/03_Animals/AmphibianReptile/0_AmphibianReptile/CC/ChineseCobra02.jpg,Chinese Cobra,https://www.zoo.gov.tw/iTAP/03_Animals/AmphibianReptile/0_AmphibianReptile/CC/ChineseCobra02.jpg,Chinese Cobra,https://www.zoo.gov.tw/iTAP/03_Animals/AmphibianReptile/0_AmphibianReptile/CC/ChineseCobra02.jpg
66,Rhinoceros Iguana,MULTIPOINT ((121.5898494 24.9940697)),Amphibian and Reptile House,Cyclura cornuta,Chordata,Reptilia,Squamata,Iguanidae,Vulnerable,Haiti and the Dominican Republic,Inhabiting reef rocks  around islands.,The Rhinoceros Iguana is heavily built and has a grayish-blue color. Their name is derived from the horn protruding on their forehead that give them a rhino-like appearance.,The Rhinoceros Iguana inhabits the islands in Central America. It has adapted to its environment by developing salt glands that excrete excess salt through its nasal cavity.,"Omnivorous, with a preference for plants.",Wild populations are threatened by poaching.,Iguana-R,Rhinoceros Iguana,https://www.zoo.gov.tw/iTAP/03_Animals/AmphibianReptile/Iguana-R/RhinocerosIguana01.jpg,Rhinoceros Iguana,https://www.zoo.gov.tw/iTAP/03_Animals/AmphibianReptile/Iguana-R/RhinocerosIguana01.jpg,Rhinoceros Iguana,https://www.zoo.gov.tw/iTAP/03_Animals/AmphibianReptile/Iguana-R/RhinocerosIguana01.jpg,Rhinoceros Iguana,https://www.zoo.gov.tw/iTAP/03_Animals/AmphibianReptile/Iguana-R/RhinocerosIguana01.jpg
67,Tokay gecko,MULTIPOINT ((121.5898494 24.9940697)),Amphibian and Reptile House,Gekko gecko,Chordata,Reptilia,Squamata,Gekkonidae,Least Concern (LC),Found throughout Southeast Asia. It is an invasive species in Taiwan.,"Inhabiting forests an is  arboreal, but could also be found on the walls of buildings in urban areas.","The tokay gecko has a broad, large heand. The total length reaches about 25 cm. The body color is brown or bluish-gray. Numerous red spots are scattered over the surface of the body.","Tokay Geckos are widely distributed throughout Southeast Asia.  In early years, this species served as a common ingredient in traditional Chinese medicine. The geckos were sold after being flattened and sun-dried. Individuals in escape have been caught throughout Taiwan. There have been stable populations established in Guishan, Kaohsiung in recent years. Tokay Geckos are quite fierce and bite powerfully. They prey on insects and other reptiles.",Tokay Geckos feed mainly on small arthropods and small reptiles.,An invasive species that threatens the survival of native animals.,Gecko-T,Tokay gecko,https://www.zoo.gov.tw/iTAP/03_Animals/AmphibianReptile/Gecko-T/Tokaygecko01.jpg,Tokay gecko,https://www.zoo.gov.tw/iTAP/03_Animals/AmphibianReptile/Gecko-T/Tokaygecko02.jpg,Tokay gecko,https://www.zoo.gov.tw/iTAP/03_Animals/AmphibianReptile/Gecko-T/Tokaygecko02.jpg,Tokay gecko,https://www.zoo.gov.tw/iTAP/03_Animals/AmphibianReptile/Gecko-T/Tokaygecko02.jpg
68,Tartari sand boa,MULTIPOINT ((121.5898494 24.9940697)),Amphibian and Reptile House,Eryx tataricus,Chordata,Reptilia,Squamata,Boidae,Least Concern (LC),Western Asia.,Inhabiting desert environments.,"The Tartari Sand Boa is quite small with a short, thick body. The labials is well-developed. The eyes are very tiny.",The Tartari Sand Boa has well-developed labials that allows them to slither on the sands at speed. It is a nocturnal species.,Lizards and small mammals.,,Boa_Ts,Tartari sand boa,https://www.zoo.gov.tw/iTAP/03_Animals/AmphibianReptile/Boa_Ts/Tartarisandboa01.jpg,Tartari sand boa,https://www.zoo.gov.tw/iTAP/03_Animals/AmphibianReptile/Boa_Ts/Tartarisandboa02.jpg,Tartari sand boa,https://www.zoo.gov.tw/iTAP/03_Animals/AmphibianReptile/Boa_Ts/Tartarisandboa02.jpg,Tartari sand boa,https://www.zoo.gov.tw/iTAP/03_Animals/AmphibianReptile/Boa_Ts/Tartarisandboa02.jpg
69,Vietnamese Pond Turtle,MULTIPOINT ((121.5898494 24.9940697)),Amphibian and Reptile House,Mauremys annamensis,Chordata,Reptilia,Testudines,Geoemydidae,Critically Endangered (CR),Central Vietnam.,Rivers and lakes at low altitudes.,The body and carapace of the Vietnamese Pond Turtle is dark brown. There are yellow stripes across the face. ,"Vietnamese Pond Turtles have adapted to living in rivers and lakes. They were once widely distributed in Vietnam as they had few natural threats, but for a time were thought to be extinct in the wild due to over-hunting by humans. Although small populations have recently been rediscovered in the wild, they remain under heavy pressure from poaching.",Omnivorous with a preference for plants.,The populations of this species are under serious threat from illegal poaching.,,Vietnamese Pond Turtle,https://www.zoo.gov.tw/iTAP/03_Animals/AmphibianReptile/Turtle-VP/Vietnamese Pond Turtle01.jpg,Vietnamese Pond Turtle,https://www.zoo.gov.tw/iTAP/03_Animals/AmphibianReptile/Turtle-VP/Vietnamese Pond Turtle01.jpg,Vietnamese Pond Turtle,https://www.zoo.gov.tw/iTAP/03_Animals/AmphibianReptile/Turtle-VP/Vietnamese Pond Turtle01.jpg,Vietnamese Pond Turtle,https://www.zoo.gov.tw/iTAP/03_Animals/AmphibianReptile/Turtle-VP/Vietnamese Pond Turtle01.jpg
70,Chinese crocodile lizard,MULTIPOINT ((121.5898494 24.9940697)),Amphibian and Reptile House,Shinisaurus crocodilurus,Chordata,Reptilia,Squamata,Shinisauridae,Endangered,Found in southwestern China amd northern Vietnam in Asia.,Inhabiting aquatic environments such as ponds near rivers and streams.,"The Chinese Crocodile Lizard is a species of lizard. It has a cylindrical body and a flattened tail like the crocodile. They usually measure between 32 to 36 cm long but can grow up to 40 cm. The body color of females tend to be yellowish-brown, while that of males tend to be reddish-brown.","Chinese Crocodile Lizards are diurnal and are most active at dawn and dusk. As a semi-aquatic species, they can dive and stay down the water for a long time to escape predators if threatened. When the water temperature in its original habitat drops below 15.5°C between November and March, they will hibernate in rock crevices or tree holes. Chinese Crocodile Lizards are viviparous, and the gestation period is about 9 months, with 2 to 12 young born each time.","Chinese Crocodile Lizards feed on live amphibians, fish, earthworms, and insects.",Poaching for the need from pet markets is continuing to reduce the number of wild individuals.,Lizard-CC,Chinese crocodile lizard,https://www.zoo.gov.tw/iTAP/03_Animals/AmphibianReptile/Lizard-CC/Lizard-CC_Pic01.jpg,Chinese crocodile lizard,https://www.zoo.gov.tw/iTAP/03_Animals/AmphibianReptile/Lizard-CC/Lizard-CC_Pic02.jpg,Chinese crocodile lizard,https://www.zoo.gov.tw/iTAP/03_Animals/AmphibianReptile/Lizard-CC/Lizard-CC_Pic03.jpg,Chinese crocodile lizard,https://www.zoo.gov.tw/iTAP/03_Animals/AmphibianReptile/Lizard-CC/Lizard-CC_Pic04.jpg
71,Central bearded dragon,MULTIPOINT ((121.5898494 24.9940697)),Amphibian and Reptile House,Pogona vitticeps,Chordata,Reptilia,Squamata,Agamidae,Least Concern (LC),Central-eastern Australia,"Living in deserts, as well as arid grasslands, scrublands, and woodlands.","The central bearded dragon is thick- and flattened bodied. Its head is wide and triangular. The ear openings are distinct. There are large, spiny scales behind the head, on the back of the neck, and on the throat. There are a row of regular conical spines running along the body sides.  The dorsum is yellowish-brown, yellow, or reddish-brown. There are two rows of irregular dark brown markings on the dorsum.",Central bearded dragons are diurnal and terrestrial. They will inflate its head and body to intimidate predators.,Central bearded dragons are omnivorous and feed on insects and leafy plants.,,Dragon-CB,Central bearded dragon,https://www.zoo.gov.tw/iTAP/03_Animals/AmphibianReptile/Dragon-CB/Dragon-CB_Pic01.jpg,Central bearded dragon,https://www.zoo.gov.tw/iTAP/03_Animals/AmphibianReptile/Dragon-CB/Dragon-CB_Pic02.jpg,Central bearded dragon,https://www.zoo.gov.tw/iTAP/03_Animals/AmphibianReptile/Dragon-CB/Dragon-CB_Pic03.jpg,Central bearded dragon,https://www.zoo.gov.tw/iTAP/03_Animals/AmphibianReptile/Dragon-CB/Dragon-CB_Pic04.jpg
72,California king snake,MULTIPOINT ((121.5898494 24.9940697)),Amphibian and Reptile House,Lampropeltis getula californiae,Chordata,Reptilia,Squamata,Colubridae,Least Concern (LC),"The southwestern  parts of North America (Oregon, America), south to the Baja Peninsula in Mexico.","Living in deserts, grasslands, riverbeds, hills, scrublands, forests, wetlands and farmlands.",Total body length 1 to 1.5 m. Slender bodied and smooth scaled. The body colors and patterns vary widely. There are dark bands (black or brown) interlaced with light bands (white or yellow). Some individuals are striped . The ventrum is white and covered with black markings.,"The California King Snake is a member of the genus Lampropeltis. It often preys on venomous snakes in the wild, hence titled as ""King Snake"".","Mammals, reptiles, and amphibians.",,Snake-CK,California king snake,https://www.zoo.gov.tw/iTAP/03_Animals/AmphibianReptile/Snake-CK/Snake-CK_Pic01.jpg,California king snake,https://www.zoo.gov.tw/iTAP/03_Animals/AmphibianReptile/Snake-CK/Snake-CK_Pic02.jpg,California king snake,https://www.zoo.gov.tw/iTAP/03_Animals/AmphibianReptile/Snake-CK/Snake-CK_Pic03.jpg,California king snake,https://www.zoo.gov.tw/iTAP/03_Animals/AmphibianReptile/Snake-CK/Snake-CK_Pic03.jpg
73,Common box turtle,MULTIPOINT ((121.5898494 24.9940697)),Amphibian and Reptile House,Terrapene carolina,Chordata,Reptilia,Testudines,Emydidae,Vulnerable,"The eastern part of North America, from Michigan to eastern Texas, and eastern Mexico.","Living in moist forests, grasslands, ranches, swamps, and alluvial plains.","Relatively small in size. The carapace is highly-domed. The plastron is large, with the pectorals and abdominals linked by a ligament which allows the tortoise to completely close its front and rear openings against predators. The carapace is dark brown, with yellow or orange radiating stripes and spots. The plastron is yellowish-brown in color.",The Common Box Turtle is terrestrial and widely distriduted to various environments in North America. They are euryphagous and feed on a variety of foods. ,"Arthropods, annelids, mollusks, and plants.",Habitat loss and roadkill.,Turtle-CB,Common box turtle,https://www.zoo.gov.tw/iTAP/03_Animals/AmphibianReptile/Turtle-CB/Turtle-CB_Pic01.jpg,Common box turtle,https://www.zoo.gov.tw/iTAP/03_Animals/AmphibianReptile/Turtle-CB/Turtle-CB_Pic01.jpg,Common box turtle,https://www.zoo.gov.tw/iTAP/03_Animals/AmphibianReptile/Turtle-CB/Turtle-CB_Pic01.jpg,Common box turtle,https://www.zoo.gov.tw/iTAP/03_Animals/AmphibianReptile/Turtle-CB/Turtle-CB_Pic01.jpg
74,Central Asian tortoise ,MULTIPOINT ((121.5898494 24.9940697)),Amphibian and Reptile House,Testudo horsfieldi,Chordata,Reptilia,Testudines,Testudinidae,Vulnerable,"Xinjiang, Kazakhstan, Turkmenistan, Pakistan, Iran, and Afghanistan.",Inhabiting arid grasslands with low rainfall and loessal hills at the altitudes between 700 m and 1000 m.,"The body is oval-shaped. The carapace is yellow, with large, black and concentric markings on the scutes. The plastron is khaki with large black markings on the scute. The four limbs are thick with four claws on each foot.",Central Asian Tortoises are the species of the highest latitudes. They hibernate during winter and start breeding in early spring. Males will fight each other during the breeding season by retracting their heads and ramming their opponent with the front edge of their carapace.,"Herbivorous. Central Asian Tortoises feed on  plant stems, succulent leaves, flowers, and fruit.",,Tortoise-CA,Central Asian tortoise ,https://www.zoo.gov.tw/iTAP/03_Animals/AmphibianReptile/Tortoise-CA/Tortoise-CA_Pic01.jpg,Central Asian tortoise ,https://www.zoo.gov.tw/iTAP/03_Animals/AmphibianReptile/Tortoise-CA/Tortoise-CA_Pic01.jpg,Central Asian tortoise ,https://www.zoo.gov.tw/iTAP/03_Animals/AmphibianReptile/Tortoise-CA/Tortoise-CA_Pic01.jpg,Central Asian tortoise ,https://www.zoo.gov.tw/iTAP/03_Animals/AmphibianReptile/Tortoise-CA/Tortoise-CA_Pic01.jpg
75,Rough-scaled plated lizard,MULTIPOINT ((121.5898494 24.9940697)),Amphibian and Reptile House,Gerrhosaurus major,Chordata,Reptilia,Squamata,Gerrhosauridae,Not Evaluated (NE),East Africa and Southeast Africa,Semi-arid grasslands.,"The body is black with yellow spots. The dorsum is usually yellowish-brown while the ventrum is usually dark brown. The lower jaw and throat are yellow or pale yellow. Cylindrical bodied, short-headed, and large eyed. The tail is usually twice as long as the body. Despite its robustness, the legs are smaller than those of iguanas. There are hard scales on the head. A deep groove on each side runs along the entire body. The grooves provide  space for females to carry their eggs or for individuals full of foods to expand their body.","The great plated lizards are diurnal. Although they are considered shy animals, males will sometimes fight over territory. They generally doesn’t bite when frightened. Their preferred survival mechanism is to use the plated tails for defense. When they are preyed upon, the lizards will run for a short distance and then stop still in a sudden; at the same time, they will also raise the tail to confuse the attacker and then squeeze the body into a crevice to escape.",Omnivorous.,,Lizard-SP,Rough-scaled plated lizard,https://www.zoo.gov.tw/iTAP/03_Animals/AmphibianReptile/Lizard-SP/Lizard-SP_Pic01.jpg,Rough-scaled plated lizard,https://www.zoo.gov.tw/iTAP/03_Animals/AmphibianReptile/Lizard-SP/Lizard-SP_Pic02.jpg,Rough-scaled plated lizard,https://www.zoo.gov.tw/iTAP/03_Animals/AmphibianReptile/Lizard-SP/Lizard-SP_Pic03.jpg,Rough-scaled plated lizard,https://www.zoo.gov.tw/iTAP/03_Animals/AmphibianReptile/Lizard-SP/Lizard-SP_Pic04.jpg
76,Indian star tortoise,MULTIPOINT ((121.5898494 24.9940697)),Amphibian and Reptile House,Geochelone elegans,Chordata,Reptilia,Testudines,Testudinidae,Vulnerable,"Found nearby the central and southern parts of India, Sri Lanka, and Pakistan.","Primary habitats include arid grassland, scrublands, or abandoned farmlands. The home ranges are mostly in barren environments formed by the accumulation of dry clods of soil or leaf litter.","The shell is highly-domed, with radiating streaks that form star patterns. The supracaudals are not split. The body color is dark brown, and the spots, and stripes and the ventrum is yellow.  The limbs are club-like.",Indian Star Tortoises are diurnal species that often wander in deserts to search for food. They prefer to inhabit arider environments.,Herbivorous.,"Due to overharvesting and habitat destruction, the wild populations decline sharply.",Tortoise-IS,Indian star tortoise,https://www.zoo.gov.tw/iTAP/03_Animals/AmphibianReptile/Tortoise-IS/Tortoise-IS_Pic01.jpg,Indian star tortoise,https://www.zoo.gov.tw/iTAP/03_Animals/AmphibianReptile/Tortoise-IS/Tortoise-IS_Pic02.jpg,Indian star tortoise,https://www.zoo.gov.tw/iTAP/03_Animals/AmphibianReptile/Tortoise-IS/Tortoise-IS-SP_Pic03.jpg,Indian star tortoise,https://www.zoo.gov.tw/iTAP/03_Animals/AmphibianReptile/Tortoise-IS/Tortoise-IS_Pic04.jpg
77,Hundred-pace Viper(Chinese Moccasin),MULTIPOINT ((121.5898494 24.9940697)),Amphibian and Reptile House,Deinagkistrodon acutus,Chordata,Reptilia,Squamata,Viperidae,Not Evaluated (NE),"Found throughout Asia in Taiwan, Vietnam, and southern China.",Inhabiting the forest floor of low- and mid-altitude mountains and hills. ,"Hundred-Pace Viper is medium/large-sized snake with a thick, stout body. Its body length measures between 0.8 to 1.6 m. It has triangular head with upturned snout which is similar to a dead leaf. There are pit organs between the eyes and the nostrils. There are a row of triangular dark-brown markings on each side of the body. There are large, symmetric scales on the dark-brown head.","Hundred-Pace Vipers are nocturnal or active at dawn and dusk. They are sit-and-wait predators, feeding mainly on frogs, toads, snakes, lizards, birds, and rodents,","Mammals, reptiles, amphibians, and birds.","Taiwanese people usually kill snakes on sight owing to their fear and misunderstanding of venomous snakes, which  poses a threat to wild snakes.",Viper-HP,Hundred-pace Viper(Chinese Moccasin),https://www.zoo.gov.tw/iTAP/03_Animals/AmphibianReptile/Viper-HP/Viper-HP_Pic01.jpg,Hundred-pace Viper(Chinese Moccasin),https://www.zoo.gov.tw/iTAP/03_Animals/AmphibianReptile/Viper-HP/Viper-HP_Pic02.jpg,Hundred-pace Viper(Chinese Moccasin),https://www.zoo.gov.tw/iTAP/03_Animals/AmphibianReptile/Viper-HP/Viper-HP_Pic03.jpg,Hundred-pace Viper(Chinese Moccasin),https://www.zoo.gov.tw/iTAP/03_Animals/AmphibianReptile/Viper-HP/Viper-HP_Pic04.jpg
78,Western hognose snake,MULTIPOINT ((121.5898494 24.9940697)),Amphibian and Reptile House,Heterodon nasicus,Chordata,Reptilia,Squamata,Colubridae,Least Concern (LC),"North America. From southern Canada, through the central US, to northeastern Mexico.","Living in grasslands, scrublands, open forests, farmlands with soft, loose soil, as well as deserts.","Thick- and short-bodied, with pointy snout turning upwards. The body scales are quite coarse and keeled. The dorsum is pale brown, yellowish-brown or reddish-brown. There are three rows of dark brown markings running along the central line and the sides of the body. The ventrum is black and covered with small, earthy yellow spots. Total body length: 40 ~ 90 cm","The Hognose Snake is a terrestrial species that is adept at digging and hiding in the sand. It makes a warning hiss when confronted by predators. If this fails to scare the enemy away, it will turn the belly up and play dead in order that the predator will lose interest.",It is adept at digging to hunt burrowing toads. It will also prey on other reptiles and occasionally small mammals or birds.,,Snake-WH,Western hognose snake,https://www.zoo.gov.tw/iTAP/03_Animals/AmphibianReptile/Snake-WH/Snake-WH_Pic01.jpg,Western hognose snake,https://www.zoo.gov.tw/iTAP/03_Animals/AmphibianReptile/Snake-WH/Snake-WH_Pic01.jpg,Western hognose snake,https://www.zoo.gov.tw/iTAP/03_Animals/AmphibianReptile/Snake-WH/Snake-WH_Pic01.jpg,Western hognose snake,https://www.zoo.gov.tw/iTAP/03_Animals/AmphibianReptile/Snake-WH/Snake-WH_Pic01.jpg
79,Asian forest tortoise,MULTIPOINT ((121.5898494 24.9940697)),Amphibian and Reptile House,Manouria emys,Chordata,Reptilia,Testudines,Testudinidae,Critically Endangered (CR),From Southeast Asia to South Asia.,Living in the forest floor and nearby rivers in tropical monsoon forests and evergreen forests at higher altitudes.,"The largest tortoise in Asia. The carapace is broad and flattened, with the front and rear marginal scutes being saw-toothed. There are large scales on the front of the front legs and the back of the rear legs; those on the rear legs are particularly well-developed and protruding, hence it is also referred to as the “Six-legged Tortoise. The carapace is yellowish-brown or dark brown. The plastron is yellow, with the scute margin being dark brown.","Asian Brown Tortoises are forest-dwelling and good climbers. Due to the lack of sunlight in the forest floor, they build nests out of plant litter for laying eggs during the breeding season, and use the heat generated by fermenting plant litter to incubate the eggs.",Omnivorous with a preference for plants.,,Tortoise-AB,Asian forest tortoise,https://www.zoo.gov.tw/iTAP/03_Animals/AmphibianReptile/Tortoise-AB/Tortoise-AB_Pic01.jpg,Asian forest tortoise,https://www.zoo.gov.tw/iTAP/03_Animals/AmphibianReptile/Tortoise-AB/Tortoise-AB_Pic01.jpg,Asian forest tortoise,https://www.zoo.gov.tw/iTAP/03_Animals/AmphibianReptile/Tortoise-AB/Tortoise-AB_Pic01.jpg,Asian forest tortoise,https://www.zoo.gov.tw/iTAP/03_Animals/AmphibianReptile/Tortoise-AB/Tortoise-AB_Pic01.jpg
80,Aldabra Giant Tortoise,MULTIPOINT ((121.5898494 24.9940697)),Amphibian and Reptile House,Geochelone gigantea,Chordata,Reptilia,Testudines,Testudinidae,Vulnerable,Found in the Aldabra Islands in the Indian Ocean.,"Living in grasslands, scrublands,  coastal mangrove swamps,  and beaches along the coasts.","Aldabra Giant Tortoises are among the largest tortoises in the world. Males are larger than females in size, with the carapace measuring between 90 ~ 130 cm and the body weighing between 230 ~ 300 kg on average. Female tortoises are smaller, with the carapace measuring around 90 cm and body weight reaching 159 kg on average. The body is generally deep grey or black, and the neck is very long . ","Aldabra Giant Tortoises have strong legs that allow them to travel over mountains and valleys in search of food in their original habitats. Their necks can be extended to reach leaves in higher places. During hot weather, they like to spend the entire day in the water.",Herbivorous.,Stable populations now exist in the wild due to conservation efforts. The threat to its survival is decreasing.,Tortoise-AG,Aldabra Giant Tortoise,https://www.zoo.gov.tw/iTAP/03_Animals/AmphibianReptile/Tortoise-AG/Tortoise-AG_Pic01.jpg,Aldabra Giant Tortoise,https://www.zoo.gov.tw/iTAP/03_Animals/AmphibianReptile/Tortoise-AG/Tortoise-AG_Pic02.jpg,Aldabra Giant Tortoise,https://www.zoo.gov.tw/iTAP/03_Animals/AmphibianReptile/Tortoise-AG/Tortoise-AG_Pic03.jpg,Aldabra Giant Tortoise,https://www.zoo.gov.tw/iTAP/03_Animals/AmphibianReptile/Tortoise-AG/Tortoise-AG_Pic04.jpg
81,Common boa constrictor,MULTIPOINT ((121.5898494 24.9940697)),Amphibian and Reptile House,Boa constrictor,Chordata,Reptilia,Squamata,Boidae ,Not Evaluated (NE),"Central and South America, stretching from Mexico and the Letter Antilles to northern Argentina.",Living in moist tropical rainforests and arid grasslands.,"Thick-, muscular-bodied. Broad-, triangular-headed. Small-eyed amd vertical-irised. Smooth- and glossy-scaled. There is a dark brown stripe behind each eye. There are a variety of body patterns and colors. The back of the body is usually pale brown or grayish-red covered with large dark brown or reddish-brown saddle markings. The tail is more dark red.","Common Boa Constrictors have a thick, muscular body. Juveniles are mostly arboreal, while adults spend most of their time on the ground. They are adept at ambushing their prey.",Mammals and birds.,,Boa constrictor,Common boa constrictor,https://www.zoo.gov.tw/iTAP/03_Animals/AmphibianReptile/Boaconstrictor/Boaconstrictor_Pic01.jpg,Common boa constrictor,https://www.zoo.gov.tw/iTAP/03_Animals/AmphibianReptile/Boaconstrictor/Boaconstrictor_Pic01.jpg,Common boa constrictor,https://www.zoo.gov.tw/iTAP/03_Animals/AmphibianReptile/Boaconstrictor/Boaconstrictor_Pic01.jpg,Common boa constrictor,https://www.zoo.gov.tw/iTAP/03_Animals/AmphibianReptile/Boaconstrictor/Boaconstrictor_Pic01.jpg
82,Yellow-margined box turtle,MULTIPOINT ((121.5898494 24.9940697)),Amphibian and Reptile House,Cuora flavomarginata,Chordata,Reptilia,Testudines,Geoemydidae,Endangered,"Found throughout East Asia including southern China, Taiwan, and southern Okinawa in Japan.",Living in the moist forest floors or farmlands around the edge of forest in low-altitude mountains and hills.,"Yellow-Margined Box Turtles have a rounded body form with highly-domed carapace, along the center of which runs a distinct keel. The pectorals and abdominals on the plastron are connected by tendons that allow the shell to be closed up. Olive-colored head, yellow cheeks, with a yellow longitudinal stripe extending from the rear of the eyes to the neck. The carapace is dark brown, while the central keel and the margin are yellow. The plastron is dark brown or black.","Yellow-Margined Box Turtles are diurnal. They generally inhabit forests or bushes that are damp and near water, but rarely spend time in the water. The diet of Yellow-Margined Box Turtles consists mainly of plants and invertebrates. The provenance of its Chinese name “Snake-eating Turtle” is unknown.","Fruit, arthropods, annelids, and mollusks.",Yellow-margined Box Turtles in Taiwan are gravely threatened by the trade of Asian turtles. Wild individuals are at high risk of poaching.,Turtle-YB,Yellow-margined box turtle,https://www.zoo.gov.tw/iTAP/03_Animals/AmphibianReptile/Turtle-YB/Turtle-YB_Pic01.jpg,Yellow-margined box turtle,https://www.zoo.gov.tw/iTAP/03_Animals/AmphibianReptile/Turtle-YB/Turtle-YB_Pic02.jpg,Yellow-margined box turtle,https://www.zoo.gov.tw/iTAP/03_Animals/AmphibianReptile/Turtle-YB/Turtle-YB_Pic03.jpg,Yellow-margined box turtle,https://www.zoo.gov.tw/iTAP/03_Animals/AmphibianReptile/Turtle-YB/Turtle-YB_Pic04.jpg
83,Veiled chameleon,MULTIPOINT ((121.5898494 24.9940697)),Amphibian and Reptile House,Chamaeleo calyptratus,Chordata,Reptilia,Squamata,Chamaeleonidae,Least Concern (LC),Found in the Middle East including Yemen and southwest Saudi Arabia on the Arabian Peninsula.,"Living in humid lowlands, as well as the scrublands and woodlands in the mountains near the coasts.","The veiled chameleon has a flattened body with a helmet-like crest protruding from the top of the head. Males have a higher crest than females. There are prominent sawtooth-like scales raising along the middle line of the back and the abdomen . The body is mainly green, mosaicked with white, yellow, blue, and brown markings.","Veiled chameleons were originally found in Yemen on the southern end of the Arabian Peninsula. It is a common reptile pet, but is also difficult to keep. In Taiwan, a veiled chameleon was first found by a tourist on Cijin beach in 2008. The invasive population became well known in 2013. These seemingly slender and sensitive animals are tough hunters in the wild and pose a serious threat to the survival of native lizards.","Arthropods, small reptiles, and small birds.",An invasive species that threatens the survival of native animals.,Chameleon,Veiled chameleon,https://www.zoo.gov.tw/iTAP/03_Animals/AmphibianReptile/Chameleon/Chameleon_Pic01.jpg,Veiled chameleon,https://www.zoo.gov.tw/iTAP/03_Animals/AmphibianReptile/Chameleon/Chameleon_Pic01.jpg,Veiled chameleon,https://www.zoo.gov.tw/iTAP/03_Animals/AmphibianReptile/Chameleon/Chameleon_Pic01.jpg,Veiled chameleon,https://www.zoo.gov.tw/iTAP/03_Animals/AmphibianReptile/Chameleon/Chameleon_Pic01.jpg
84,Rainbow boa,MULTIPOINT ((121.5898494 24.9940697)),Amphibian and Reptile House,Epicrates cenchria,Chordata,Reptilia,Squamata,Boidae,Not Evaluated (NE),"Central and South America, north from Panama, south to Argentina.","Living in tropical rainforests, arid woodlands and grasslands.","The rainbow boa is mid- to large-sized snake with a thick, muscular body and thin, pointed head that is easily distinguishable from the neck. There are heat-sensing pits on the labials. All of the scales are smooth with a rainbow-like sheen. The back of the body is brown, orange-brown, or orange-red, covered with numerous dark brown circular markings. There are five thin, dark brown stripes on the head.",Rainbow Boas tend to be nocturnal and like all members of the Boidae are viviparous snakes with 10 to 20 young born each time.,"Reptiles, birds, and mammals.",,Boa-R,Rainbow boa,https://www.zoo.gov.tw/iTAP/03_Animals/AmphibianReptile/Boa-R/Boa-R_Pic01.jpg,Rainbow boa,https://www.zoo.gov.tw/iTAP/03_Animals/AmphibianReptile/Boa-R/Boa-R_Pic01.jpg,Rainbow boa,https://www.zoo.gov.tw/iTAP/03_Animals/AmphibianReptile/Boa-R/Boa-R_Pic01.jpg,Rainbow boa,https://www.zoo.gov.tw/iTAP/03_Animals/AmphibianReptile/Boa-R/Boa-R_Pic01.jpg
85,European glass lizard,MULTIPOINT ((121.5898494 24.9940697)),Amphibian and Reptile House,Ophisaurus apodus,Chordata,Reptilia,Squamata,Anguidae,Vulnerable,From the Balkans to the Caspian Sea in Central Asia.,"Dry and rocky hills, farmlands, and woods edge.","The total length is between 0.8 to 1.4 m. Legless lizards have ear openings and eyelids, while snakes do not.","European Glass Lizards are diurnal and avid explorers of their surroundings. They have eyelids that can be closed when resting, which is a key character that distinguishes them from snakes.","European Glass Lizards are carnivorous and feed on arthropods, mollusks, reptiles, birds, eggs, and small mammals.",,,European glass lizard,https://www.zoo.gov.tw/iTAP/03_Animals/AmphibianReptile/lizard-Eg/Europeanglasslizard01.jpg,European glass lizard,https://www.zoo.gov.tw/iTAP/03_Animals/AmphibianReptile/lizard-Eg/Europeanglasslizard02.jpg,European glass lizard,https://www.zoo.gov.tw/iTAP/03_Animals/AmphibianReptile/lizard-Eg/Europeanglasslizard02.jpg,European glass lizard,https://www.zoo.gov.tw/iTAP/03_Animals/AmphibianReptile/lizard-Eg/Europeanglasslizard02.jpg
86, Ball python,MULTIPOINT ((121.5898494 24.9940697)),Amphibian and Reptile House,Python regius,Chordata,Reptilia,Squamata,Pythonidae,Least Concern (LC),"The central and southern parts of Africa, west from Senegal, east to Uganda.","Living in tropical rainforests, scrublands, savannas, and grasslands at low altitudes.","Stout-bodied, small- and slender-headed, and short-tailed. All of the scales are fine, smooth, and glossy. A wide black longitudinal band runs from the snout to the rear of the eyes. The back is black and covered with irregular pale brown markings.",The Ball Python was named after the way it curls its body into a ball with the head hidden inside when disturbed and startled.,Small mammals.,,Python-Bal, Ball python,https://www.zoo.gov.tw/iTAP/03_Animals/AmphibianReptile/Python-Bal/Python-Bal_Pic01.jpg, Ball python,https://www.zoo.gov.tw/iTAP/03_Animals/AmphibianReptile/Python-Bal/Python-Bal_Pic02.jpg, Ball python,https://www.zoo.gov.tw/iTAP/03_Animals/AmphibianReptile/Python-Bal/Python-Bal_Pic03.jpg, Ball python,https://www.zoo.gov.tw/iTAP/03_Animals/AmphibianReptile/Python-Bal/Python-Bal_Pic04.jpg
87, Ocellated skink,MULTIPOINT ((121.5898494 24.9940697)),Amphibian and Reptile House,Chaicides ocellatus,Chordata,Reptilia,Squamata,Scincidae,Near Threatened (NT),"Southern Europe, northern Africa, eastern Africa, and  southwest Asia.","Living in dry, sandy, and rocky environments.","A small to medium-sized lizard. The body is slender and somewhat cylindrical. The limbs are short, all with  five toes. The tail is about half as long as the body. This species is flat-headed, sharp- and flat- snouted, with eyelids. All of the scales are rounded, smooth, and glossy. The dorsum is brown and covered with many black spots. The ventrum is yellowish-white.",Ocellated Skink,"Arthropods, annelids, and mollusks.",,Skink-O, Ocellated skink,https://www.zoo.gov.tw/iTAP/03_Animals/AmphibianReptile/Skink-O/Skink-O_Pic01.jpg, Ocellated skink,https://www.zoo.gov.tw/iTAP/03_Animals/AmphibianReptile/Skink-O/Skink-O_Pic01.jpg, Ocellated skink,https://www.zoo.gov.tw/iTAP/03_Animals/AmphibianReptile/Skink-O/Skink-O_Pic01.jpg, Ocellated skink,https://www.zoo.gov.tw/iTAP/03_Animals/AmphibianReptile/Skink-O/Skink-O_Pic01.jpg
88,Chinese striped-neck turtle,MULTIPOINT ((121.5898494 24.9940697)),Amphibian and Reptile House,Mauremys sinensis,Chordata,Reptilia,Testudines,Geoemydidae,Endangered,"Taiwan, Vietnam, and southern China.","Living in water bodies  on lowlands, such as ponds, swamps and slow-moving rivers.",Medium-sized. The carapace of juveniles have three raised keels while the side keels become indistinct in adults. There are yellow and green stripes alternated on the limbs and the sides of head and neck. The carapace is dark brown or dark olive-green; there are  light brown or orange-brown markings on the scutes. The plastron is yellowish-brown with black spots on each scute.,"Chinese Striped-neck Turtles are the most numerous, most widely distributed, and most common native species of freshwater turtle in Taiwan. They can often be found in rivers.","Plants, fish, and amphibians.",Wild populations are under pressure from hunting.,Turtle-CS,Chinese striped-neck turtle,https://www.zoo.gov.tw/iTAP/03_Animals/AmphibianReptile/Turtle-CS/Turtle-CS_Pic01.jpg,Chinese striped-neck turtle,https://www.zoo.gov.tw/iTAP/03_Animals/AmphibianReptile/Turtle-CS/Turtle-CS_Pic01.jpg,Chinese striped-neck turtle,https://www.zoo.gov.tw/iTAP/03_Animals/AmphibianReptile/Turtle-CS/Turtle-CS_Pic01.jpg,Chinese striped-neck turtle,https://www.zoo.gov.tw/iTAP/03_Animals/AmphibianReptile/Turtle-CS/Turtle-CS_Pic01.jpg
89,Swinhoe’s tree lizard,MULTIPOINT ((121.5898494 24.9940697)),Amphibian and Reptile House,Japalura swinhonis,Chordata,Reptilia,Squamata,Agamidae,Least Concern (LC),Endemic to Taiwan. Invasive populations have  emerged in Japan in recent years.,Living in the edge of the forests at low- and mid-altitudes. It can be found in parks and schools.,"Swinhoe’s Tree Lizard is endemic to Taiwan. It is the largest in size among the congeners in Taiwan. The dorsum is mostly brown. The edge of its mouth cavity is white or milky-white. There are protruding scales along the back of the neck. There are distinct white spots on the lower jaw of males. Male individuals have prominent dorsal crest and dewlap, as well as a distinct yellowish-green longitudinal stripe on each side of the body. Male lizards are highly territorial.",Swinhoe’s Tree Lizards are diurnal. The males are highly territorial. They often inflate their throat and make push-up motions on the trunks to intimidate other individuals.,Invertebrates.,,Lizard-ST,Swinhoe’s tree lizard,https://www.zoo.gov.tw/iTAP/03_Animals/AmphibianReptile/Lizard-ST/Lizard-ST_Pic01.jpg,Monkey-tailed skink,https://www.zoo.gov.tw/iTAP/03_Animals/AmphibianReptile/Skink-M/Skink-M_Pic01.jpg,Monkey-tailed skink,https://www.zoo.gov.tw/iTAP/03_Animals/AmphibianReptile/Skink-M/Skink-M_Pic01.jpg,Monkey-tailed skink,https://www.zoo.gov.tw/iTAP/03_Animals/AmphibianReptile/Skink-M/Skink-M_Pic01.jpg
90,Monkey-tailed skink,MULTIPOINT ((121.5898494 24.9940697)),Amphibian and Reptile House,Corucia zebrata,Chordata,Reptilia,Squamata,Scincidae ,Vulnerable,The tropical rainforests on the Solomon Islands and Bougainville Islands in Oceania.,The forest crown on  islands.,"The Monkey-tailed Skin has a thick, strong body. It  is the largest skink in the world. The head is quite large and has a somewhat triangular shape.It has  blunt snout, powerful jaws, long and sharp claws on the limbs, and a strong and prehensile tail. The body is olive-green or brown with indistinct dark brown markings on the dorsum, while the ventrum is pale greenish-brown.","Monkey-tailed Skinks are nocturnal species that are adept at climbing in tree  crowns in search of food. They are viviparous, with gestation period being 6 to 8 months. 1 to 2 young are born each time.",Herbivorous.,,Skink-M,Monkey-tailed skink,https://www.zoo.gov.tw/iTAP/03_Animals/AmphibianReptile/Skink-M/Skink-M_Pic01.jpg,Burmese python,https://www.zoo.gov.tw/iTAP/03_Animals/AmphibianReptile/Python-Bur/Python-Bur_Pic01.jpg,Burmese python,https://www.zoo.gov.tw/iTAP/03_Animals/AmphibianReptile/Python-Bur/Python-Bur_Pic01.jpg,Burmese python,https://www.zoo.gov.tw/iTAP/03_Animals/AmphibianReptile/Python-Bur/Python-Bur_Pic01.jpg
91,Gila monster,MULTIPOINT ((121.5898494 24.9940697)),Amphibian and Reptile House,Heloderma suspectum,Chordata,Reptilia,Squamata,Helodermatidae,Near Threatened (NT),Found throughout the western parts of North America.,"Inhabiting deserts, as well as arid prairies, scrublands, and woodlands.","The Gila Monster is stout bodied. It has a broad head, blunt snout, and small eyes. Its body is fat and  rounded, and its tail is thick and short. The back and limbs are covered with bead-like scales. The area between the snout and the corner of the mouth as well as the limbs are black. The top of the head, the body, and the tail are pink, orange, or orange-red, covered with irregular dark brown or black markings.","Gila Monsters are diurnal. They are slow-moving and usually hide in rock burrows. They are very cling to the burrows they inhabit. Despite its slow movement, Gila Monsters are ale to bite powerfully. The poison it secretes is not fatal but will cause a lasting burning sensation in the wound.","Arthropods, reptiles, birds, bird eggs, and mammals.",,Gila,Gila monster,https://www.zoo.gov.tw/iTAP/03_Animals/AmphibianReptile/Gila/Gila_Pic01.jpg,Chinese alligator,https://www.zoo.gov.tw/iTAP/03_Animals/AmphibianReptile/Alligator-C/Chinese alligator_Pic01.JPG,Chinese alligator,https://www.zoo.gov.tw/iTAP/03_Animals/AmphibianReptile/Alligator-C/Chinese alligator_Pic01.JPG,Chinese alligator,https://www.zoo.gov.tw/iTAP/03_Animals/AmphibianReptile/Alligator-C/Chinese alligator_Pic01.JPG
92,Chinese Water Dragon,MULTIPOINT ((121.5898494 24.9940697)),Amphibian and Reptile House,Physignathus cocincinus,Chordata,Reptilia,Squamata,Agamidae,Vulnerable,"Found in southern China, Vietnam, Cambodia, and Thailand in Southeast Asia and East Asia. Inhabits broadleaf forests near rivers.",Inhabiting river banks.,"The Asian Water Dragon has a thick, strong body with a long, thin, and flattened tail. A row of spiny scales run along the back from the neck to the tail. The body is olive-green or yellowish-brown. The large scales on the throat and  lower lip are white. There are several dark brown bands on the tail.","Asian Water Dragons are originally found in the southeastern areas of Asia. They live near waters and are adept swimmers and divers. Taiwan is not their natural habitat.The first Asian Water Dragon in Taiwan is recorded in Ankeng, New Taipei City, in 2011. The presence of this invasive species was attributed to intentional releases into the wild. Later, another introduced population was found in Linkou in New Taipei City. Asian Water Dragons are quite large compared to native reptiles and amphibians. Despite being a omnivorous species, they tend to be carnivorous. Therefore, they pose a threat to local species by predation and habitat competition.","Arthropods, annelids, fish, amphibians, reptiles, birds, and plants.",An invasive species that threatens the survival of native animals.,Dragon-GW,Chinese Water Dragon,https://www.zoo.gov.tw/iTAP/03_Animals/AmphibianReptile/Dragon-GW/Dragon-GW_Pic01.jpg,Elongate tortoise,httpss://www.zoo.gov.tw/iTAP/03_Animals/AmphibianReptile/Turtle-F/ElongateTortoise_pic01.jpg,Elongate tortoise,httpss://www.zoo.gov.tw/iTAP/03_Animals/AmphibianReptile/Turtle-F/ElongateTortoise_pic01.jpg,Elongate tortoise,httpss://www.zoo.gov.tw/iTAP/03_Animals/AmphibianReptile/Turtle-F/ElongateTortoise_pic01.jpg
93,Green iguana,MULTIPOINT ((121.5898494 24.9940697)),Amphibian and Reptile House,Iguana iguana,Chordata,Reptilia,Squamata,Iguanidae,Least Concern (LC),Central and South America. From Mexico in Central America through to Paraguay in South America and the West Indies.,Living in tropical rainforests nearby rivers.,"The Green Iguana has thick, strong body with a long, thin, and flattened tail. There is a large round scale on each side of the lower jaw. The ear openings are  distinct. The dewlap is retractable. A row of comb-like toothed scales extend from the back of the neck down to the tail. The limbs are strong and powerful. The whole body color is green, with several pale black horizontal stripes on the sides and the tail.","Green Iguanas were originally found in Central and South America. These slender animals can move swiftly. Juveniles are omnivorous while adults are herbivorous. After captive-bred green iguanas were allowed to be imported into Taiwan in 2001, excessive import caused some individuals to be dumped in the wild where invasive populations were soon established. In 2014, this species was removed from the Wildlife Conservation Act. They have now been designated as a non-native terrestrial wild animal harmful to the ecology and environment.",Juveniles are omnivorous while adults are herbivorous,An invasive species that threatens the survival of native animals.,Iguana,Green iguana,https://www.zoo.gov.tw/iTAP/03_Animals/AmphibianReptile/Iguana-R/RhinocerosIguana01.jpg,Water scorpion,https://www.zoo.gov.tw/iTAP/03_Animals/InsectHouse/0_InsectHouse/Ws/Waterscorpion.jpg,Water scorpion,https://www.zoo.gov.tw/iTAP/03_Animals/InsectHouse/0_InsectHouse/Ws/Waterscorpion.jpg,Water scorpion,https://www.zoo.gov.tw/iTAP/03_Animals/InsectHouse/0_InsectHouse/Ws/Waterscorpion.jpg
94, Emerald green treefrog,MULTIPOINT ((121.5898494 24.9940697)),Amphibian and Reptile House,Rhacophorus prasinatus,Chordata,Reptilia,Anura,Rhacophoridae,Near Threatened (NT),"Emerald Green Tree Frog is endemic to Taiwan. Found in Taipei, Yilan, and Taoyuan.","Living in broadleaf forests, orchards, tea plantations, bamboo groves, and other cultivated land in low-altitude mountains.",Emerald Green Tree Frog has slender body. It bear prominent supratympanic folds. The dorsum skin is covered with granules. The discs are well-developed on the finger and toe tips. The iris and  supratympanic folds are golden. The body is emerald-green or yellowish-green. A white stripe runs along each side of the body from the snout to the thigh. There are dark spots on each side of the body and on hindlimbs. The ventrum is white.,"Emerald Green Tree Frogs are nocturnal. It is shown that they are adapting to environments subject to human disturbance in recent years. During the breeding season, they can be found often in cultivated lands such as orchards and vegetable farms; they will also use the farmers’ water barrels to make foam nests.",Diet consists mainly of small arthropods.,,Frog-ET, Emerald green treefrog,https://www.zoo.gov.tw/iTAP/03_Animals/AmphibianReptile/Frog-ET/Frog-ET_Pic01.jpg,Chinese Red-Headed Centipede ,https://www.zoo.gov.tw/iTAP/03_Animals/InsectHouse/0_InsectHouse/CRHC/ChineseRed_HeadedCentipede.jpg,Chinese Red-Headed Centipede ,https://www.zoo.gov.tw/iTAP/03_Animals/InsectHouse/0_InsectHouse/CRHC/ChineseRed_HeadedCentipede.jpg,Chinese Red-Headed Centipede ,https://www.zoo.gov.tw/iTAP/03_Animals/InsectHouse/0_InsectHouse/CRHC/ChineseRed_HeadedCentipede.jpg
95,Taiwan beauty snake,MULTIPOINT ((121.5898494 24.9940697)),Amphibian and Reptile House,Elaphe taeniura friesei,Chordata,Reptilia,Squamata,Colubridae,Near Threatened (NT),Endemic subspecies to Taiwan.,"Living in the forest floor, bush, grassland, and farmland of lowlands as well as low- and mid-altitude mountains.","Taiwan Beauty Snake has a thick, long and strong body and a slender tail. There is a black longitudinal stripe behind the eye. The body is a yellowish-brown or olive-brown colored. Four rows of black diamond markings run from the neck to the middle-section of  the back before converging into a dark-brown longitudinal stripe that continues to the tip of the tail. ; there are two yellow longitudinal stripes at the rear section. The ventrum is yellowish-white or grayish-white.","Taiwan Beauty Snakes are diurnal and oviparous. They usually appear in forests, grassland, farmland, or near houses. This species is active during day and night. They have a tame and placid temperament.","Taiwan Beauty Snakes feed on a variety of foods including frogs, birds, small mammals, and bird eggs.",,Snake-TB,Taiwan beauty snake,https://www.zoo.gov.tw/iTAP/03_Animals/AmphibianReptile/Snake-TB/Snake-TB_Pic01.jpg,Emperor Scorpion ,https://www.zoo.gov.tw/iTAP/03_Animals/InsectHouse/0_InsectHouse/ES/EmperorScorpion.jpg,Emperor Scorpion ,https://www.zoo.gov.tw/iTAP/03_Animals/InsectHouse/0_InsectHouse/ES/EmperorScorpion.jpg,Emperor Scorpion ,https://www.zoo.gov.tw/iTAP/03_Animals/InsectHouse/0_InsectHouse/ES/EmperorScorpion.jpg
96,Burmese python,MULTIPOINT ((121.5898494 24.9940697)),Amphibian and Reptile House,Python bivittatus,Chordata,Reptilia,Squamata,Pythonidae,Vulnerable,"Found in Kinmen islands, Southeast Asia and southern China. An invasive species in the southern US where it imposes great impact on the local ecology.","The Burmese Python is mainly found in woodlands including mangroves and rainforests. It may also be found in grasslands, swamps, streams, and ponds.","The Burmese Python has a stout body, with a slender, triangular head. The entire body is covered with smooth, polished scales. The tail is short. There is an arrow-shaped dark brown pattern on the top of the head. The dorsum are yellowish-brown or grayish-brown and covered in large, irregular dark-brown saddle markings. There is a row of smaller dark-brown spots on each side of the body. The ventrum is white.","Burmese Python is a nocturnal species. In Kinmen islands, they often inhabit areas free of human disturbance such as abandoned bunkers. Early in 1950, there has been a record of Burmese Python in Kinmen. Burmese Pythons are able swimmers so they can move and spread between neighboring islands.","Reptiles, birds, and mammals.", Habitat loss and the pressure from the hunting for the leather trade.,Python-Bur,Burmese python,https://www.zoo.gov.tw/iTAP/03_Animals/AmphibianReptile/Python-Bur/Python-Bur_Pic01.jpg,Mexican Red Knee Tarantula ,httpss://www.zoo.gov.tw/iTAP/03_Animals/InsectHouse/0_InsectHouse/MRKT/MexicanRedKneeTarantula01.png,Mexican Red Knee Tarantula ,httpss://www.zoo.gov.tw/iTAP/03_Animals/InsectHouse/0_InsectHouse/MRKT/MexicanRedKneeTarantula01.png,Mexican Red Knee Tarantula ,httpss://www.zoo.gov.tw/iTAP/03_Animals/InsectHouse/0_InsectHouse/MRKT/MexicanRedKneeTarantula01.png
97,Burmese star tortoise,MULTIPOINT ((121.5898494 24.9940697)),Amphibian and Reptile House,Geochelone platynota,Chordata,Reptilia,Testudines,Testudinidae,Critically Endangered (CR),"Only found in central Myanmar, South Asia.","Arid grasslands, scrublands, and woodlands.",The carapace of the Burmese star tortoise is radiated- patterned in white color . The plastron of adults measures between 22 ~ 30 cm. Females are generally larger than males. ,"Burmese star tortoises are most active at dawn and in the afternoon. The  monsoon comes to the arid regions of central Myanmar, the original habitat of burmese star tortoises, between June and September. The Burmese Star Tortoises become more active and start mating during this time. The females lay eggs between September and February during the cooler dry season. The hatchlings emerge when the monsoon return the following year. The herbaceous plants growing in profusion during the wet season provide plenty of foods for their development.",Herbivorous.,Under the threat of being poached for the pet trade.,Tortoise-BS,Burmese star tortoise,https://www.zoo.gov.tw/iTAP/03_Animals/AmphibianReptile/Tortoise-BS/Tortoise-BS_Pic01.jpg,Dragonfly Nymphs Aeshnidae,https://www.zoo.gov.tw/iTAP/03_Animals/InsectHouse/0_InsectHouse/DNA/DragonflyNymphsAeshnidae.jpg,Dragonfly Nymphs Aeshnidae,https://www.zoo.gov.tw/iTAP/03_Animals/InsectHouse/0_InsectHouse/DNA/DragonflyNymphsAeshnidae.jpg,Dragonfly Nymphs Aeshnidae,https://www.zoo.gov.tw/iTAP/03_Animals/InsectHouse/0_InsectHouse/DNA/DragonflyNymphsAeshnidae.jpg
98,Pig-nosed turtle,MULTIPOINT ((121.5898494 24.9940697)),Amphibian and Reptile House,Carettochelys insculpta,Chordata,Reptilia,Testudines,Carettochelyidae,Endangered,"Southern Papua New Guinea and northern Australia. Living in forest wetlands with sandy substratum,  such as swamps, rivers, streams, lakes, estuaries, and lagoons.",Inhabiting the river basins near estuaries.,"The Pig-nosed Turtle has a flattened body, short head, and large, bulging eyes. The snout is tubular like those of a pig. The carapace has no scutes and is covered with soft skin. The oar-shaped limbs have well-developed webs with claws.  The head and carapace are grayish-green or olive-green. The plastron is white or grayish-white.",The Pig-nosed Turtle is a complete aquatic freshwater species that only comes onshore to lay eggs in the sand.,"Plants, fish, mollusks and arthropods",Wild populations are extensively hunted for the pet trade.,Turtle-P,Pig-nosed turtle,https://www.zoo.gov.tw/iTAP/03_Animals/AmphibianReptile/Turtle-P/Turtle-P_Pic01.jpg,Diving beetle,https://www.zoo.gov.tw/iTAP/03_Animals/InsectHouse/0_InsectHouse/DB/Divingbeetle01.png,Diving beetle,https://www.zoo.gov.tw/iTAP/03_Animals/InsectHouse/0_InsectHouse/DB/Divingbeetle01.png,Diving beetle,https://www.zoo.gov.tw/iTAP/03_Animals/InsectHouse/0_InsectHouse/DB/Divingbeetle01.png
99,Green Basilisk ,MULTIPOINT ((121.5898494 24.9940697)),Amphibian and Reptile House,Basiliscus plumifrons,Chordata,Reptilia,Squamata,Iguanidae,Least Concern (LC),"Found in Honduras, Nicaragua, Costa Rica, and Panama in Central America.","Living in the woods and scrubs near streams, rivers, and swamps in tropical rainforests.","Double-crested basilisk is slightly flattend-bodied. Males have three crests, respectively on the head,  the back, and the tail. Females do not have these crests. The iris color is orange-yellow, while the body is emerald-green or bluish-green, covered with numerous pale blue or yellow spots. The ventrum is yellowish-green. There are dark brown lateral bands on the tail.","Double-crested basilisk can run at high speed on its hindlegs when there is danger. It can even run across water for a short period of time, so it has also been called the “Jesus Christ lizard.”","Arthropods, mollusks, fish, amphibians, reptiles, and plants",,Basilisk,Green Basilisk ,https://www.zoo.gov.tw/iTAP/03_Animals/AmphibianReptile/Basilisk/Basilisk_Pic01.jpg,Pachyrhynchus weevil,https://www.zoo.gov.tw/iTAP/03_Animals/InsectHouse/0_InsectHouse/PW/Pachyrhynchusweevil01.jpg,Pachyrhynchus weevil,https://www.zoo.gov.tw/iTAP/03_Animals/InsectHouse/0_InsectHouse/PW/Pachyrhynchusweevil01.jpg,Pachyrhynchus weevil,https://www.zoo.gov.tw/iTAP/03_Animals/InsectHouse/0_InsectHouse/PW/Pachyrhynchusweevil01.jpg
100,Alligator snapping turtle,MULTIPOINT ((121.5898494 24.9940697)),Amphibian and Reptile House,Macroclemys temminckii,Chordata,Reptilia,Testudines,Chelydridae,Vulnerable,North America.,"Living in larger rivers, lakes, and swamps.",The largest freshwater turtle in North America. The mouth is like an eagle’s beak. There are three rows of prominent dorsal ridges. The tail is quite long.,"Alligator Snapping Turtles adopt a sit-and-wait strategy for hunting. By using their pink tongues to mimic worms, fish is lured within the snapping range.","Fish, arthropods, frogs, and birds.",Loss of habitat.,Turtle-AS,Alligator snapping turtle,https://www.zoo.gov.tw/iTAP/03_Animals/AmphibianReptile/Turtle-AS/Turtle-AS_Pic01.jpg,Firefly,https://www.zoo.gov.tw/iTAP/03_Animals/InsectHouse/0_InsectHouse/F/Firefly.jpg,Firefly,https://www.zoo.gov.tw/iTAP/03_Animals/InsectHouse/0_InsectHouse/F/Firefly.jpg,Firefly,https://www.zoo.gov.tw/iTAP/03_Animals/InsectHouse/0_InsectHouse/F/Firefly.jpg
101,Reticulated python,"MULTIPOINT ((121.5898494 24.9940697), (121.5831460 24.9945283))",Amphibian and Reptile House,Python reticulatus,Chordata,Reptilia,Squamata,Pythonidae,Least Concern (LC),"Found in Southeast Asia from the Nicobar Islands in India, Myammar, Indochina, Malay Peninsula, through Indonesia and the Philippines. ","Living in tropical rainforests, grasslands, farmlands, wetlands, and nearby rivers","The reticulated python, with a slender body, is one of the largest snake species in the world. There are deep pits in the upper labiels. Three are three thin black stripes on the head, one in the middle of the head and the other two stretching from the eyes to the corner of the mouth. The back is grayish-brown or yellowish-brown and covered with a complex black, diamond-shaped net pattern.",Adult Reticulated Pythons are usually found near waters and often lurk underneath the water to ambush the mammals that come to drink.,Birds and mammals,,Python-R,Reticulated python,https://www.zoo.gov.tw/iTAP/03_Animals/AmphibianReptile/Python-R/Python-R_Pic01.jpg,Tsuda Phasmid,httpss://www.zoo.gov.tw/iTAP/03_Animals/InsectHouse/0_InsectHouse/TP/TsudaPhasmid.jpg,Tsuda Phasmid,httpss://www.zoo.gov.tw/iTAP/03_Animals/InsectHouse/0_InsectHouse/TP/TsudaPhasmid.jpg,Tsuda Phasmid,httpss://www.zoo.gov.tw/iTAP/03_Animals/InsectHouse/0_InsectHouse/TP/TsudaPhasmid.jpg
102,African spurred tortoise,"MULTIPOINT ((121.5898494 24.9940697), (121.586726 24.994559), (121.5873295 24.9946641))",Amphibian and Reptile House,Geochelone sulcata,Chordata,Reptilia,Testudines,Testudinidae,Vulnerable,"The southern parts of the Sahara Desert in Africa, west from Senegal, east to Egypt.","Living in arid grasslands, scrublands, and the borders of deserts.","As the third-largest tortoise in the world, African Spurred Tortoise is -bodied. The carapace is wide and tall, with the front and rear margins being saw-toothed. The scales on the forelimbs are large and overlapped with each other. The rear limbs have two or three distinct spiny protrusions. ",African Spurred Tortoises are good diggers and will dig dens to escape the daytime heat and freezing nights in deserts. They are generally active at dawn and dusk.,Herbivorous. Obtaining its water intake through food.,,Totoise-AP,African spurred tortoise,https://www.zoo.gov.tw/iTAP/03_Animals/AmphibianReptile/Totoise-AP/Totoise-AP_Pic01.jpg,Long-winged katydid,httpss://www.zoo.gov.tw/iTAP/03_Animals/InsectHouse/Katydid-L/Long_wingedKatydid_Pic01.jpg,Long-winged katydid,httpss://www.zoo.gov.tw/iTAP/03_Animals/InsectHouse/Katydid-L/Long_wingedKatydid_Pic01.jpg,Long-winged katydid,httpss://www.zoo.gov.tw/iTAP/03_Animals/InsectHouse/Katydid-L/Long_wingedKatydid_Pic01.jpg
103,Chinese alligator?,"MULTIPOINT ((121.5898494 24.9940697), (121.586726 24.994559), (121.5873295 24.9946641))",Amphibian and Reptile House,Alligator sinensus,Chordata,Reptilia,Crocodilia,Alligatoridae,Critically Endangered (CR),Found throughout eastern China in Asia.,"Marshy wetlands, ponds, and irrigated farmlands in the lower reaches of the Yangtze River.",The Chinese Alligator is a relatively small alligator that grows to no more than 2 m. It is one of the few alligator species found in temperate regions.,"Chinese Alligators inhabit higher northern latitudes so they hibernate in underground dens in winter. They emerge from their dens in May when the weather warms up again. Breeding season usually runs from early July to late August. They build their nests from dead leaves and twigs, into which between 10 to 40 eggs are laid.","Carnivorous, feeding on fish, small mammals, birds, amphibians, and reptiles.",Wild populations are threatened by poaching and pollution of their aquatic habitats.,Alligator-C,Chinese alligator,https://www.zoo.gov.tw/iTAP/03_Animals/AmphibianReptile/Alligator-C/Chinese alligator_Pic01.JPG,Orange-edged Whites,httpss://www.zoo.gov.tw/iTAP/03_Animals/InsectHouse/0_InsectHouse/OW/Orange_edgedWhites.jpg,Orange-edged Whites,httpss://www.zoo.gov.tw/iTAP/03_Animals/InsectHouse/0_InsectHouse/OW/Orange_edgedWhites.jpg,Orange-edged Whites,httpss://www.zoo.gov.tw/iTAP/03_Animals/InsectHouse/0_InsectHouse/OW/Orange_edgedWhites.jpg
104,Elongate tortoise?,"MULTIPOINT ((121.5898494 24.9940697), (121.586726 24.994559), (121.5873295 24.9946641))",Amphibian and Reptile House,Indotestudo elongata,Chordata,Reptilia,Testudines,Testudinidae,Endangered,"South Asia and Southeast Asia. From northeastern India and Nepal, through Indochina, to southern China, Found the southest in the Malay Peninsula.","Living in the moist forest floor of tropical evergreen forests and deciduous forests in the mountains, hills, and plateaus.",The head is cream-yellow or yellowish-green. The carapace is yellowish-brown or olive-green with irregular black patches or spots. The carapace is highly-domed and oblong-shaped. There are large protruding scales on the forelimbs.,Elongated Tortoises are opportunistic feeders in the forest floor. They eat not only plants and fungus but also snails and small invertebrates. They prefer inhabiting moist environments.,Omnivorous.,,Turtle-F,Elongate tortoise,httpss://www.zoo.gov.tw/iTAP/03_Animals/AmphibianReptile/Turtle-F/ElongateTortoise_pic01.jpg,Liuchiou Blue Spotted Milkweed Butterfly,httpss://www.zoo.gov.tw/iTAP/03_Animals/InsectHouse/0_InsectHouse/LBSMB/LiuchiouBlueSpottedMilkweedButterfly.jpg,Liuchiou Blue Spotted Milkweed Butterfly,httpss://www.zoo.gov.tw/iTAP/03_Animals/InsectHouse/0_InsectHouse/LBSMB/LiuchiouBlueSpottedMilkweedButterfly.jpg,Liuchiou Blue Spotted Milkweed Butterfly,httpss://www.zoo.gov.tw/iTAP/03_Animals/InsectHouse/0_InsectHouse/LBSMB/LiuchiouBlueSpottedMilkweedButterfly.jpg
105,Water scorpion,MULTIPOINT ((121.5807004 24.9967402)),Insectarium,Laccotrephes pfeiferiae,Arthropoda,Insecta,Hermiptera,Nepidae,Not Evaluated (NE),,"Stationary bodies of water such as rice paddies, ponds or swamps at lower elevations.","The body of a water scorpion is dark brown and can reach up to 5 cm in length. Its flattened body resembles a dead leaf, and its forelegs look like two sickles. The water scorpion breaths through a long, thin tube at the end of its abdomen that can reach out of water for air.   ","1. It is a ferocious aquatic predator.
2. The adult attaches itself to aquatic plants and extends its breathing tube up against the surface. It lies in wait until preys come within range, then faces the target before attacking with its forelimbs.    ","1. Carnivorous. Consumes bodily fluids of small aquatic animals.
2. Both the adults and juveniles will prey on aquatic insects, tadpoles, mosquito fish, and other small water animals.  ",,Ws,Water scorpion,https://www.zoo.gov.tw/iTAP/03_Animals/InsectHouse/0_InsectHouse/Ws/Waterscorpion.jpg,Yellow Coster,httpss://www.zoo.gov.tw/iTAP/03_Animals/InsectHouse/0_InsectHouse/YC/YellowCoster.jpg,Yellow Coster,httpss://www.zoo.gov.tw/iTAP/03_Animals/InsectHouse/0_InsectHouse/YC/YellowCoster.jpg,Yellow Coster,httpss://www.zoo.gov.tw/iTAP/03_Animals/InsectHouse/0_InsectHouse/YC/YellowCoster.jpg
106,Chinese Red-Headed Centipede ,MULTIPOINT ((121.5807004 24.9967403)),Insectarium,Scolopendra subspinipes mutilans,Arthropoda,Chilopoda,Scolopendra,Scolopendridae,,East Asia and Australia.,"Extensive distribution in the hills and grasslands of Taiwan. Most live in damp and shaded places such as rotten wood, rock crevices, and damp grass.   ","The Chinese red-headed centipede can grow up to 20 cm. Its head, thorax, first abdominal segment and legs are all red. Each of its body segment has one pair of legs. The pair of legs on the first body segment have evolved into large pincer-like ""forcipules"" with venom glands. It is a nocturnal carnivore.   ","As a nocturnal carnivore, the centipede uses its forcipules to inject venom into the bodies of its prey to kill them. Centipede venom is similar to that of a bee's. Small centipedes only have a small amount of venom, so they are not threatening to humans.   ",Carnivorous.,,CRHC,Chinese Red-Headed Centipede ,https://www.zoo.gov.tw/iTAP/03_Animals/InsectHouse/0_InsectHouse/CRHC/ChineseRed_HeadedCentipede.jpg,Blue Tiger,httpss://www.zoo.gov.tw/iTAP/03_Animals/InsectHouse/0_InsectHouse/BT/BlueTiger.jpg,Blue Tiger,httpss://www.zoo.gov.tw/iTAP/03_Animals/InsectHouse/0_InsectHouse/BT/BlueTiger.jpg,Blue Tiger,httpss://www.zoo.gov.tw/iTAP/03_Animals/InsectHouse/0_InsectHouse/BT/BlueTiger.jpg
107,Emperor Scorpion ,MULTIPOINT ((121.5807004 24.9967404)),Insectarium,Pandinus imperator,Arthropoda,Arachnida,Scorpiones,Scorpionidae,,West Africa.,"A species of scorpions native to rainforests and lives in cold, damp caves, leaf litter, abandoned termite mounds, or under rocks. They only come out to feed.   ","1. It is one of the largest scorpions in the world with a total body length of around 20 cm.
2. Its carapace is black and hard, and its pincers are hemispherical with a coarse surface. Its body is also covered with bumps.
3. The tip of the scorpion's tail is dark red.
4. The scorpion has four pairs of legs for walking, and the last segment of its abdomen has a venomous stinger. The scorpion's venom is produced in the last abdomenal segment and discharged with the stinger.    ",It is a nocturnal carnivore that lives on the rainforest floor and the edges of the savannah in West Africa. It preys on other arthropods and small amphibians at night.   ,Carnivorous.,,ES,Emperor Scorpion ,https://www.zoo.gov.tw/iTAP/03_Animals/InsectHouse/0_InsectHouse/ES/EmperorScorpion.jpg,Omnivorous ant,httpss://www.zoo.gov.tw/iTAP/03_Animals/InsectHouse/0_InsectHouse/Ch/Camponotushabereri01.jpg,Omnivorous ant,httpss://www.zoo.gov.tw/iTAP/03_Animals/InsectHouse/0_InsectHouse/Ch/Camponotushabereri01.jpg,Omnivorous ant,httpss://www.zoo.gov.tw/iTAP/03_Animals/InsectHouse/0_InsectHouse/Ch/Camponotushabereri01.jpg
108,Mexican Red Knee Tarantula ,MULTIPOINT ((121.5807004 24.9967405)),Insectarium,Brachypelma smithi,Arthropoda,Arachnida,Araneae,Theraphosidae,,The desert regions of Mexico on the Pacific coast.,The drier plains of Mexico.,"1. The spider has four pairs of walking legs. One pair of its mouthparts have evolved into venomous fangs.
2. The spider's body is black-brown and can reach up to 16 cm in length. The fringes of its thorax are yellow. Each of its legs has three segments. The uppermost segment is reddish-orange.      ","1. It is a nocturnal ground-dwelling hairy spider. It usually digs its dens under a rock or a cactus. The spider does not spin silk to build its nest.
2. The spider feeds on insects, other spiders, lizards and birds.",Carnivorous.,,MRKT,Mexican Red Knee Tarantula ,httpss://www.zoo.gov.tw/iTAP/03_Animals/InsectHouse/0_InsectHouse/MRKT/MexicanRedKneeTarantula01.png,Jungle Crow,httpss://www.zoo.gov.tw/iTAP/03_Animals/BirdWorld/Crow/Crow_Pic01.jpg,Jungle Crow,httpss://www.zoo.gov.tw/iTAP/03_Animals/BirdWorld/Crow/Crow_Pic01.jpg,Jungle Crow,httpss://www.zoo.gov.tw/iTAP/03_Animals/BirdWorld/Crow/Crow_Pic01.jpg
109,Dragonfly Nymphs Aeshnidae,MULTIPOINT ((121.5807004 24.9967406)),Insectarium,Aeshnidae,Arthropoda,Insecta,Odonata,Aeshnidae,,All over Taiwan.,,"The dragonfly's body is usually dark brown or dark green. Its legs and antennae are slightly longer than other dragonflies. Its eyes are small, and its head cannot rotate freely. The dragonfly has gills on its abdomen that can absorb oxygen directly from the water.    ",The nymphs of bog-hawkers usually live in water grasses of slow-moving rivers and ponds or under dead trees or leaf litter.,Carnivorous and feeds on small aquatic insects and their larvae. Larger individuals may also prey on small fish and tadpoles.,,DNA,Dragonfly Nymphs Aeshnidae,https://www.zoo.gov.tw/iTAP/03_Animals/InsectHouse/0_InsectHouse/DNA/DragonflyNymphsAeshnidae.jpg,Hooded Crane,https://www.zoo.gov.tw/iTAP/03_Animals/BirdWorld/Crane-H/CraneH_Pic01.jpg,Hooded Crane,https://www.zoo.gov.tw/iTAP/03_Animals/BirdWorld/Crane-H/CraneH_Pic01.jpg,Hooded Crane,https://www.zoo.gov.tw/iTAP/03_Animals/BirdWorld/Crane-H/CraneH_Pic01.jpg
110,Water Bug ,MULTIPOINT ((121.5807004 24.9967407)),Insectarium,Diplonychus rusticus,Arthropoda,Insecta,Hermiptera,Belostomatidae,,,"From the plains to low-elevation wetlands, rice paddies or ponds.","The body of this water bug is about 1.4 to 1.7 cm in length and is flat and round. Its forelegs are sickle-shaped predatory appendages, while their rear legs have fine hairs used for swimming.  ","1. It is an aquatic stink bug.
2. Females lay several dozen eggs on the back of males after mating. The eggshells only fall off once the larvae have hatched, so as to reduce their vulnerability to predators. They are therefore also known as ""carrier bugs"".
3. With eggs on their backs, males go in and out of water to allow exchange of oxygen for the eggs, as well as to help the eggs stay moisturized. The young hatch after 1 to 2 weeks and are immediately independent.   ",A carnivore that preys on small aquatic animals.,,WB,Water Bug ,https://www.zoo.gov.tw/iTAP/03_Animals/InsectHouse/0_InsectHouse/WB/WaterBug01.jpg,Ashy Wood Pigeon,https://www.zoo.gov.tw/iTAP/03_Animals/BirdWorld/Pigeon-AW/Pigeon-AW_Pic01.jpg,Ashy Wood Pigeon,https://www.zoo.gov.tw/iTAP/03_Animals/BirdWorld/Pigeon-AW/Pigeon-AW_Pic01.jpg,Ashy Wood Pigeon,https://www.zoo.gov.tw/iTAP/03_Animals/BirdWorld/Pigeon-AW/Pigeon-AW_Pic01.jpg
111,Six Spotted Cockroach,MULTIPOINT ((121.5807004 24.9967408)),Insectarium,Eublaberus distanti,Arthropoda,Insecta,Blattodea,Blaberidae,Least Concern (LC),"Colombia, Panama, Costa Rica, Brazil, and Peru.","On the forest floor, with a particular preference for crevices.","1. Adults can grow up to 6 cm in length. Females are larger and their abdomens are thicker than the males.
2. Adults have a pair of gold-colored wings but they cannot fly. Males have wings that are longer than those of females.
3. Juveniles are dark brown, with four to six yellow spots on the sides of their body. They are therefore also known as the four or six-spotted gold-wing cockroach.",It lives on the forest floor with a particular preference for caves. They feed on the feces of birds or bats. They behave completely different from the cockroaches you may come across at home and play an important role in the natural environment as cleaners.   ,Omnivorous,,SSC,Six Spotted Cockroach,https://www.zoo.gov.tw/iTAP/03_Animals/InsectHouse/0_InsectHouse/SSC/SixSpottedCockroach01.jpg, Yellow-headed Amazon ,https://www.zoo.gov.tw/iTAP/03_Animals/BirdWorld/0_BirdWorld/YHA/Yellow-headed Amazon01.JPG, Yellow-headed Amazon ,https://www.zoo.gov.tw/iTAP/03_Animals/BirdWorld/0_BirdWorld/YHA/Yellow-headed Amazon01.JPG, Yellow-headed Amazon ,https://www.zoo.gov.tw/iTAP/03_Animals/BirdWorld/0_BirdWorld/YHA/Yellow-headed Amazon01.JPG
112,Diving beetle,MULTIPOINT ((121.5807004 24.9967409)),Insectarium,Cybister tripunctatus,Arthropoda,Insecta,Coleoptera,Dytiscidae,Least Concern (LC),"Extensive distribution throughout Asia, Africa, Australia and Oceania.","Stationary or slow-moving bodies of water, including ponds, rice paddies, and irrigation ditches with aquatic plants.","The diving beetle is a common aquatic beetle. Its wingcase is either smooth or have indistinct grooves. The sides of the beetle's wingcase have orange-yellow stripes. Its body measures less than 3 cm in length. Males can be distinguished from females by their forelegs, on which a joint has enlarged to form a sucker.   ","1. Adults spend most of their time in water but will leave in search of other habitats when living conditions deteriorate. They are often found in swamps and ponds.
2. Adults can be found all year in Taiwan. They can live for two years or more when kept indoors.
3. Once females have mated, they use their mouthpart to bite a hole in the stem of an aquatic plant, into which they then lay their eggs. The larvae go through three molts and form a pupa on land at around three months of age.
4. The young usually overwinter as a pupa. Once they emerge as adults, it takes about a week for them to become sexually mature and ready to mate.
5. Its lifespan is 2.5 to 3 months.
6. When threatened by predators, adults emit a foul, white liquid from the side of their dorsal exoskeleton to drive threats away.   ",Carnivorous and preys on small aquatic animals.,,DB,Diving beetle,https://www.zoo.gov.tw/iTAP/03_Animals/InsectHouse/0_InsectHouse/DB/Divingbeetle01.png,Yellow-naped amazon,https://www.zoo.gov.tw/iTAP/03_Animals/BirdWorld/0_BirdWorld/YNP/yellow-napedparrot_Pic01.JPG,Yellow-naped amazon,https://www.zoo.gov.tw/iTAP/03_Animals/BirdWorld/0_BirdWorld/YNP/yellow-napedparrot_Pic01.JPG,Yellow-naped amazon,https://www.zoo.gov.tw/iTAP/03_Animals/BirdWorld/0_BirdWorld/YNP/yellow-napedparrot_Pic01.JPG
113,Formosan Long-fanged Stag Beetle,MULTIPOINT ((121.5807004 24.9967410)),Insectarium,Dorcus Schenkingi,Arthropoda,Insecta,Coleoptera,Lucanidae,,In undisturbed mountain areas below mid elevation throughout Taiwan.,"During the day, they feed on the sap of large Japanese blue oaks and Chinese cork oaks and other trees from the Fagaceae family. They may even live permanently in the tree holes of these trees.","1. A large stag beetle. The long-fanged stag beetle has the longest mandibles of all in the genus Dorcus.
2. Its body is black. Adult males measure between 29 to 90 mm, while females measure between 32 to 50 mm.
3. Males with long mandibles and a body larger than 45 mm in length, have a small but distinct bump in the middle of each of its mandible. Smaller individuals have no such bump on their mandibles.  
4. Females have less pronounced eye ridges. There are tiny bumps on the outside of their wing sheaths, arranged in shallow longitudinal grooves.   "," 1. Adults usually appear between May and July, but their populations are relatively small.
 2. During the day, they like to feed on the sap of large Japanese blue oaks and Chinese cork oaks from the Fagaceae family. They may even live permanently in the tree holes of these trees.
 3. They are drawn to light, so females often rest on the poles of street lights or the ground nearby. Males are also attracted to light, but usually hide in dark corners further away from street lights.
 4. It plays dead when threatened.   ",The larvae feed on rotten wood while adults suck on tree sap and overripe fruits. Adults particularly like sucking on the sap of trees from the family Fagaceae.   ,,Beetle-LF,Formosan Long-fanged Stag Beetle,httpss://www.zoo.gov.tw/iTAP/03_Animals/InsectHouse/Beetle-LF/FormosanLong_fangedStagBeetle01.jpg,Mikado Pheasant,https://www.zoo.gov.tw/iTAP/03_Animals/BirdWorld/0_BirdWorld/MP/MikadoPheasant.JPG,Mikado Pheasant,https://www.zoo.gov.tw/iTAP/03_Animals/BirdWorld/0_BirdWorld/MP/MikadoPheasant.JPG,Mikado Pheasant,https://www.zoo.gov.tw/iTAP/03_Animals/BirdWorld/0_BirdWorld/MP/MikadoPheasant.JPG
114,Pachyrhynchus weevil,MULTIPOINT ((121.5807004 24.9967411)),Insectarium,Pachyrhynchus sarcitis kotoensis,Arthropoda,Insecta,Coleoptera,Curculionidae,,Only found on Ludao and Lanyu.,"Adults are usually active on the underside of the leaves of West Indian holly, while their larvae hide in the stem."," 1. The weevil's body has circular or oval aquamarine spots. Spots on the wing sheaths may span across the left and the right sheaths.
 2. A member of the weevil family that everyone is familiar with is the rice weevil we can find at home. Most think that all weevils have a long proboscis, but the Pachyrhynchus weevil actually has short mouthparts. It is black all over and covered with dreamy Tiffany blue spots.   "," 1. The wing sheaths of the Easter egg beetle are fused, so it can not fly and can only crawl. It is therefore always found on or near the plants that it eats.
 2. It is an insect that undergoes complete metamorphosis. The larvae live in the stems of the West Indian holly, while adults spend their time in bushes or on trees.   ",Herbivorous and feeds mainly on West Indian holly.,,PW,Pachyrhynchus weevil,https://www.zoo.gov.tw/iTAP/03_Animals/InsectHouse/0_InsectHouse/PW/Pachyrhynchusweevil01.jpg,Hodgson's Hawk Eagle?,https://www.zoo.gov.tw/iTAP/03_Animals/BirdWorld/Eagle-HH/Eagle-HH_Pic01.jpg,Hodgson's Hawk Eagle?,https://www.zoo.gov.tw/iTAP/03_Animals/BirdWorld/Eagle-HH/Eagle-HH_Pic01.jpg,Hodgson's Hawk Eagle?,https://www.zoo.gov.tw/iTAP/03_Animals/BirdWorld/Eagle-HH/Eagle-HH_Pic01.jpg
115,Firefly,MULTIPOINT ((121.5807004 24.9967412)),Insectarium,Aquatica ficta,Arthropoda,Insecta,Coleoptera,Lampyridae,Critically Endangered (CR),"Taiwan, China, and Hong Kong.","Stationary bodies of water such as rice paddies, irrigation ditches and ponds at lower elevations."," 1. Adults measure 7.6 to 8.8 mm in length. Its body is covered with fine hairs. Its head is black with black, thread-like antennae. Its first body segment is orange-yellow. Its black fore wings are covered with tiny round dimples and fine yellow hairs. There are thin yellow lines on the edges of its wings. Its leg is black but the joints are orange-yellow. Its abdomen is black with two milky-white, oval luminescent organs.
 2. Females are slightly larger than males. Females are similar in appearance to males but have only one luminescent organ.    ","1. It lives in areas of low elevation. The larvae are aquatic and breathe through tracheal gills.
2. Adults are only active for 30 to 40 minutes after nightfall and generally fly near bodies of water. They emit light at a low frequency, forming faint traces between sparks.

",Carnivorous and feeds on aquatic snails.,,F,Firefly,https://www.zoo.gov.tw/iTAP/03_Animals/InsectHouse/0_InsectHouse/F/Firefly.jpg,Striated Heron,https://www.zoo.gov.tw/iTAP/03_Animals/BirdWorld/Heron-S/Heron-S_Pic01.jpg,Striated Heron,https://www.zoo.gov.tw/iTAP/03_Animals/BirdWorld/Heron-S/Heron-S_Pic01.jpg,Striated Heron,https://www.zoo.gov.tw/iTAP/03_Animals/BirdWorld/Heron-S/Heron-S_Pic01.jpg
116,Malaysian stick insect,MULTIPOINT ((121.5807004 24.9967413)),Insectarium,Heteropteryx dilatata,Arthropoda,Insecta,Phasmida,Phasmatidae ,Least Concern (LC),"Malay Peninsula, Singapore, Thailand, and Sumatra.",,"The Malaysian stick insect is one of the larger stick insect species. Females have a bigger and a more flattened body than the males. The body of this species is covered with tiny spines, so the stick insect will raise its spiny hind legs while making warning sounds when threatened to fend off enemies. Raising its hind legs also reveals the warning color on its hind wings. Females lay large eggs in the soil. ",,,,Msi,Malaysian stick insect,https://www.zoo.gov.tw/iTAP/03_Animals/InsectHouse/0_InsectHouse/Msi/Malaysianstickinsect01.jpg,Formosan Sambar,https://www.zoo.gov.tw/iTAP/03_Animals/FormosanArea/Sambar-F/FormosanSambar_pic01.jpg,Formosan Sambar,https://www.zoo.gov.tw/iTAP/03_Animals/FormosanArea/Sambar-F/FormosanSambar_pic01.jpg,Formosan Sambar,https://www.zoo.gov.tw/iTAP/03_Animals/FormosanArea/Sambar-F/FormosanSambar_pic01.jpg
117,Tsuda Phasmid,MULTIPOINT ((121.5807004 24.9967421)),Insectarium,Megacrania tsudai,Arthropoda,Insecta,Phasmida,Phasmatidae ,Least Concern (LC),Only on the Henchun Peninsula and Ludao.,Spends all of its life in screw pine bushes.,Females appear oily green and the nota has many small bumps. Its forewings are prominent and the hindwings extend to the 3rd or 4th segment of the abdomen. The opisthogonia is almost white with a slight pale green or pale rose tint. Its tail hairs are coarse and short.,"1. It is endemic to Taiwan and has a very small distribution. It is threatened by habitat destruction and is being captured for trade.
2. It reproduces via parthenogenesis. A single female can lay between 50 to 70 eggs. The incubation period is between 90 to 150 days. Nymphs may emerge at any time of the year, but adults only come out between March and December. The peak is between May and October.
3. It is a species that undergoes incomplete metamorphosis. Nymphs usually need to molt six times to reach maturity. They have short wings but are flightless, so their population is geographically confined.
4. It is physically thicker and stronger than ordinary stick insects. Its body color is similar to that of screw pine leaves. During the daytime, it rests with its limbs folded flat against the leaf sheath, making it very hard to detect. It is mainly active at night and feeds on screw pine leaves.
5. It uses a very effective defensive mechanism to deter enemies; when threatened, it squirts a milky white liquid containing actinidine from the glands on either side of its pronotum. Some have described the smell of the liquid as ""minty"" or"" resembling to that of rotten milk"". ",Herbivorous and feeds mainly on plants of the family Pandanaceae. ,,TP,Tsuda Phasmid,httpss://www.zoo.gov.tw/iTAP/03_Animals/InsectHouse/0_InsectHouse/TP/TsudaPhasmid.jpg,Tsuda Phasmid,httpss://www.zoo.gov.tw/iTAP/03_Animals/InsectHouse/0_InsectHouse/TP/TsudaPhasmid.jpg,Tsuda Phasmid,httpss://www.zoo.gov.tw/iTAP/03_Animals/InsectHouse/0_InsectHouse/TP/TsudaPhasmid.jpg,Tsuda Phasmid,httpss://www.zoo.gov.tw/iTAP/03_Animals/InsectHouse/0_InsectHouse/TP/TsudaPhasmid.jpg
118,Lanyu giant katydid,MULTIPOINT ((121.5807004 24.9967423)),Insectarium,Phyllophorina kotoshoensis,Arthropoda,Insecta,Orthoptera,Tettigoniidae,Protected,Only on Lanyu.,,"The insect's body is green, its pronotum is covered with fine bumps, its back is well-developed and domed, and its body margin is diamond-shaped and has distinct knobs. Females have a ovipositor that resembles a long sword. ",Adults appear between spring and fall.,Feeds on the leaves of plants from the morning glory family Convolvulaceae.,,Katydid-LG,Lanyu giant katydid,httpss://www.zoo.gov.tw/iTAP/03_Animals/InsectHouse/Katydid-LG/Lan_hsugiantkatydid01.jpg,Lanyu giant katydid,httpss://www.zoo.gov.tw/iTAP/03_Animals/InsectHouse/Katydid-LG/Lan_hsugiantkatydid02.jpg,Lanyu giant katydid,httpss://www.zoo.gov.tw/iTAP/03_Animals/InsectHouse/Katydid-LG/Lan_hsugiantkatydid02.jpg,Lanyu giant katydid,httpss://www.zoo.gov.tw/iTAP/03_Animals/InsectHouse/Katydid-LG/Lan_hsugiantkatydid02.jpg
119,Field cricket,MULTIPOINT ((121.5807004 24.9967424)),Insectarium,Gryllus bimaculatus,Arthropoda,Insecta,Orthoptera,Gryllidae,Not Evaluated (NE),"In Taiwan, on the plains and mountains at low and mid elevations. Extensive global distribution.","Grasslands, farms, etc.  They can be seen around street lights at night. They are also found among tall grass, leaf litter, in crevices, or farming areas. ","Adult field crickets can grow up to 3 cm in length. Its body is black, and its wings range from brown to black, with yellow spots at the root of its wings. Its head is short and rounded, and is slightly narrower or the same size as its pronotum.","1. Males rub their fore and hindwings together to make sounds. They stay quiet during the day and hide in the grass. At night, they chirp loudly for courtship, warning, and asserting territorial claims.
2. This species was used for cricket fighting.   ",Omnivorous.,,Fc,Field cricket,httpss://www.zoo.gov.tw/iTAP/03_Animals/InsectHouse/0_InsectHouse/Fc/Fieldcricket01.jpg,Field cricket,httpss://www.zoo.gov.tw/iTAP/03_Animals/InsectHouse/0_InsectHouse/Fc/Fieldcricket02.jpg,Field cricket,httpss://www.zoo.gov.tw/iTAP/03_Animals/InsectHouse/0_InsectHouse/Fc/Fieldcricket02.jpg,Field cricket,httpss://www.zoo.gov.tw/iTAP/03_Animals/InsectHouse/0_InsectHouse/Fc/Fieldcricket02.jpg
120,Long-winged katydid,MULTIPOINT ((121.5807004 24.9967425)),Insectarium,Mecopoda elongata,Arthropoda,Insecta,Orthoptera,Tettigoniidae,Not Evaluated (NE),Bushes or tall grass near low-elevation forests.,,The katydid's body is green or brown. Its most distinctive feature is the two large black spots behind the insect's head.  ,"1. Adults can be found during summer and fall.
2. Males chirp very loudly at night. It is silent during the day and looks like a leaf, making it difficult to detect.   ",Feeds on plant leaves.,,Katydid-L,Long-winged katydid,httpss://www.zoo.gov.tw/iTAP/03_Animals/InsectHouse/Katydid-L/Long_wingedKatydid_Pic01.jpg,Long-winged katydid,httpss://www.zoo.gov.tw/iTAP/03_Animals/InsectHouse/Katydid-L/Long_wingedKatydid_Pic01.jpg,Long-winged katydid,httpss://www.zoo.gov.tw/iTAP/03_Animals/InsectHouse/Katydid-L/Long_wingedKatydid_Pic01.jpg,Long-winged katydid,httpss://www.zoo.gov.tw/iTAP/03_Animals/InsectHouse/Katydid-L/Long_wingedKatydid_Pic01.jpg
121,Lime Butterfly,MULTIPOINT ((121.5807004 24.9967426)),Insectarium,Papilio demoleus,Arthropoda,Insecta,Lepidoptera,Papilionidae,Least Concern (LC),,"Where citrus plants (Rutaceae) grow or are cultivated, including urban areas with high levels of pollution and disturbance.   "," 1. It is a medium-sized swallowtail butterfly.
 2. The butterfly's dorsal side of the body is black brown and covered with scales; the flanks and ventral side are creamy-yellow with four black-brown longitudinal lines.
 3. The outer margins of the hindwings are wavy without distinct protruding tails. The undersides of the wings are black-brown, and the surface has yellowish-white stripes and spots.
 4. The costal margin of the hindwings have a ring pattern in the Sc + R1 cell. The tornus has a red spot with a blue stripe at the front.
 5. The undersides of the wings have a blue-fringed orange pattern.
 6. The surface of the female butterfly's wings has yellowish-white stripes with an orange tint.   ","1. Polyvoltine, which means it goes through multiple generations in a year. Adults can fly very fast.
2. It overwinters as a chrysalis.","Herbivorous.
1. Larvae feed on a variety of citrus plants.
2. Adult butterflies visit flowers for nectar.",,LB,Lime Butterfly,httpss://www.zoo.gov.tw/iTAP/03_Animals/InsectHouse/0_InsectHouse/LB/LimeButterfly.jpg,Lime Butterfly,httpss://www.zoo.gov.tw/iTAP/03_Animals/InsectHouse/0_InsectHouse/LB/LimeButterfly01.jpg,Lime Butterfly,httpss://www.zoo.gov.tw/iTAP/03_Animals/InsectHouse/0_InsectHouse/LB/LimeButterfly02.jpg,Lime Butterfly,httpss://www.zoo.gov.tw/iTAP/03_Animals/InsectHouse/0_InsectHouse/LB/LimeButterfly02.jpg
122,Chinese Peacock,MULTIPOINT ((121.5807004 24.9967427)),Insectarium,Papilio bianor takasago,Arthropoda,Insecta,Lepidoptera,Papilionidae,Least Concern (LC),"From plains up to mountains with an elevation of 2,000 m in Taiwan.",Mainly in broadleaf forests.," 1. The butterfly's eggs are glossy white and of a spherical shape with a flattened base.
 2. The butterfly's first instars are dark yellowish-brown, and have a black head and yellow osmeterium; second to fourth instars are greenish-brown, with a black head and a pair of yellow flesh protuberances on the thorax; the fifth instars have a green, radiating pattern, pale-green head, and two black eye-like marks on the sides of the metathorax.
 3. The butterfly's chrysalis is attached by a silk girdle. It is green with a yellow dorsal stripe.
 4. Adults have black fore- and hindwings covered with golden-green scales. The costal margin of the hindwings also has golden-blue scales, and there are blue lunules on the rear margin.
 5. Medium-sized swallowtail butterfly.
 6. Males can be identified with the patch of distinctive brownish down on the inner margin of their forewings.   "," 1. The Papilio dialis is a popular swallowtail butterfly due to the bluish-green metallic sheen of its wings. 
 2. Larvae have camouflage coloration. Its osmeterium is extended when threatened or disturbed. Larval growth is strongly influenced by temperature.
 3. Adults visit flowers. Males like to drink from puddles next to rivers.
 4. Polyvoltine, which means it goes through multiple generations in a year. It usually overwinters as a chrysalis.   ","Herbivorous.
1. Larvae feed on the leaves of citrus plants such as melia-leaved evodia,  alianthus prickly ash, and citrus trees.
2. Adults visit flowers for nectar.
3. Primary host plants include orange climber, alianthus prickly ash, melia-leaved evodia, and glittering prickly ash from the citrus family Rutacea, as well as wax tree from the cashews family Anacardiaceae.",,CP,Chinese Peacock,httpss://www.zoo.gov.tw/iTAP/03_Animals/InsectHouse/0_InsectHouse/CP/ChinesePeacock.jpg,Chinese Peacock,httpss://www.zoo.gov.tw/iTAP/03_Animals/InsectHouse/0_InsectHouse/CP/ChinesePeacock01.jpg,Chinese Peacock,httpss://www.zoo.gov.tw/iTAP/03_Animals/InsectHouse/0_InsectHouse/CP/ChinesePeacock02.jpg,Chinese Peacock,httpss://www.zoo.gov.tw/iTAP/03_Animals/InsectHouse/0_InsectHouse/CP/ChinesePeacock02.jpg
123,Paris Pescock,MULTIPOINT ((121.5807004 24.9967428)),Insectarium,Papilio Paris Nakaharai,Arthropoda,Insecta,Lepidoptera,Papilionidae,,"It is found in the low hills in northern Taiwan as well as the offshore island of Gueishan. In western Taiwan, it is only found as far south as Hsinchu, and in eastern Taiwan around Yilan. Some populations are suspected to have become established in Taichung around the Dakeng region recently due to human intervention. This species is found in Kinmen and Mazu as well, both of which are islands belonging to Taiwan. Outside of Taiwan, it is found in South Asia, Southeast Asia, western China, southern China and eastern China.   ",Evergreen broadleaf forests.," 1. It is a medium-sized swallowtail butterfly
 2. Its body is dark brown and covered with bright, green scales. Its forewings are nearly linear, and the outer margins of its hindwings have wave-like curves. The tip of its M3 vein culminates in a distinctive leaf-shaped tail. The upper surface of the wings is black-brown and covered with bright scales. The costal margin of the hindwings has a bright, blue-green patch that is connected to the shiny green line in the middle of the hindwings. The tornus of the hindwings features an azure ring pattern. The undersides of the wings are brown. The outer margins of the forewings have a grayish-white band, and the inner margin of the hindwings have a patch of yellowish-brown scales. There is a series of azure linnules along the outer margins.
 3. The male butterfly's gender identifier is a tuft of brown down on the dorsal surface of the forewings near the inner margin.  ","Polyvoltine, which means it goes through multiple generations in a year. It overwinters as a chrysalis. Adults visit flower for nectar, and males drink from puddles on the ground.","Herbivorous
Larvae feed on the leaves of citrus plants such as Taiwan Melicope,  Thin Evodia, and Citrus trees.",,PP,Paris Pescock,httpss://www.zoo.gov.tw/iTAP/03_Animals/InsectHouse/0_InsectHouse/PP/ParisPescock01.jpg,Paris Pescock,httpss://www.zoo.gov.tw/iTAP/03_Animals/InsectHouse/0_InsectHouse/PP/ParisPescock02.jpg,Paris Pescock,httpss://www.zoo.gov.tw/iTAP/03_Animals/InsectHouse/0_InsectHouse/PP/ParisPescock03.jpg,Paris Pescock,httpss://www.zoo.gov.tw/iTAP/03_Animals/InsectHouse/0_InsectHouse/PP/ParisPescock04.jpg
124,Great Mormon,MULTIPOINT ((121.5807004 24.9967429)),Insectarium,Papilio memnon heronus,Arthropoda,Insecta,Lepidoptera,Papilionidae,Least Concern (LC),"Extensive distribution from plains to low-elevation mountains. In Taiwan, it can be found on plains up to mountains with an elevation of 1,000 m.","Where citrus plants (Rutaceae) grow or are cultivated, such as orchards.   "," 1. The great mormon's eggs are pale-yellow and spherical.
 2. Larvae in first to fourth instar resemble dark brown bird feces. In the fifth instar, larvae are green with pseudo-eyes on the thorax. 
 3.  Chrysales are attached by a silk girdle. They can be black-brown or green, with the ventral side being green and the dorsal side yellowish-green.
 4. Males are always black with no wing tails The fore and hindwings are covered with bluish-gray scales, and there is a red spot near the base on the underside of the males. There is also an orange-red spot near the tornus on the underside of the hindwings.
 5. Females come in three forms: tailless with white spots, and tailed with orange spots. The tailed type can then be further divided into those with long markings or short markings, forming the third type. 
 6. It has a wingspan of 100 to 120 mm. ","1. Larvae have camouflage coloration and discharge a pungent odor when threatened or disturbed.
2. Adults visit flowers for nectar. Males drink from pubbles near streams.
3. Adults fly slowly and like to stay out in the sun. They can often be found flying over parks, schools, man-made artificial gardens and red maple trees.
4. Polyvoltine, which means it goes through multiple generations in a year. It overwinters in as a chrysalis.
","Herbivorous
Larvae feed on all kinds of citrus plants including Trifoliate-orange, Chinese Box Orange, Alianthus Prickly Ash, Tetradium glabrifolium, Glittering Prickly-ash, and Citrus.",,GM,Great Mormon,httpss://www.zoo.gov.tw/iTAP/03_Animals/InsectHouse/0_InsectHouse/GM/GreatMormon01.jpg,Great Mormon,httpss://www.zoo.gov.tw/iTAP/03_Animals/InsectHouse/0_InsectHouse/PP/ParisPescock01.jpg,Great Mormon,httpss://www.zoo.gov.tw/iTAP/03_Animals/InsectHouse/0_InsectHouse/PP/ParisPescock01.jpg,Great Mormon,httpss://www.zoo.gov.tw/iTAP/03_Animals/InsectHouse/0_InsectHouse/PP/ParisPescock01.jpg
125,Common Rose Swallowtail,MULTIPOINT ((121.5807004 24.9967430)),Insectarium,Pachlioptera aristolochiae interpositus,Arthropoda,Insecta,Lepidoptera,Papilionidae,Least Concern (LC),"It is found mainly in areas of lower elevations in Taiwan, along with Lanyu and Ludao. It is also found in most parts of southern China, Southeast Asia, and most of South Asia.",Areas with a variety of birthwort species (Aristolochiaceae).," 1. The butterfly's eggs are orange-red colored.
 2. Larvae have a yellow head and dark red body with a conical protuberance in its first instar. From the second to the fifth instar, the larvae's head is black, its body purplish-back, 3rd abdominal segment blue, and its osmeterium orange.
 3. Chrysales are attached by a silk girdle and have an orange-brown color. The mesothorax and the 4th to 7th segments all have a pair of plate-like protrusions.
 4. Adults' forewings are black, while their hindwings have pale pink and white spots. They also have a pair of wing tails.   ","1. The common rose butterfly (Pachliopta aristolochiae) is very colorful and the primary species of swallowtail on display in the Insectarium during spring and summer. You can see signs of its larvae by looking for dents on the leaves of birthwort plants, which is the larvae's favourite food.
2. Larvae have warning colors and can extend their orange pillar-like osmeterium.","The primary host plants include Yellowmouth Duchmanspipe, Zollinger Dutchmanspipe, Aristolochia cucurbitifolia, Pipe Vine, and Aristolochia kaempfer from the family Aristolochiacea.",,CRS,Common Rose Swallowtail,httpss://www.zoo.gov.tw/iTAP/03_Animals/InsectHouse/0_InsectHouse/CRS/CommonRoseSwallowtail01.jpg,Common Rose Swallowtail,httpss://www.zoo.gov.tw/iTAP/03_Animals/InsectHouse/0_InsectHouse/CRS/CommonRoseSwallowtail02.jpg,Common Rose Swallowtail,httpss://www.zoo.gov.tw/iTAP/03_Animals/InsectHouse/0_InsectHouse/CRS/CommonRoseSwallowtail02.jpg,Common Rose Swallowtail,httpss://www.zoo.gov.tw/iTAP/03_Animals/InsectHouse/0_InsectHouse/CRS/CommonRoseSwallowtail02.jpg
126,Paper Kite Butterfly,MULTIPOINT ((121.5807004 24.9967431)),Insectarium,Idea Leuconoe,Arthropoda,Insecta,Lepidoptera,Nymphalidae,,"It is found in places of lower elevations in southern and northeastern Taiwan, as well as offshore islands including Lanyu, Gueishan Island and Keelung Islet. It is also found in Southeast Asia, Indochina Peninsula, and the Marianas.",Mainly in coastal forests.," 1. It is a large milkweed butterfly.
 2. The butterfly's body is white with black spots and stripes.
 3. Its abdomen is white with a black-brown dorsal stripe.
 4. Its forewings are almost triangular with a curved costal margin and rounded apex. The hindwings are fan-shaped or ovoid with rounded outer margins. The upper surface of the wings is white with a yellow tint at the base. There is a black stripe along the outer margin of the wings, and each wing cell has a pair of hollow white rings; the center of the wings has black stripes, and there are black stripes at the tip and inside the forewing cell. The hindwing cell contains cross-shaped black stripes as well. The underside of the wings has similar markings to the upper surface. There are alternating black and white cilia on the margins. ","Polyvoltine butterfly, which means it goes through multiple generations in a year. Adults live in forests and forest edges near the coast. They often fly slowly over tree canopies and visits flowers for nectar.",Adults visit flowers for nectar. Larvae feed on the leaves of climbing vines from the Dogbane family (Apocynaceae).,,PKB,Paper Kite Butterfly,httpss://www.zoo.gov.tw/iTAP/03_Animals/InsectHouse/0_InsectHouse/PKB/PaperKiteButterfly01.jpg,Paper Kite Butterfly,httpss://www.zoo.gov.tw/iTAP/03_Animals/InsectHouse/0_InsectHouse/PKB/PaperKiteButterfly02.jpg,Paper Kite Butterfly,httpss://www.zoo.gov.tw/iTAP/03_Animals/InsectHouse/0_InsectHouse/PKB/PaperKiteButterfly02.jpg,Paper Kite Butterfly,httpss://www.zoo.gov.tw/iTAP/03_Animals/InsectHouse/0_InsectHouse/PKB/PaperKiteButterfly02.jpg
127,Orange-edged Whites,MULTIPOINT ((121.5807004 24.9967432)),Insectarium,Hebomoia glaucippe formosana,Arthropoda,Insecta,Lepidoptera,Pieridae,Not Evaluated (NE),"It is found on the plains to mountains of low and mid elevations in Taiwan. It has also been recorded on offshore islands such as Gueishan, Lanyu, and Penghu. Outside of Taiwan, it is found in South Asia, Indochina Peninsula, Southeast Asia, southern Japan, southwestern China, southern China and eastern China.",Mainly in evergreen broadleaf forests.," 1. It is a large butterfly from the family Pieridae.
 2. The dorsal side of the body is black brown and covered with white hairs and scales. The ventral side is white.
 3. Males have milky-white wings, and their forewings have a large orange-yellow mark at the apex and a dark brown pattern on the outer margin. The outer margin of the orange pattern in each cell has narrow, dark brown markings. The wing veins are covered with black-brown scales. The tips of the hindwing veins and the outer margins of each cell have black-brown markings. The undersides of the wings are white. The outer half of the forewings and the surface of the hindwings are covered with thin, dark brown stripes. A dark brown stripe runs from the base to the outer margin through the middle of the wings.
 4. Females have pale-yellow wings. The dark brown stripes are more pronounced than those of males.
 5. This is the largest butterfly of the family Pieridae found in Taiwan.   
 ","1. Adults are fast flyers, loves to stay under the sun, and visits flowers for nectar.
2. Males drink from puddles on the ground. 
3. Polyvoltine, which means it goes through multiple generations in a year.","Larvae feed on plants from the caper family (Capparaceae) including narrow-leaved caper, smallspine caper, capparis floribunda, and spider tree.",,OW,Orange-edged Whites,httpss://www.zoo.gov.tw/iTAP/03_Animals/InsectHouse/0_InsectHouse/OW/Orange_edgedWhites.jpg,Orange-edged Whites,httpss://www.zoo.gov.tw/iTAP/03_Animals/InsectHouse/0_InsectHouse/OW/Orange_edgedWhites.jpg,Orange-edged Whites,httpss://www.zoo.gov.tw/iTAP/03_Animals/InsectHouse/0_InsectHouse/OW/Orange_edgedWhites.jpg,Orange-edged Whites,httpss://www.zoo.gov.tw/iTAP/03_Animals/InsectHouse/0_InsectHouse/OW/Orange_edgedWhites.jpg
128,Liuchiou Blue Spotted Milkweed Butterfly,MULTIPOINT ((121.5807004 24.9967433)),Insectarium,Ideopsis similis,Arthropoda,Insecta,Lepidoptera,Nymphalidae,Least Concern (LC),"It is found in the mountains of Taiwan at low and mid elevations. They have also been recorded on Lanyu, Ludao, Keelung Islet, Gueishan Island, Xiaoliuqiu, Kinmen, and Mazu. It is also found outside of Taiwan in southern China, Indochina Peninsula, Sri Lanka, and Sumatra.",Mainly in coastal forests and evergreen broadleaf forests.," 1. It is a medium-sized milkweed butterfly.
 2. The body, thorax and legs are black-brown with white spots and stripes.
 3. The upper surface of the abdomen and its flanks are white but could be light brown on some individuals.
 4. The forewings have a protruding apex. The upper surfaces of the wings are dark brown and covered with a semi-transparent greenish-white pattern. These form lines at the base and become spots at the outer margins. The Sc cell of the forewings contains bluish-white stripes. The ventral wing surface is similar to the dorsal surface. The forewings have a dark brown inner margin, while the rest of the wing surface is a dark chestnut color.
 5. Males have a linear sex marker from the base to the outer margins of the wings along the 1A + 2A veins. Pale-grey specialized scales cover both sides. There are alternating black and white cilia on the margins.   ","1. Both the adult and the larvae of the blue glassy tiger butterfly will play dead when disturbed.
 2.There are many species of blue tiger butterflies. In addition to the blue glassy tiger, the Insectarium also hosts the blue tiger. Both the adults and larvae have warning colors derived from the poisonous host plants they feed on.
 3. Adults fly slowly in the wild. They prefer open areas and flowering bushes.
 4. Adults migrate south in large groups during the winter.
 5. Polyvoltine, which means it goes through multiple generations in a year.","The larvae feed on plants in the milkweed family (Asclepiadaceae), including ovate tylophora, blackened swallowwort, and broad-leaved indigo.   ",,LBSMB,Liuchiou Blue Spotted Milkweed Butterfly,httpss://www.zoo.gov.tw/iTAP/03_Animals/InsectHouse/0_InsectHouse/LBSMB/LiuchiouBlueSpottedMilkweedButterfly.jpg,Liuchiou Blue Spotted Milkweed Butterfly,httpss://www.zoo.gov.tw/iTAP/03_Animals/InsectHouse/0_InsectHouse/LBSMB/LiuchiouBlueSpottedMilkweedButterfly.jpg,Liuchiou Blue Spotted Milkweed Butterfly,httpss://www.zoo.gov.tw/iTAP/03_Animals/InsectHouse/0_InsectHouse/LBSMB/LiuchiouBlueSpottedMilkweedButterfly.jpg,Liuchiou Blue Spotted Milkweed Butterfly,httpss://www.zoo.gov.tw/iTAP/03_Animals/InsectHouse/0_InsectHouse/LBSMB/LiuchiouBlueSpottedMilkweedButterfly.jpg
129,Yellow Emperor,MULTIPOINT ((121.5807004 24.9967434)),Insectarium,Chitoria Chrysolora,Arthropoda,Insecta,Lepidoptera,Nymphalidae,,Mountains at low and mid elevations in Taiwan.,Evergreen broadleaf forests.," 1. It is a medium-sized brush-footed butterfly.
 2. The body of the male butterfly is a pale yellowish-brown on the dorsal surface, with the abdomen being yellowish-white. In females, the dorsal surface is dark brown, and the abdomen is white.
 3. The forewings are triangular with the center of the outer margins indented. The male butterfly has a protruding apex.
 4. The hindwings are triangular. The upper surface of the wings of the male butterfly is orange-yellow. There is a black-brown spot inside the CuA1 cells of the fore- and hindwings, and a dark brown pattern on the forewing apex, outer margin and center of the costal margin. The outer margins of the hindwings also have black-brown stripes.
 5. The undersides of the wings are light-colored and lack dark patterning. The CuA1 cells of the fore- and hindwings also contain a black-brown spot. The spots on the hindwings are surrounded by an eye-like pattern. The center of the hindwings has a brown stripe extending from the tornus to the center of the costal margin. The apex is arched outwards.
 6. The upper surfaces of the wings of the female butterfly are dark brown. The central spot may be white or yellow, with several white and yellow spots on the outer margins of the forewings. Cell CuA1 of the fore- and hind-wings each have a black-brown spot as well. The undersides of the wings are olive. The central mark contains a dark stripe. The cilia is brown.   "," 1. Polyvoltine, which means it goes through multiple generations in a year.
 2. Adults are fast and lively flyers. Their preferred foods are tree sap and rotten fruit.
 3. Female butterfly lays egg masses on the underside of leaves. Larvae are gregarious and live on the underside of leaves.
 4. It overwinters as a non-hibernating larvae.","Adults are fast and lively flyers. Their preferred foods are tree sap and rotten fruit.
Larvae feed on the leaves of trees from the family Celtis including Taiwan hackberry, Biond's hackberry, and Chinese hackberry.",,YE,Yellow Emperor,httpss://www.zoo.gov.tw/iTAP/03_Animals/InsectHouse/0_InsectHouse/YE/YellowEmperor01.jpg,Yellow Emperor,httpss://www.zoo.gov.tw/iTAP/03_Animals/InsectHouse/0_InsectHouse/YE/YellowEmperor02.jpg,Yellow Emperor,httpss://www.zoo.gov.tw/iTAP/03_Animals/InsectHouse/0_InsectHouse/YE/YellowEmperor02.jpg,Yellow Emperor,httpss://www.zoo.gov.tw/iTAP/03_Animals/InsectHouse/0_InsectHouse/YE/YellowEmperor02.jpg
130,Plain Tiger,MULTIPOINT ((121.5807004 24.9967435)),Insectarium,Danaus Chrysippus,Arthropoda,Insecta,Lepidoptera,Nymphalidae,,"It is found in areas of low and mid elevations in Taiwan. It has also been recorded on offshore islands such as Lanyu, Penghu, Ludao, Gueishan Island, and Mazu. It has extensive distribution in the subtropical regions of Asia, the Indo-Malaya region, and Australia.","Open grasslands, urban forests, wastelands, and parks."," 1. Males and females have similar patterning. The body, thorax and legs are black-brown with white spots and stripes. The dorsal surface of the abdomen is yellow, and the flanks are white. The male butterfly has hairy forelegs while the female butterfly does not.
 2. The forewings are almost triangular, with the costal margin curving outwards towards the apex. The hindwings are quite round. The undersides of the wings are orange, and the apical area of the forewings is black-brown. Inside are white spots that form a diagonal stripe. Behind the black-brown area is a dark brown region that extends into the cell or to the base. The hindwings have three small black-brown spots near the cell. The margins have a black-brown border and contain white spots. The hindwing surface occasionally has a white stripe.
 3. The male butterfly has a black pouch structure inside cell CuA2 on its hindwings. The opening runs along the CuA2 vein. The pouch contains black-brown specialized scales.
 4. The undersides of the wings have a similar pattern to that found on its dorsal surface, but the white pattern is more developed. The forewings also have an additional orange-yellow spot at the apex. There is a white pattern on the pouch structure of the male butterfly's hindwings. There are alternating black and white cilia on the margins.   ","Larvae of the common tiger butterfly consume alkaloids to ward off predators. The butterfly usually flies slowly and close to the ground in a straight line. This method of flying gives predators plenty of time to recognize and avoid them. The bright coloration is meant to be a warning to predators. If attacked, they will play dead and secrete a foul-smelling liquid, forcing the predator to leave them alone.   ","The larva's host plants include sillow-leaved justicia, milk weed, giant carrionflower, cynanchum mooreanum, blackened wwallowwort and other members of the Dogbane family (Apocynacea). It feeds on new buds, young leaves, leaves and flowers.",,PT,Plain Tiger,httpss://www.zoo.gov.tw/iTAP/03_Animals/InsectHouse/0_InsectHouse/PT/PlainTiger01.jpg,Plain Tiger,httpss://www.zoo.gov.tw/iTAP/03_Animals/InsectHouse/0_InsectHouse/PT/PlainTiger02.jpg,Plain Tiger,httpss://www.zoo.gov.tw/iTAP/03_Animals/InsectHouse/0_InsectHouse/PT/PlainTiger02.jpg,Plain Tiger,httpss://www.zoo.gov.tw/iTAP/03_Animals/InsectHouse/0_InsectHouse/PT/PlainTiger02.jpg
131,Yellow Coster,MULTIPOINT ((121.5807004 24.9967436)),Insectarium,Acraea issoria formosana,Arthropoda,Insecta,Lepidoptera,Nymphalidae,Critically Endangered (CR),"It is found in the mountains of low and mid elevations in Taiwan. Those found in Mazu belong to a different sub-species. Its distribution outside of Taiwan includes southern China, the Himalayas, Indochina Peninsula, Sumatra and Java.  ",Mainly in evergreen broadleaf forest margins and humid grasslands.    ,"1. It is a medium-sized brush-footed butterfly.
2. The prothorax has an orange-yellow pattern. The dorsal surface of the body is black-brown and pairs of pale-yellow brown spots run along the abdomen. The flanks are yellow-white and a pair of black-brown stripes run lengthwise. The tip of the abdomen is orange-yellow or yellow-white.
3. The forewings are narrow with the outer margins protruding outwards to form an arc. The central section of the hindwing outer margins forms an angle. The upper surfaces of the wings are orange-yellow. The outer margin has a black border with a row of yellow spots inside. There are short, black patterns on the cell side of the forewings and its margins.
4. The undersides of the wings are orange-yellow with the hindwings being a of lighter color. A black-brown wavy stripe runs along the outer margins while the hindwings have an orange belt inside the wavy stripe. The cilia are black-brown.","Polyvolltine, which means it goes through multiple generations in a year. It is a slow flyer that visits flowers for nectar. The eggs are laid en masse on the underside of leaves. Larvae prefer to live in groups.
","1. Adults visit flowers.
2. The larvae feed on Ramie, dense-flowered false nettle, oysterleaf, hairy pouzolzia, Pouzolzia elegans and other members of the Nettle family (Urticaceae).",,YC,Yellow Coster,httpss://www.zoo.gov.tw/iTAP/03_Animals/InsectHouse/0_InsectHouse/YC/YellowCoster.jpg,Yellow Coster,httpss://www.zoo.gov.tw/iTAP/03_Animals/InsectHouse/0_InsectHouse/YC/YellowCoster.jpg,Yellow Coster,httpss://www.zoo.gov.tw/iTAP/03_Animals/InsectHouse/0_InsectHouse/YC/YellowCoster.jpg,Yellow Coster,httpss://www.zoo.gov.tw/iTAP/03_Animals/InsectHouse/0_InsectHouse/YC/YellowCoster.jpg
132,Staff Sergeant,MULTIPOINT ((121.5807004 24.9967437)),Insectarium,Athyma selenophora laela,Arthropoda,Insecta,Lepidoptera,Nymphalidae,Least Concern (LC),It is found in areas of low and mid elevations in Taiwan. It has been recorded on offshore islands such as Gueishan Island and Penghu. Its distribution elsewhere includes all parts of the Indo-Malaya region except for the Philippines.   ,Mainly in evergreen broadleaf forests and coastal forests.,"1. It is a medium-sized brush-footed butterfly.
2. The dorsal surface of the body is black-brown with white spots at the front of the thorax and a white band at the front of the abdomen. The abdomen is white on the sides. The antennae of the male butterfly are yellow-brown at the tip.
3. The compound eyes have sparse hairs. The forewings are an orthogonal triangle shape. The outer margins are indented at the center. This is particularly pronounced in the male.
4. The hindwings are fan-shaped. The base color of the undersides of the wings is black-brown and the surface is covered with white bands, stripes and spots.
5. The cells of the female butterfly's forewings contain white stripes split into several segments by thin, black-brown stripes. The white central spot is arranged in fold lines. The discal have short white stripes arranged in curved segments. The inner and outer margins of the hindwings each have a white stripe. The pattern on the inner margin is a band while the pattern of the outer margin is white spots arranged along an arc. The underside of the wings are dark brown and the white pattern is present on the dorsal surface as well. A white line runs along the outer margins of the wings. There is a dark colored belt between the inner margin and the outer margin of the hindwings. The base of the hindwings feature black-brown hollow pattern and white stripes. Black crescent markings are located forward to the white stripe.
6. The upper surface of the male butterfly's fore- and hindwings each have just a short white band running parallel to the outer margin. There are three small white stripes forward of the white band on the forewings. The underside of the wings feature in addition to the short white band two white lines along the outer margins. There are alternating black and white cilia on the margins.","Polyvolltine, which means it goes through multiple generations in a year.
Adult butterflies are often active along forest edge.","Adult butterflies are often active on the forest edge. They visit flowers for nectar but will also suck on rotten organic matter and water. Larvae feed on the leaves of Buddha's lamp, Formosan gambir, Formosan wenlandia, common wenlandia and other plants from the Madder family (Rubiacea).",,SSC,Staff Sergeant,httpss://www.zoo.gov.tw/iTAP/03_Animals/InsectHouse/0_InsectHouse/SS/StaffSergeant01.jpg,Staff Sergeant,httpss://www.zoo.gov.tw/iTAP/03_Animals/InsectHouse/0_InsectHouse/SS/StaffSergeant02.jpg,Staff Sergeant,httpss://www.zoo.gov.tw/iTAP/03_Animals/InsectHouse/0_InsectHouse/SS/StaffSergeant02.jpg,Staff Sergeant,httpss://www.zoo.gov.tw/iTAP/03_Animals/InsectHouse/0_InsectHouse/SS/StaffSergeant02.jpg
133,Common Tiger,MULTIPOINT ((121.5807004 24.9967438)),Insectarium,Danaus Genutia,Arthropoda,Insecta,Lepidoptera,Nymphalidae,,"It is found at low and mid elevations in Taiwan. It is also recorded on offshore islands including Lanyu, Penghu, Ludao, Gueishan Island, Keelung Islet, Dongsha Island, Kinmen and Mazu. Its distribution elsewhere includes western China, southern China, eastern China, South Asia, the Himalayas, Indochina Peninsula, Southeast Asia, and Australia.   
 ",Mainly in open areas such as the forest edge or grasslands.  ," 1. It is a medium-sized milkweed butterfly.
 2. The body and thorax are black-brown with white spots and stripes.
 3. The abdomen is orange with small white stripes and spots on the ventral surface and flanks.
 4. The upper surface of the wings are orange with a distinctive blackening of the wing veins and surrounding areas. The forewings are black-brown at the apex. Inside are white spots arranged in diagonal rows. The hindwing margin is black-brown and contains white spots. The male butterfly has a black pouch structure inside cell CuA2 on its hindwings. The opening runs along the CuA2 vein. The pouch contains black-brown specialized scales. The undersides of the wings have a similar pattern to the dorsal surface, but the white pattern is more developed. The forewings also have an additional light brown spot at the apex.
 5. The pouch-like structure on the hindwings of the male butterfly is raised. There are alternating black and white cilia on the margins.   ","Polyvoltine species, which means it goes through multiple generations in a year. Adult butterflies prefer sunny, open areas. They fly slowly and visit flower for nectar.","Adults visit flowers for nectar. 
Larvae feed on Formosan swallowwort and Lanyu swallowart and other members of the Dogbane family (Asclepiadaceae).",,CT,Common Tiger,httpss://www.zoo.gov.tw/iTAP/03_Animals/InsectHouse/0_InsectHouse/CT/CommonTiger_Pic01.jpg,Common Tiger,httpss://www.zoo.gov.tw/iTAP/03_Animals/InsectHouse/0_InsectHouse/CT/CommonTiger_Pic02.jpg,Common Tiger,httpss://www.zoo.gov.tw/iTAP/03_Animals/InsectHouse/0_InsectHouse/CT/CommonTiger_Pic03.jpg,Common Tiger,httpss://www.zoo.gov.tw/iTAP/03_Animals/InsectHouse/0_InsectHouse/CT/CommonTiger_Pic03.jpg
134,Blue Tiger,MULTIPOINT ((121.5807004 24.9967439)),Insectarium,Tirumala limniace limniace,Arthropoda,Insecta,Lepidoptera,Nymphalidae,Critically Endangered (CR),"It is found at low and mid elevations in Taiwan. It is also recorded on offshore islands including Lanyu, Penghu, Ludao, Gueishan Island, Keelung Islet, Dongsha Island Mazu. Its distribution elsewhere includes western China, southern China, eastern China, south Asia, and Southeast Asia.",Mainly in costal forests and evergreen broadleaf forests.," 1. It is a medium-sized milkweed butterfly.
 2. Its body, thorax and legs are black-brown with white spots and stripes.
 3. The upper surface of its abdomen is dark brown, the flanks are yellow with white stripes, and a row of white spots on either flank.
 4. The forewings have a protruding apex. The upper surfaces of the wings are dark brown and covered with a semi-transparent greenish-white pattern. These form lines at the base and become spots at the outer margins. The basic pattern of cell M3 in the forewings are separated into inner pattern and outer pattern. The male butterfly's pouch structure has an opening inside CuA1 so that the venation next to CuA1 can be curved. There are gray specialized scales inside the pouch structure and near the opening. The upper surface of the wings is similar to the dorsal surface. The forewings have a dark brown inner margin while the rest of the wing surface is a light yellowish-brown.
 5. The pouch structure on the hindwings of the male butterfly is semi-circular, pale yellow, with a  dark brown tip. There are alternating black and white cilia on the margins.   ",Polyvolltine. It goes through multiple generations in a year. It is a slow flyer that visits flower for nectar. The larvae feed on green wax flower and cowslip creeper vine and other plants from the milkweed family (Asclepiadaceae).   ,Adults visit flowers for nectar. The larvae feed on green wax flower and cowslip creeper vine and other plants from the milkweed family (Asclepiadaceae).   ,,OOL,Blue Tiger,httpss://www.zoo.gov.tw/iTAP/03_Animals/InsectHouse/0_InsectHouse/BT/BlueTiger.jpg,Blue Tiger,httpss://www.zoo.gov.tw/iTAP/03_Animals/InsectHouse/0_InsectHouse/BT/BlueTiger.jpg,Blue Tiger,httpss://www.zoo.gov.tw/iTAP/03_Animals/InsectHouse/0_InsectHouse/BT/BlueTiger.jpg,Blue Tiger,httpss://www.zoo.gov.tw/iTAP/03_Animals/InsectHouse/0_InsectHouse/BT/BlueTiger.jpg
135,Orange Oak Leaf,MULTIPOINT ((121.5807004 24.9967440)),Insectarium,Kallima inachis formosana,Arthropoda,Insecta,Lepidoptera,Nymphalidae,Least Concern (LC),"It is found at low and mid elevations in Taiwan and on offshore islands such as Gueishan Island and Lanyu. Its distribution outside of Taiwan includes southern China, the Himalayas, Indochina Peninsula, Southeast Asia and southern Japan.",Evergreen broadleaf forests.," 1. Its egg is shaped like a dark green ball. The first instar is black-brown while the other instars are black. Thin, long spines with red base grow along the flanks of the caterpillar's body.
 2. The pupa has cone-shaped protrusions, and is black-brown with white-brown spots.
 3. Adult wings are purple-black. Its forewings have a thick, orange stripe running from the frontal margin to the center of the outer margin. The underside of the wings resemble a dried leaf and has similar venation.
 4. It is a large brush-footed butterfly.
 5. The upper side of its body is dark brown, while the flanks are light brown.
 6. Its forewings are hemispherical with a curved frontal margin. The apex is pointed, and the rear part of the outer margin protrudes outwards. The hindwings are round with a finger-like protrusion at the tip of the 1A+2A vein. The underside of the wings is dark brown with black-brown wavy lines on the submargins. The wing surface is indigo with a metallic sheen. Cell CuA1 of the forewings has a small eye pattern. The center of the eye pattern has a small, white semi-transparent spot. The intersection of veins R5 and R6 in cell R4 of the forewings may sometimes have a small yellow-white pattern. A wide, orange-yellow diagonal stripe runs through the center of the wing. The underside of the wings shows a distinctive variation in patterning. The basic color is yellow-brown or brown, and it is covered with a mottled pattern that varies in hue and color. In the center of the wing is a dark line that runs from the forewing apex to the center of the inner margin, then from the center of the hindwings’ costal margin to the finger-like protrusion at the tip of veins 1A+2A. Dark brown cilia.   
 ","1. The dead leaf butterfly is named because of its appearance, which provides it with an effective protection against detection by enemies.
 2. Larvae have long, thin spines and spurt an irritating liquid when threatened or disturbed It feeds at dusk and dawn so is more difficult to observe in the wild.
 3. The dead leaf butterfly does not visit flowers for nectar. It prefers to stay on the ground to suck on fermented fruit, urine or bodily liquids of other animals. When disturbed, it will shoot into the air and fly rapidly into a nearby bush to hide.   ","Primary host plants include Lepidagathis formosensis, Strobilanthes formosanus, Strobilanthes glandulifera, and Strobilanthes rankanensis. Adult butterfly feeds on rotten fruit and tree sap.",,OakLeaf,Orange Oak Leaf,httpss://www.zoo.gov.tw/iTAP/03_Animals/InsectHouse/OakLeaf/OrangeOakLeaf_Pic01.jpg,Orange Oak Leaf,httpss://www.zoo.gov.tw/iTAP/03_Animals/InsectHouse/OakLeaf/OrangeOakLeaf_Pic02.jpg,Orange Oak Leaf,httpss://www.zoo.gov.tw/iTAP/03_Animals/InsectHouse/OakLeaf/OrangeOakLeaf_Pic03.jpg,Orange Oak Leaf,httpss://www.zoo.gov.tw/iTAP/03_Animals/InsectHouse/OakLeaf/OrangeOakLeaf_Pic03.jpg
136,Omnivorous ant,MULTIPOINT ((121.5807004 24.9967441)),Insectarium,Camponotus habereri,Arthropoda,Insecta,Hymenoptera,Formicidae,,"The Camponotus habereri has been found in China, Japan and Taiwan. They are widely distributed in low- and middle-elevation areas in Taiwan. It is mainly distributed in East Asia. However, in recent years, they have also been found in Australia and have become an invasive species.","The Camponotus habereri is a tree-dwelling ant that lives in forests. It also builds nests on tree trunks in mixed forests on the city fringe, urban green belts and on street trees.
","It is a large ant with polymorphic workers. Small workers measure between 7.0 to 7.6 mm in length while large workers measure 12.1 to 12.5 mm in length. The head is egg-shaped. Occiput is smooth and the cranium is covered with short, sparse seta. The frontal lobe has atrophied into a plate that covers the antenna socket. There is a distinct frontal triangle. There is no obvious antenna socket and the antenna scrobe is indistinct as well. The front margin of the clypeus is smooth, protruding or indented. The median clypeal seta and a pair of lateral clypeal seta are present. The mandibles are triangular or sub-triangular. There are more than seven denticles on the mandible apical margin. The antenna has 12 segments with no distinct club. The compound eyes are large and obvious. There is no obvious keel in the promesonotum. The promesonotum is smooth with no sculpting. A pair of long, needle-like seta grow from the pronotum and mesonotum. The promesonotum is completely fused and there is no metanotal groove. The metanotal suture is present and the metapleural gland has completely atrophied with no orifices. Mesothoracic spiracles are present. Propodeum is smooth, unsculpted and hairless. There is no propodeal spine or propodeal lobe. The propodeal spiracle is elongated. Petiole has no peduncle and the node is triangular. There is no petiole spine or subpetiolar process. Tergite is smooth and unsculpted with seta of uniform length. The stinger has devolved and the acidopore is present as a circular opening with no seta. The body has two colors, with the head, mesosoma and petiole being dark red, and the abdomen gaster being black with light brown patches.","It feeds on plant nectar, nectary secretions, or small dead insects in the environment. Teams of workers set out to forage separately. They will also recruit workers. It forages at night.","Omnivorous ant that feeds on plant nectar, nectary secretions, or small dead insects in its environment. Teams of workers forage on their own. They will also recruit workers. It forages at night.",,Ch,Omnivorous ant,httpss://www.zoo.gov.tw/iTAP/03_Animals/InsectHouse/0_InsectHouse/Ch/Camponotushabereri01.jpg,Omnivorous ant,httpss://www.zoo.gov.tw/iTAP/03_Animals/InsectHouse/0_InsectHouse/Ch/Camponotushabereri01.jpg,Omnivorous ant,httpss://www.zoo.gov.tw/iTAP/03_Animals/InsectHouse/0_InsectHouse/Ch/Camponotushabereri01.jpg,Omnivorous ant,httpss://www.zoo.gov.tw/iTAP/03_Animals/InsectHouse/0_InsectHouse/Ch/Camponotushabereri01.jpg
137,Common Emperor,MULTIPOINT ((121.5807004 24.9967446)),Insectarium,Anax panybeus,Arthropoda,Insecta,Odonata,Aeshnidae,Critically Endangered (CR),"In stationary bodies of water with abundant aquatic plants, such as ponds and swamps, below an elevation of 1,000 m.","Stationary bodies of water such as lakes, swamps and ponds.","
1. Its abdomen is between 63 to 68 mm in length, and the hindwings measure 50 to 53 mm in length.
2. It has green compound eyes with an H-shaped black marking on the forehead.
3. The synthorax and the first segment of the abdomen are green, the second and third segments are blue, and the remainder are all black. There are yellow spots on the sides of the abdomen.
4. Females are similar in appearance to males.","1. The nymph lives in ponds or swamps overgrown with aquatic plants.
2. Adults emerge between April to November. Males patrol the air above their territory
3. Females are usually only active around water when they are ready to lay eggs. The eggs are laid inside the stems of aquatic plants, algae, and inside the leaves of large plants on the surface.
4. Sightings have been recorded all-year-round. They are usually circling over water bodies.
5. The nymphs will emerge during both day and night. This is the most widely distributed and most adaptable of all dragonfly species in Taiwan.",It can catch small flying insects in mid-air.,,CE,Common Emperor,httpss://www.zoo.gov.tw/iTAP/03_Animals/InsectHouse/0_InsectHouse/CE/CommonEmperor01.jpg,Common Emperor,httpss://www.zoo.gov.tw/iTAP/03_Animals/InsectHouse/0_InsectHouse/CE/CommonEmperor02.jpg,Common Emperor,httpss://www.zoo.gov.tw/iTAP/03_Animals/InsectHouse/0_InsectHouse/CE/CommonEmperor02.jpg,Common Emperor,httpss://www.zoo.gov.tw/iTAP/03_Animals/InsectHouse/0_InsectHouse/CE/CommonEmperor02.jpg
138,Oriental Scarlet,MULTIPOINT ((121.5807004 24.9967447)),Insectarium,Crocothemis servilla servilla,Arthropoda,Insecta,Odonata,Libellulidae,Critically Endangered (CR),"In stationary bodies of water with abundant aquatic plants, such as ponds, rice paddies and swamp,s below an elevation of 1,300 m.","Stationary bodies of water such as lakes, swamps and ponds.","1. Its abdomen is between 27 to 33 mm in length, and the hindwings measure 32 to 37 mm in length.
2. Males have red composite eyes, synthorax and abdomen. A black stripe runs down the center of the abdomen's dorsal surface. The wings are transparent with red wing venation.
3. Females are completely yellow except for a black line on the abdomen, similar to that of the males.
Males are almost completely crimson in color. On the dorsal surface of the abdomen is a fine black line. The wings are transparent with a bit of orange at the roots and yellow wing venation. Females are either yellowish-brown or brown.","1. The nymphs inhabit rivers, ponds, swamps and river paddies.
2. Adults emerge between March and November. Adult males often land on twigs or grass near water bodies to claim their territory.
3. Females hover over water to lay their eggs.
4. It is one of the earliest dragonfly species to appear in any newly-excavated ponds on the plains. It, along with the slender skimmer, are very common dragonflies. ",Insectivorous and can catch small flying insects in mid-air.,,OS,Oriental Scarlet,httpss://www.zoo.gov.tw/iTAP/03_Animals/InsectHouse/0_InsectHouse/OS/OrientalScarlet01.jpg,Oriental Scarlet,httpss://www.zoo.gov.tw/iTAP/03_Animals/InsectHouse/0_InsectHouse/OS/OrientalScarlet02.jpg,Oriental Scarlet,httpss://www.zoo.gov.tw/iTAP/03_Animals/InsectHouse/0_InsectHouse/OS/OrientalScarlet03.jpg,Oriental Scarlet,httpss://www.zoo.gov.tw/iTAP/03_Animals/InsectHouse/0_InsectHouse/OS/OrientalScarlet04.jpg
139,Red Percher,MULTIPOINT ((121.5807004 24.9967448)),Insectarium,Neurothemis ramburii ramburii,Arthropoda,Insecta,Odonata,Libellulidae,Critically Endangered (CR),"In stationary bodies of water such as ponds, swamps and rice paddies on the plains and mountains of Taiwan. It is more common in the east and south.","Preferred habitats include stationary or moving bodies of water, such as lakes, wild ponds, streams, rice paddies and swamps. It is a very common dragonfly. Adults will rest on branches overhanging the water.","Adult fickle dragonflies grow to 3.4 to 4.2 cm in length.
Male:
1. Its composite eyes are dark reddish-brown.
2. The final segments of its abdomen have 3 longitudinal black lines running down the dorsal surface. Its abdomen is reddish-brown with a black tip.
3. The central dorsal ridge has a black stripe. It is flanked by fine, black markings.
4. Around three-quarters of its wings, starting from the roots, is reddish-brown. The wing tips have a small transparent patch and wing venation is red.
Female:
1. Its body shape and color are similar to that of a male. Black markings at the center and on the sides of its abdomen are thicker and more distinct. Longitudinal stripes along the margins are particularly well-developed.
2. Its body can be either red or yellowish-brown. Wing venation is either yellowish-white or red.","1. The nymphs inhabit rivers, ponds, swamps and river paddies.
2. Adults emerge between March and November. They are mostly active around rivers but will sometimes appear around stationary bodies of water.
3. Females hover over water to lay their eggs.",Insectivorous and can catch small flying insects in mid-air.,,RP,Red Percher,httpss://www.zoo.gov.tw/iTAP/03_Animals/InsectHouse/0_InsectHouse/RP/RedPercher01.jpg,Red Percher,httpss://www.zoo.gov.tw/iTAP/03_Animals/InsectHouse/0_InsectHouse/RP/RedPercher02.jpg,Red Percher,httpss://www.zoo.gov.tw/iTAP/03_Animals/InsectHouse/0_InsectHouse/RP/RedPercher02.jpg,Red Percher,httpss://www.zoo.gov.tw/iTAP/03_Animals/InsectHouse/0_InsectHouse/RP/RedPercher02.jpg
140,Barbary Sheep,MULTIPOINT ((121.5878686 24.9938388)),Africa Animal Area,Ammotragus lervia,Chordata,Mammalia,Artiodactyla,Bovidae,Vulnerable (VU),Algeria; Chad; Egypt; Libya; Mali; Mauritania; Morocco; Niger; Sudan; Tunisia,"
Arid mountainous area","The coat is sandy-brown with a tint of red. The inside of the ears, face, flanks, and inner side of the limbs are white. With Long tails and small ears. Rams have a long, soft mane that runs from the throat to the forelegs. Rams and ewes are both horned. Horns on rams grow outwards then curving inwards again.","1. Barbary Sheeps live in barren, rocky and desert regions. Due to the lack of large trees for hiding, they freeze when they sense danger.
2. They gain water from plants and dew in the arid habitat. 
3. They usually form small herds which are led by one ram and consist of several ewes and their lambs.
3. Since the Barbary Sheep were introduced to California, New Mexico, and Texas in the US, they competes with the native Bighorn Sheep (Ovis canadensis) for food and resources and leads to a serious impacts. 
",Herbivorous.,,Sheep-B,Barbary Sheep,https://www.zoo.gov.tw/iTAP/03_Animals/AfricanArea/Sheep-B/Sheep-B_Pic01.jpg,Barbary Sheep,https://www.zoo.gov.tw/iTAP/03_Animals/AfricanArea/Sheep-B/Sheep-B_Pic02.jpg,Barbary Sheep,https://www.zoo.gov.tw/iTAP/03_Animals/AfricanArea/Sheep-B/Sheep-B_Pic03.jpg,Barbary Sheep,https://www.zoo.gov.tw/iTAP/03_Animals/AfricanArea/Sheep-B/Sheep-B_Pic04.jpg
141,"White Rhinoceros,Square-Lipped Rhinoceros","MULTIPOINT ((121.5884721 24.9941815), (121.5868279 24.9944757), (121.5868534 24.9940406))",Africa Animal Area,Ceratotherium simum,Chordata,Mammalia,Perissodactyla,Rhinocerotidae,Near Threatened (NT),"South Africa; Botswana, Eswatini, Namibia, Uganda, Zimbabwe have reintroduced population; Kenya and the Republic of Zambia have assisted colonisation.","The White Rhinoceros livs in flat terrain dense scrub with food, and water source.","The coat ranges from sandy-brown to gray in color. The ears and tail are fringed with stiff bristles while the other parts are hairless. The upper lip is square. The stout body has short legs and a thick, rough hide.","1. The name comes from the Dutch word wijd meaning “wide,” a reference to their wide, flat lips. This was later misinterpreted as “white” hence the name “White Rhinoceros.” It is also known as the “Square-lipped Rhinoceros.” Their wide, square lips eat grass like a lawn-mower.
2. White rhinoceros has poor eyesight. They depend mainly on their hearing and smelling. They can also run reach a speed of 40km/h. White rhinoceros usually are more placid and less aggressive than the Black rhinoceros.
3. Most white rhinoceroses live in herds that consist of female rhinos and their calf. Adult males are mostly solitary. They mark their territories by spraying urine and feces. Males fight each other with their horns for territory.
4. Mostly active at dawn, dusk and at night. During the day, they rest in the shade or soak in water.
",Herbivorous. Mainly grass.,,Rhino-W,"White Rhinoceros,Square-Lipped Rhinoceros",https://www.zoo.gov.tw/iTAP/03_Animals/AfricanArea/Rhino-W/Rhino-W_Pic01.jpg,"White Rhinoceros,Square-Lipped Rhinoceros",https://www.zoo.gov.tw/iTAP/03_Animals/AfricanArea/Rhino-W/Rhino-W_Pic02.jpg,"White Rhinoceros,Square-Lipped Rhinoceros",https://www.zoo.gov.tw/iTAP/03_Animals/AfricanArea/Rhino-W/Rhino-W_Pic03.jpg,"White Rhinoceros,Square-Lipped Rhinoceros",https://www.zoo.gov.tw/iTAP/03_Animals/AfricanArea/Rhino-W/Rhino-W_Pic04.jpg
142,"Black-and-white ruffed Lemur,Variegated Lemur",MULTIPOINT ((121.5888302 24.9942472)),Africa Animal Area,Varecia variegata,Chordata,Mammalia,Primates,Lemuridae,Critically Endangered (CR),Eastern Madagascar.,Low-to-mid elevation primary forest with tall trees with broad crowns.,"Black-and-white ruffed lemurs are the largest lemurs. Their ears and parts of neck are covered with long, dense, white fur giving rise to the ""Black-and-white ruffed” part of their name. The main color of the fur on body face is black. The limbs, back, and the head are covered with white patches. There are four subspecies located in different area and different black and white colored patterns.
","1. Black-and-white ruffed Llemurs are diurnal and are mainly active at dawn and dusk. They are most active between 5 to 7 pm in the evening.
2. Being arboreal primates, they move with ease through the branches and use a loud, distinctive call to announce their territory. Their larger size makes them must take extra care when moving in the trees.
3. They are social animals. Female lemurs build nests to raise their offspring. There are usually one to two per litter. Insted of huging mother all the time, newborn lemurs are placed in the nest and picked up by their mother’s mouth during movement. ","Mainly eats fruit, seeds, leaves, and pollen. ",,Lemur-R,"Black-and-white ruffed Lemur,Variegated Lemur",https://www.zoo.gov.tw/iTAP/03_Animals/AfricanArea/Lemur-R/Lemur-R_Pic01.jpg,"Black-and-white ruffed Lemur,Variegated Lemur",https://www.zoo.gov.tw/iTAP/03_Animals/AfricanArea/Lemur-R/Lemur-R_Pic02.jpg,"Black-and-white ruffed Lemur,Variegated Lemur",https://www.zoo.gov.tw/iTAP/03_Animals/AfricanArea/Lemur-R/Lemur-R_Pic03.jpg,"Black-and-white ruffed Lemur,Variegated Lemur",https://www.zoo.gov.tw/iTAP/03_Animals/AfricanArea/Lemur-R/Lemur-R_Pic04.jpg
143,Common Eland,MULTIPOINT ((121.5869164 24.9948999)),Africa Animal Area,Taurotragus oryx,Chordata,Mammalia,Artiodactyla,Bovidae,Least Concern (LC),From Ethiopia and southern Democratic Republic of the Congo to South Africa,Open terrain.,"Common elands are sexually dimorphic. Females are tan-brown with vertical white stripes and the dewlap is not pronounced. Males have a tuft of darker fur on their foreheads and have a bluish-gray color.  Their skin tend towards dark-gray as they grow older. The white stripes are less distinct and the dewlap is more pronounced than the females.
Their horns have a slight spiral shape. Male horns are thicker and shorter. ","1. Social animals that mainly live on the savanna and open forests. They are non-territorial. Dawn and night-time are when they foraging and move around. If the weather is too hot then they hide in the shade.
2. There is a hierarchy among the males in the herd. Only high-ranking males have breeding rights.",Herbivorous. Likes to eat leaves and juicy fruit. Will also eat grass and tree roots.,,Eland,Common Eland,https://www.zoo.gov.tw/iTAP/03_Animals/AfricanArea/Eland/Eland_Pic01.jpg,Common Eland,https://www.zoo.gov.tw/iTAP/03_Animals/AfricanArea/Eland/Eland_Pic02.jpg,Common Eland,https://www.zoo.gov.tw/iTAP/03_Animals/AfricanArea/Eland/Eland_Pic03.jpg,Common Eland,https://www.zoo.gov.tw/iTAP/03_Animals/AfricanArea/Eland/Eland_Pic04.jpg
144,Olive Baboon,MULTIPOINT ((121.5884265 24.9940418)),Africa Animal Area,Papio anubis,Chordata,Mammalia,Primates,Cercopithecidae,Least Concern (LC),"Olive Baboons are the most extensively distributed of the baboons. The range extends westwards to southern Mauritania and Mali, eastwards to Ethiopia and Somalia, southwards to Democratic Republic of Congo and Tanzania.","Habitats include the savanna, grasslands, open forests, and gravel mountains.","The coat is olive in color while the face is black and naked. The coat is longer around the neck and shoulders of males, and they are also stronger. The muzzle is elongated like that of a dog and the tail is an upside-down U-shape.","1. They are diurnal animals mainly live on the savanna, grasslands, open forests, and gravel mountains. At night, it sleeps on trees or cliffsides. It is usually terrestrial but can climb trees.
2. Social animals that usually have 30 to 60 individuals per group. There are more female baboons in the group but the males have a higher status. Male baboons use fights and alliances to decide their respective places in the hierarchy. Only high-ranking male baboons can mate with female baboons in heat. The alfa (top-ranking) male is the group leader and decides the group’s movements. 
3. There are large numbers of baboons in Africa with a very wide distribution. Local farmers often have conflicts with baboons because baboons eat their crops.
","Omnivorous. Eats various parts of different plants (the fruit, seed, rhizome, root, leaf, flower) as well as invertebrates, reptiles, birds, and small mammals. They are opportunist and eat whatever is convenient and in plentiful supply.
",,Baboon,Olive Baboon,https://www.zoo.gov.tw/iTAP/03_Animals/AfricanArea/Baboon/Baboon_Pic01.jpg,Olive Baboon,https://www.zoo.gov.tw/iTAP/03_Animals/AfricanArea/Baboon/Baboon_Pic02.jpg,Olive Baboon,https://www.zoo.gov.tw/iTAP/03_Animals/AfricanArea/Baboon/Baboon_Pic03.jpg,Olive Baboon,https://www.zoo.gov.tw/iTAP/03_Animals/AfricanArea/Baboon/Baboon_Pic04.jpg
145,Gorilla,MULTIPOINT ((121.5874207 24.9938291)),Africa Animal Area,Gorilla gorilla,Chordata,Mammalia,Primates,Hominidae,Critically Endangered (CR),"Cameroon, Central African Republic (CAR),  Republic of Equatorial Guinea, Gabon, Democratic Republic of Congo.","Gorillas inhabit tropical rainforests. They can be found in mountain rainforests and bamboo groves from the lowlands up to an altitude of 3,000m. They prefer to live on the edge of forests near rivers in secondary forests. They are generally terrestrial but are good climbers. They are not swimmers however and even avoid forging in relatively shallow streams.","Gorila has no whiskers on their face. The fur ranges from gray to inky-black in color. Adult males having silver-white fur on the back are called ""silverback""; short nose and muzzle, small eyes and ears, and large nostrils. The forearm is shorter than the upper arm and the palms are large. The body is strong and solidly built.","1. Gorilla collects and handles food with their dexterous hands.
2. They forage and move during the day. At night, female and young gorillas build a nest out of leaves and twigs in the tree to sleep in. The heavier males generally nest on the ground. A nest is usually used for one night then abandoned. 
3. They are social animals with 2 to 37 individuals per group. They are led by an adult silverback whose son usually inherits leadership of the group after several years. Gorillas form very stable groups. The members are also closer to each other than Chimpanzees. Young male gorillas usually leave the mother group when they become adult. They live by themselves until he can attract a female willing to form a family group with him. Female gorillas also leave the group they grew up in to join another group or start a few families with a solitary male.
4. When threatened, it will roar loudly, stand up and beat its chest, as well as rush around breaking branches to intimidate the enemy.
5. The longest period that a gorilla was kept in captivity was 60 years.","Omnivorous. Mainly eats plants with 85% of its diet made up of leaves, stems, and buds. Roots, flowers, fruits, and insects are also consumed. ",,Gorilla,Gorilla,https://www.zoo.gov.tw/iTAP/03_Animals/AfricanArea/Gorilla/Gorilla_Pic01.jpg,Gorilla,https://www.zoo.gov.tw/iTAP/03_Animals/AfricanArea/Gorilla/Gorilla_Pic02.jpg,Gorilla,https://www.zoo.gov.tw/iTAP/03_Animals/AfricanArea/Gorilla/Gorilla_Pic03.jpg,Gorilla,https://www.zoo.gov.tw/iTAP/03_Animals/AfricanArea/Gorilla/Gorilla_Pic04.jpg
146,African Elephant,MULTIPOINT ((121.5884534 24.9952111)),Africa Animal Area,Loxodonta africana,Chordata,Mammalia,Proboscidea,Elephantidae,Vulnerable (VU),"
South of the Sahara Desert to Zimbabwe.","African elephants can survive in the forest, grassland, tropical savanna with sparse trees, or even semi-desert regions.","African elephants have a large head, short neck, with a massive body. Their limbs are long and cylindrical while the feet are short and flat. The soles are covered with elastic tissue to support the weight of the body. There is a tuft of loose fur on the end of the tail.
The skin is a dull brownish-gray color and has sparse, black bristles.
Elephant tusks are very long upper incisors.
The elephant’s trunk is made up of muscles. It is very strong and agile. There are dexterous finger-like upper and lower protrusions at the tip of trunk.","1. African elephants can adapt to a wide variety of conditions including forest, savanna, marsh, shrubland, and semi-arid scrub. They can be from at sea level up to altitudes of 5,000m. They choose the habitat with clean water and abundant food.
2. The elephant’s trunk has many functions. It can be used for picking up food, breathing, drinking, or spraying water over the body for cooling. African elephants have large ears covered with capillaries that can be used for heat dissipation.
3. African elephants are social animal. Females and their offsprings form a herd and led by a matriarch. Each herd has a clear and stable structure. The matriarch remains the leader until she dies and is succeeded by her eldest daughter. Male elephants are solitary. They approach the herd for mating when a female elephant is in heat. After mating the male will leave the herd.
4. Elephant tusks can be used for fighting, digging, eating, and marking. Male tusks are thicker and longer than those of females. Bigger elephants don’t necessarily grow longer tusks. Medium-sized male elephants that don’t like fighting or knocking down trees end up with the longest tusks.
5. Water is a critical resource for elephants. Not only for drinking, they also like to bathe in the water or submerge themselves completely with only the tips of their trunks showing.
6. Gestation lasts for up to 22 months. More than one year.
7. Individual animals communicate with each other in complex ways such as sight, touch, and sound (including ultrasound).
8.  African elephants have to eat large amount of food to maitain their enormous body. They push down the trees for foraging the leaves. Sometimes they break the trees when exciting or stressful. Therefore, some people think that they will destroy the ecology and have a negative impact. However, the loss of trees contributes to the regeneration of trees and make the gaps for other species to grow and more biodiversity.   非洲象體型龐大，食量驚人，常常會為了吃樹葉而摧殘樹木，有壓力或是興奮的時候也會把樹推倒，因此有人認為牠們會破壞生態，對於同類或是其他的生物都有負面的影響；其實，在人類尚未開發非洲前，象群對棲地的破壞有助於樹木的更新，使環境更為多樣化，更多種類的植物及動物得以生長於其間。然而，人類開發之後，象群的生存空間受到了限制，只能在國家公園及少部份未開發的地區活動，如此一來，象群對於生態環境的影響就很大了。","Herbivorous. Diet includes grass, tree buds, tree bark, twigs, roots, and fruits. Foods eaten changes with the season.",,Elephant-AF,African Elephant,https://www.zoo.gov.tw/iTAP/03_Animals/AfricanArea/Elephant-AF/Elephant-AF_Pic01.jpg,African Elephant,https://www.zoo.gov.tw/iTAP/03_Animals/AfricanArea/Elephant-AF/Elephant-AF_Pic02.jpg,African Elephant,https://www.zoo.gov.tw/iTAP/03_Animals/AfricanArea/Elephant-AF/Elephant-AF_Pic03.jpg,African Elephant,https://www.zoo.gov.tw/iTAP/03_Animals/AfricanArea/Elephant-AF/Elephant-AF_Pic04.jpg
147,Lion,MULTIPOINT ((121.5870304 24.9946252)),Africa Animal Area,Panthera leo,Chordata,Mammalia,Carnivora,Felidae,Vulnerable (VU),"
South of the Sahara Desert to Zimbabwe.","Lion has a broad habitat tolerance, including forest,  savanna, shrubland, and grassland.  Absent only from tropical rainforest and the interior of the Sahara desert. ","Male African lions are physically larger than female. The color of the coat varies greatly and can range from light yellow to dark brown. The belly and insides of the four limbs are lighter in color. The tip of the tail is black.
Male lions have a mane that can be yellow, brown, reddish-brown, or black  according to the well-being of the lion. The length of mane varys between individuals. There are few mlaes with extremely short manes.
Cubs are spotted but the protective coloration fades when they grow up.","1. African lion is the largest feline in Africa. Mainly active at dawn, dusk and at night.
2. When hunting as a group, they either approach prey from opposite directions or line up into a fan shape. Their haul is doubled if hunting as a group rather than hunting alone. Nevertheless, lions only succeeded in 10 out of 61 attempts.
3. They are social animals with between 3 to 30 individuals per pride. Each lion pride mainly consists of a male, related females and their offspring. Each pride has its territory marked out with feces, urine, or claw marks on the ground. Any unfamiliar male or female lion that trespasses into the territory is chased away. 
4. Once an offspring has matured, it will be driven from the pride and it can avoid in-breeding.","Carnivorous. Its main prey is medium and large herbivores including antelopes, giraffes, water buffalos, and zebras. Sometimes it will rob other carnivores of their prey or feed on carrion. An adult lion can eat 40 kg of meat for one meal.",,Lion,Lion,https://www.zoo.gov.tw/iTAP/03_Animals/AfricanArea/Lion/Lion_Pic01.jpg,Lion,https://www.zoo.gov.tw/iTAP/03_Animals/AfricanArea/Lion/Lion_Pic02.jpg,Lion,https://www.zoo.gov.tw/iTAP/03_Animals/AfricanArea/Lion/Lion_Pic03.jpg,Lion,https://www.zoo.gov.tw/iTAP/03_Animals/AfricanArea/Lion/Lion_Pic04.jpg
148,Chapman's zebra,MULTIPOINT ((121.5865181 24.9952463)),Africa Animal Area,Equus burchelli antiquorum,Chordata,Mammalia,Perissodactyla,Equidae,Near Threatened (NT),"north to Zimbabwe, west into Botswana, the Caprivi Strip in Namibia, and southeastern Angola","Grassland, sparse forests, open shrub, or grassland. They have also been sighted in mountains at an altitude of 3,400m.","Covered with black and white stripes though there are many variations. Some have thicker black stripes while others have thicker white stripes. Thicker white stripes may contain a pale, shadow-like stripe. There are no stripes on the inner thighs of the limbs.","1. Chapman's Zebra Usual habitats include grassland, sparse forests, open shrubs, or grassland.
2. Males often vocalize while moving about at night. They are usually active at dawn and dusk.
3. Social animals with each herd made up of a male zebra, 4 to 6 females, and their offspring. The stallion is responsible for protecting the other zebras in the herd. When he gets old, another younger and stronger stallion in the herd takes over his leadership. Old stallions join a “bachelor” herd and continue with its life.
4. Usually, only one foal is born each time. The newborn colt can start galloping within 1 hour, eat grass after 1 week, and is weaned at 16 months. It leaves the herd and starts living by itself between 1 to 3 years of age.
Males often vocalize while moving about at night. They are usually active at dawn and dusk.",Mainly eats grass but will also eat tender leaves.,,Zebra-C,Chapman's zebra,https://www.zoo.gov.tw/iTAP/03_Animals/AfricanArea/Zebra-C/Zebra-C_Pic01.jpg,Chapman's zebra,https://www.zoo.gov.tw/iTAP/03_Animals/AfricanArea/Zebra-C/Zebra-C_Pic02.jpg,Chapman's zebra,https://www.zoo.gov.tw/iTAP/03_Animals/AfricanArea/Zebra-C/Zebra-C_Pic03.jpg,Chapman's zebra,https://www.zoo.gov.tw/iTAP/03_Animals/AfricanArea/Zebra-C/Zebra-C_Pic04.jpg
149,Patas Monkey,"MULTIPOINT ((121.5877466 24.9940551), (121.5871042 24.9939202))",Africa Animal Area,Erythrocebus patas,Chordata,Mammalia,Primates,Cercopithecidae,Least Concern (LC),South of the Sahara Desert from Senegal in West Africa to Ethiopia in East Africa and as far south as Tanzania.,Locust forests and tropical savannas with a distinct dry season.,"Female Patas monkeys are half the size of the males. The long, slim limbs are almost all equal in length. The fur on the back and sides have a reddish-brown tinge. Males tend to be red in color and their belly can be grayish-white, pale orange, or reddish-brown. The fur on the face ranges from black to pale grey, with white whiskers around the mouth. Adult males have long fur around the neck and shoulders like the mane of a horse. The younger ones are almost completely red in color. The color around the legs is paler and the tail is darker towards the base.","1. Patas monkeys are diurnal animals and usually live on dry savanna and sparse forest land. It is generally terrestrial and is the most terrestrial of all primates. They frequently stand up on their hind-legs to check their surroundings. When on alert or hiding from danger, they seek refuge in the trees or run away.
2. The fastest primate. It can run at a speed of 55 km/h.
3. They are social animals with on average 15 members per group. Each group includes 1 adult alpha male and between 2 to 8 adult females. The male spends most of its time standing guard on trees or termite mounds to protect females and offsprings. Males tend to be less territorial and rarely get involved in fights between females.","Omnivore. Diet includes grass, wild berries, fruits, beans, and seeds. Occasionally eats fungus, ants, grasshoppers, lizards, and bird eggs.",,Monkey-P,Patas Monkey,https://www.zoo.gov.tw/iTAP/03_Animals/AfricanArea/Monkey-P/Monkey-P_Pic01.jpg,Patas Monkey,https://www.zoo.gov.tw/iTAP/03_Animals/AfricanArea/Monkey-P/Monkey-P_Pic02.jpg,Patas Monkey,https://www.zoo.gov.tw/iTAP/03_Animals/AfricanArea/Monkey-P/Monkey-P_Pic03.jpg,Patas Monkey,https://www.zoo.gov.tw/iTAP/03_Animals/AfricanArea/Monkey-P/Monkey-P_Pic04.jpg
150,Grevy's Zebra,MULTIPOINT ((121.5887457 24.9944271)),Africa Animal Area,Equus grevyi,Chordata,Mammalia,Perissodactyla,Equidae,Endangered (EN),Ethiopia and Kenya.,Grevy's Zebra mainly inhabit semi-desert arid grassland and shrubland.,"Grevy's Zebra is the largest wild horse in the world. They have a larger head, slim body, long legs, large ears, and long, upright mane. There are no significant differences in the physical sizes of males and females. Their body including the limbs is covered with fine black-and-white stripes while the belly is white in color. When compared to Chapman’s Zebra, the stripes on the rear part of the body are still vertical.","1. Grevy's Zebra is diurnal animal that usually lives in groups. Main habitats are semi-desert savanna and scrub.
2. Adult male zebras are territorial and will use their feces to mark their territory. Zebras have the largest territories of all herbivores. They maintain such a large range to attract potential mates.
3. Their numbers are now quite few and only around 2,000 are estimated to be left.","Mainly eats grass but will also eat tender leaves, bark, and fruits. Even tough grass can be eaten.",,Zebra-G,Grevy's Zebra,https://www.zoo.gov.tw/iTAP/03_Animals/AfricanArea/Zebra-G/Zebra-G_Pic01.jpg,Grevy's Zebra,https://www.zoo.gov.tw/iTAP/03_Animals/AfricanArea/Zebra-G/Zebra-G_Pic02.jpg,Grevy's Zebra,https://www.zoo.gov.tw/iTAP/03_Animals/AfricanArea/Zebra-G/Zebra-G_Pic03.jpg,Grevy's Zebra,https://www.zoo.gov.tw/iTAP/03_Animals/AfricanArea/Zebra-G/Zebra-G_Pic04.jpg
151,Mountain Bongo,MULTIPOINT ((121.5871498 24.9940357)),Africa Animal Area,Tragelaphus eurycerus,Chordata,Mammalia,Artiodactyla,Bovidae,Critically Endangered (CR),Only 4 isolated populaiotns remian in Kenyan mountain forests,Found in mountain forests.,"The coat is short with upright mane running from the shoulders to the butt. The tail is long and fluffy. The upper body is a vivid chestnut color while the belly is black. There is a crescent-shaped pattern on the chest while the striped body has 10 to 16 vertical white stripes on each side.
There are white stripes on the cheeks, throat, insides of the legs and knees. Males darken in color with age.
The Bongo’s color and stripes allow it to lead a “hermit-like” existence in African forests without being easily discovered.
Both the males and females have polished spiral-shaped horns.","1. Bongos are diurnal animal and mainly active at dawn, dusk, and night. They usually live in forests on the plains and are home in the dense forest.
2. Like other leaf-eating animals, they can stand up on their hind legs and rest their forelegs on the tree trunk to reach the leaves. Leaves up to 2.5m above the ground can be reached in this manner. They’d sometimes also eat trunks charred by a lightning strike to obtain salt.
3. Disappears in the blink of an eye if frightened. They lean their horns against their back when galloping to avoid being caught by vines and branches. Older Bongos will even have marks on their back from their horns. The front of their horns will also show traces of contact with tree branches.
? 4. Males will stare at each other to see who has the larger horns or butt each other with their horns in a bid for higher social status. Broken horns do not grow back, and it will affect social status.","Herbivorous. Eats tender shoots, leaves, and fruits.",,Bongo,Mountain Bongo,https://www.zoo.gov.tw/iTAP/03_Animals/AfricanArea/Bongo/Bongo_Pic01.jpg,Mountain Bongo,https://www.zoo.gov.tw/iTAP/03_Animals/AfricanArea/Bongo/Bongo_Pic02.jpg,Mountain Bongo,https://www.zoo.gov.tw/iTAP/03_Animals/AfricanArea/Bongo/Bongo_Pic03.jpg,Mountain Bongo,https://www.zoo.gov.tw/iTAP/03_Animals/AfricanArea/Bongo/Bongo_Pic04.jpg
152,Spotted Hyena,MULTIPOINT ((121.5887605 24.9946605)),Africa Animal Area,Crocuta crocuta,Chordata,Mammalia,Carnivora,Hyaenidae,Least Concern (LC),South of the Sahara Desert to north of South Africa.,Mainly in savannas and  semi-desert. Also in open woodland and dense dry woodland.,"The body shape of spotted hyena is built like a large pit bull. Their muzzle is quite large and black. There are irregular black spots on the pale brown fur.
The front legs are longer than the hind legs, which gives the back of spotted hyena a downward slope.","1. Spotted hyena is the most common predator in Africa south of the Sahara Desert. Though often thought of as carrion feeders, they are better hunters than lions.
2. They usually hunt in packs and communicate through a variety of sounds. Sometimes, a hyena is sent on the prowl around the front of the prey or looks as if it has eaten already to distract the prey’s attention. The remaining others then wait for an opportunity to pounce.
3.Females are dominant over males in clan. Although all females produce litters, alpha females have a younger age at first breeding, shorter interbirth intervals, and increased survival of offspring. These benefits are passed directly to female offspring. 
4.Mating in spotted hyaenas is polygynous. Males perform a bowing display to females before mating. The male lowers his muzzle to the ground, advances quickly toward the female, bows again, and then paws the ground close behind the female. Mating is difficult due to the sructure of female's reproductive tract.",Carnivorous. They also attack domestic stock  including cattle and sheep.,,Hyena,Spotted Hyena,https://www.zoo.gov.tw/iTAP/03_Animals/AfricanArea/Hyena/Hyena_Pic01.jpg,Spotted Hyena,https://www.zoo.gov.tw/iTAP/03_Animals/AfricanArea/Hyena/Hyena_Pic02.jpg,Spotted Hyena,https://www.zoo.gov.tw/iTAP/03_Animals/AfricanArea/Hyena/Hyena_Pic03.jpg,Spotted Hyena,https://www.zoo.gov.tw/iTAP/03_Animals/AfricanArea/Hyena/Hyena_Pic04.jpg
153,Chimpanzee,"MULTIPOINT ((121.5872853 24.9935373), (121.5874878 24.9934595))",Africa Animal Area,Pan troglodytes,Chordata,Mammalia,Primates,Hominidae,Endangered (EN),"
Guinea to Ghana on the west coast of Africa, and Central Africa from Cameroon to Tanzania.","Found from tropical rainforests to mountain forests up to an altitude of 2,790m.","Female Chimpanzees are slightly smaller than males. The face is black with no whiskers and the brow is pronounced.
The head is covered with fur though there is a tendency for baldness in adulthood.
Young chimpanzees have flesh-colored noses, ears, palms, and soles. The skin color of the body varies for each individual and can range from pale brown to deep black.","1. Chimpanzees build a nest out of twigs and leaves on a tree to sleep in at night. They usually only sleep in it for one night but may reuse it on occasions.
2. Chimpanzees have dexterous hands that can be used to collect food or throw objects at their enemy. Humans once thought that they were the only animals capable of using tools but chimpanzees were later found to be adept tool-users too. They poke twigs or grass stems into termite mounds then allow it to become covered with termites before pulling it out again for a termite feast. They can also crack nuts open with a rock, as well as use sticks to knock fruits out of trees or for fighting each other. They even use leaves to gather water for drinking or for wiping their bodies. Chimpanzees learn how to use tools from each other so those living in different regions use different tools and develop their community ""culture.""
3. Chimpanzees are social animals that live in groups ranging from 15 to 100 animals in size. They are led by an adult male. Each groups is like a tribe. Those that trespass into another group’s territory may be attacked or even killed by chimpanzees patrolling the border. On one occasion, an entire group of chimpanzees was systematically killed by another group.
4. Chimpanzees have a complicated system of communication that involves expressions, posture, and various calls. Two chimpanzees will embrace and kiss each other when they meet. They will also call their friends to come and share food.
5. The skin around a female chimpanzee’s external genitalia and anus will become red and swollen during the mating cycle. The buttocks look like bread buns when she is in heat to attract the attention of males. A female chimpanzee in heat is usually pursued by a large group of would-be male suitors. Older more mature female chimpanzees are generally more popular.
6. Chimpanzees usually give birth to one young each time. Young chimpanzees are dependent on their mothers up to the age of 5 and the mother-child bond usually lasts for life.
7. The similarities between human and chimpanzee anatomy mean they are often used as lab animals for medical research in the past.","Omnivorous and opportunistic feeders. Fruits form about half of the diet, supplemented by plants such as leaves, stems, seeds, flowers, and bark, and animals such as honey, eggs, insects and animal prey.",,Chimp,Chimpanzee,https://www.zoo.gov.tw/iTAP/03_Animals/AfricanArea/Chimp/Chimp_Pic01.jpg,Chimpanzee,https://www.zoo.gov.tw/iTAP/03_Animals/AfricanArea/Chimp/Chimp_Pic02.jpg,Chimpanzee,https://www.zoo.gov.tw/iTAP/03_Animals/AfricanArea/Chimp/Chimp_Pic03.jpg,Chimpanzee,https://www.zoo.gov.tw/iTAP/03_Animals/AfricanArea/Chimp/Chimp_Pic04.jpg
154,African Sacred Ibis,MULTIPOINT ((121.5889603 24.9942508)),Africa Animal Area,Threskiornis aethiopicus,Chordata,Aves,Ciconiiformes,Threskiornithidae,Least Concern (LC),Sub-Saharan Africa.,"Mainly inhabits the margins of inland freshwater wetlands, sewage works, saltpans, farm dams, rivers in open forest, grasslands, and cultivated fields, as well as coastal lagoons, intertidal areas, offshore islands and mangroves.","1. The tip of the primary and secondary flight feathers are black.
2. They have a unique shaped beak which is long, black, curved, and hooked. It also has the thickest beak of all birds in this genus.
3. The skin on the lower neck is naked during the breeding season.The black feathers are more and uneven than similar species.The necks of adult birds are black while those of juveniles have white bands.","1. Mainly lives in inland bodies of freshwater, grassland, farmland, coastal lagoons, and Intertidal zone. Also appear in places where humans live such as rubbish piles and farms.
2. Looks for food as a flock during the day by pecking directly at the prey or probing for prey in the mud.
3. Collective breeding is often mixed in with other Ciconiiformes. Nests are built on trees, bushes, or directly on the ground of islands. Each nest is a large platform built from sticks lined with leaves and grass. There are 2 to 3 eggs per nest.
4.Individuals escaped from zoos in Europe and Taiwan form invasive populations.","Mainly eats insects but also crustaceans, mollusks, fish, frogs, reptiles, and small mammals. ",,Ibis-AS,African Sacred Ibis,https://www.zoo.gov.tw/iTAP/03_Animals/AfricanArea/Ibis-AS/Ibis-AS_Pic01.jpg,African Sacred Ibis,https://www.zoo.gov.tw/iTAP/03_Animals/AfricanArea/Ibis-AS/Ibis-AS_Pic02.jpg,African Sacred Ibis,https://www.zoo.gov.tw/iTAP/03_Animals/AfricanArea/Ibis-AS/Ibis-AS_Pic03.jpg,African Sacred Ibis,https://www.zoo.gov.tw/iTAP/03_Animals/AfricanArea/Ibis-AS/Ibis-AS_Pic04.jpg
155,Giraffe,MULTIPOINT ((121.5863049 24.9944234)),Africa Animal Area,Giraffa camelopardalis reticulata,Chordata,Mammalia,Artiodactyla,Giraffidae,Vulnerable (VU),From southern Somalia and southern Ethiopia into northern Kenya. ,Inhabits arid savanna or open forest land. ,"The pale yellow base coat is covered with irregular brown patches of different sizes. Each subspecies have a different pattern and the color of the pattern darkens with age. The belly and lower part of legs have a lighter color with no markings. The tail is a loose plume. Long tongue, large eyes, long eyebrows, with long neck and limbs. Females have four udders. Giraffes are born with formed a pair of horns on their head. These are made of cartilaginous tissue that gradually hardens over time.","1. The English name “giraffe” originated from the Arabic for “agile person.”
2. The tallest terrestrial animal. Their necks are very long but have the same 7 cervical vertebrae as other mammals, though each vertebra is elongated. The tongue can reach up to 45 cm in length. Its length and agility help the giraffe with eating tree leaves.
3. The front legs must be spread very wide or bent for the mouth to reach the ground if they are drinking water or picking food off the ground. This gives some carnivores the perfect opportunity to attack.
4. Very placid by nature with acute senses of smell, sight, and hearing. Their height also gives them an extensive field of view. Their long legs can be used to kick enemies as well.
5. Generally active at dawn, dusk and at night while resting at noon. Giraffes usually sleep standing up durign the day. At night they sit down and rest several times, and leaning their heads on their hind legs for 1-2 minutes deep sleep. The total sleeping time is about 30 minutes throughout the night.
6. Female giraffes form herds with their offspring. The young giraffes are protected against predators by their mothers. Adult males lead a solitary existence. Newborn giraffes are 170 to 200cm tall already. They can stand within 20 minutes and start nursing within 1 hour.",Herbivorous. Spends most of the day foraging. The adults can eat 34 kg of leaves in a day.,,Giraffe,Giraffe,https://www.zoo.gov.tw/iTAP/03_Animals/AfricanArea/Giraffe/Giraffe_Pic01.jpg,Giraffe,https://www.zoo.gov.tw/iTAP/03_Animals/AfricanArea/Giraffe/Giraffe_Pic02.jpg,Giraffe,https://www.zoo.gov.tw/iTAP/03_Animals/AfricanArea/Giraffe/Giraffe_Pic03.jpg,Giraffe,https://www.zoo.gov.tw/iTAP/03_Animals/AfricanArea/Giraffe/Giraffe_Pic04.jpg
156,Brown Lemur,MULTIPOINT ((121.5888155 24.9940661)),Africa Animal Area,Eulemur fulvus,Chordata,Mammalia,Primates,Lemuridae,Near Threatened (NT),Northern Madagascar and the island of Mayotte.,"Tropical/subtropical dry forest, tropical moist lowland, and montane forest","The fur on the back is a brownish-gray color, the flanks are grayish-white, and the tail has a darker shade. The face is a bit black and there are pale markings above the eyes. The face is fringed with whiskers.","1. An arboreal animal that spends almost all of its time in the trees and rarely comes down to the ground. Mostly active at dawn and dusk.
2. The Brown Lemur in southern Madagascar is a social animal with an average of 9.4 individuals per group. The group members form close bonds and live together quite amicably. They rarely attack each other and there is no obvious hierarchy.
3. Baby lemurs cling tightly to their mothers’ belly after born. Once they grow up they will climb onto their mothers’ backs instead.","Fruit, leaves, flowers, bark, twigs, and insects (mostly centipedes and arthropods).",,Lemur-B,Brown Lemur,https://www.zoo.gov.tw/iTAP/03_Animals/AfricanArea/Lemur-B/Lemur-B_Pic01.jpg,Brown Lemur,https://www.zoo.gov.tw/iTAP/03_Animals/AfricanArea/Lemur-B/Lemur-B_Pic02.jpg,Brown Lemur,https://www.zoo.gov.tw/iTAP/03_Animals/AfricanArea/Lemur-B/Lemur-B_Pic03.jpg,Brown Lemur,https://www.zoo.gov.tw/iTAP/03_Animals/AfricanArea/Lemur-B/Lemur-B_Pic04.jpg
157,Ostrich,MULTIPOINT ((121.5881959 24.9941657)),Africa Animal Area,Struthio camelus,Chordata,Aves,Struthioniformes,Struthionidae,Least Concern (LC),Southern Africa Sahara Desert to Tanzania and Southern Africa (south of Angola),"Savanna, shrubland, and grassland",Large flightless bird.  The head and upper two-thirds of the neck are hairless. The flanks and thighs are exposed. The necks of the males are a pale pink or pale blue color. Feathers are mostly black and white. Females and juveniles have brownish-gray feathers. Each foot has two toes. The eggshell is cream in color.,"1. The ostrich is the tallest, heaviest, and fastest-running bird in the world. It also has the biggest egg and biggest eyes. The ratio of ostrich egg to adult ostrich is however the smallest in birds.
2. Ostriches are usually solitary and inhabit semi-desert or grassland regions.
3. Only the third and fourth toes remain on the ostrich’s feet. The rest have all degenerated. The inner toe is longer than the outer toe to help them run at up to speeds of 50 km/h. The legs can also deliver a powerful forward kick when in danger. The wings are raised like the sails of a boat when running at full speed to help the ostrich change direction.  When the male ostrich is courting a gray female, it’ll crouch on the ground, wave its wings, and sway its neck back and forth repeatedly","Omnivorous. Mainly eats plants such as flowers, leaves, seeds, and grass.",,Ostrich,Ostrich,https://www.zoo.gov.tw/iTAP/03_Animals/AfricanArea/Ostrich/Ostrich_Pic01.jpg,Ostrich,https://www.zoo.gov.tw/iTAP/03_Animals/AfricanArea/Ostrich/Ostrich_Pic02.jpg,Ostrich,https://www.zoo.gov.tw/iTAP/03_Animals/AfricanArea/Ostrich/Ostrich_Pic03.jpg,Ostrich,https://www.zoo.gov.tw/iTAP/03_Animals/AfricanArea/Ostrich/Ostrich_Pic04.jpg
158,Ring-tailed Lemur,MULTIPOINT ((121.5886974 24.9939883)),Africa Animal Area,Lemur catta,Chordata,Mammalia,Primates,Lemuridae,Endangered (EN),Southern parts of Madagascar.,"Forest, Shrubland, Rocky areas (eg. inland cliffs, mountain peaks), Caves.","Famed for its distinctive long, black, and white tail. The fur on the back ranges from gray to brown in color while the belly is white. The ears are white, and the white face has a triangular dark-brown patch around the eyes. Male lemurs have a nail, like bird's spur, on their wrist.","1. A social animal with between 12 to 24 individuals per group. Each group consists of several females that provide leadership and protect their clan’s territory. The rest of the group is made up of their juvenile offspring and several males. Female rring-tailed lemurs stay with their group for life while the male move from group to group. Female lemurs have a high social status. Higher-ranking male lemurs usually have more interactions with female lemurs.
2. A diurnal animal that is mainly active on the ground but it often climbs trees as well.The whole group will gather and forage together. They only rest for a short while at noon.
3. There is a special scent gland on the wrist. Male lemurs also have a smaller gland under the armpits. During the breeding season, male Ring-tailed Lemurs wipe the secretions from the gland on their tails to spread their scent to attract female lemurs.",Fruits make up its main diet but it will also eat leaves and sometimes insects.,,Lemur-RT,Ring-tailed Lemur,https://www.zoo.gov.tw/iTAP/03_Animals/AfricanArea/Lemur-RT/Lemur-RT_Pic01.jpg,Ring-tailed Lemur,https://www.zoo.gov.tw/iTAP/03_Animals/AfricanArea/Lemur-RT/Lemur-RT_Pic02.jpg,Ring-tailed Lemur,https://www.zoo.gov.tw/iTAP/03_Animals/AfricanArea/Lemur-RT/Lemur-RT_Pic03.jpg,Ring-tailed Lemur,https://www.zoo.gov.tw/iTAP/03_Animals/AfricanArea/Lemur-RT/Lemur-RT_Pic04.jpg
159,Pygmy Hippopotamus,MULTIPOINT ((121.5878731 24.9951075)),Africa Animal Area,Choeropsis liberiensis,Chordata,Mammalia,Artiodactyla,Hippopotamidae,Endangered (EN),"West Africa, including Ivory Coast, Guinea, Liberia, Lion Rock","Lowland primary and secondary forests, close to rivers, streams and Raphia palm tree swamps ","Has a wide muzzle and a big mouth. The body is short and barrel-shaped with thick, short legs. The nostrils are located above the muzzle and can be closed.
The entire body is hairless except for some bristles around the lips and tail. The body is grayish-black in color with a hint of green. The belly ranges from grayish-white to yellowish-green. The head is more rounded than the Hippopotamus and the eyes are located on either side of the head.
The secretions on the skin are transparent and colorless.","1. Their range is not as reliant on water as the Hippopotamus. They can survive in more arid regions as well.
2. They sleep during the day and look for food in the forest at night. If there is danger, they seek refuge in the water or hide in tree holes or caves near the river. Usually solitary or in pairs. Occasionally forms small herds.
3. Usually gives birth on land with only one calf per birth. The newborn weighs between 5 to 7 kg.","Herbivorous. Eats leaves, tender shoots, and fruits that fall to the ground. ",,Hippo-P,Pygmy Hippopotamus,https://www.zoo.gov.tw/iTAP/03_Animals/AfricanArea/Hippo-P/Hippo-P_Pic01.jpg,Pygmy Hippopotamus,https://www.zoo.gov.tw/iTAP/03_Animals/AfricanArea/Hippo-P/Hippo-P_Pic02.jpg,Pygmy Hippopotamus,https://www.zoo.gov.tw/iTAP/03_Animals/AfricanArea/Hippo-P/Hippo-P_Pic03.jpg,Pygmy Hippopotamus,https://www.zoo.gov.tw/iTAP/03_Animals/AfricanArea/Hippo-P/Hippo-P_Pic04.jpg
160,East African Oryx,MULTIPOINT ((121.5867670 24.9950145)),Africa Animal Area,Oryx beisa,Chordata,Mammalia,Artiodactyla,Bovidae,Endangered (EN),"Eastern Africa includes Ethiopia, Kenya, Somalia, South Sudan, Tanzania",Mainly arid and semi-arid bushland and grasslands,"Grayish-brown body, white belly, black rump, and legs, with distinctive brown or black stripes on the body. Both males and females have horns on their heads (females’ horns are thinner). The horns are straight and protrude straight from behind the eyes.","East African Oryx are social animals. A stable group will usually have a dominant or co-dominant sexually mature male, but the migration of the entire herd is led by the more experienced female.
They live in barren plains, deserts, gravel mountain sides and dense bushes.
East African Oryx adapt to arid and hot climates. They can tolerate temperatures from 37.2 degrees to 45 degrees Celsius. When the temperature rises, the antelope does not sweat to lower the body temperature, but increases the body temperature with the environment. After a few hours, the body of the antelope will emit these excess heat. If their body temperature is higher, the antelope can cool down by panting漏翻最後一段",Herbivorous. Eats grass and leaves.,,Oryx-EA,East African Oryx,https://www.zoo.gov.tw/iTAP/03_Animals/AfricanArea/Oryx-EA/EastAfricanOryx_Pic01.jpg,East African Oryx,https://www.zoo.gov.tw/iTAP/03_Animals/AfricanArea/Oryx-EA/EastAfricanOryx_Pic02.jpg,East African Oryx,https://www.zoo.gov.tw/iTAP/03_Animals/AfricanArea/Oryx-EA/EastAfricanOryx_Pic03.jpg,East African Oryx,https://www.zoo.gov.tw/iTAP/03_Animals/AfricanArea/Oryx-EA/EastAfricanOryx_Pic03.jpg
161,Hippopotamus,MULTIPOINT ((121.587967 24.9950164)),Africa Animal Area,Hippopotamus amphibius,Chordata,Mammalia,Artiodactyla,Hippopotamidae,Vulnerable (VU),37 countries between sub-Saharan Africa and South Africa,riverbed or grassland near water,"Has a wide muzzle and a big mouth. The body is short and barrel-shaped with thick, short legs. Both the front and rear limbs have four toes. The nostrils are located above the muzzle and can be closed.
The body is sparsely covered with short hairs, the skin is a grayish-brown color with a pink tinge to the belly. Also has protruding eyes and upright ears.","1. An amphibious mammal that is an adept swimmer and diver. They usually stay in the water during the day, or rest and move around in the grass and rushes near the river. At night, they go foraging for food in the grass. They may range hundreds of meters or even several kilometers for searching food.
2. They can seal their nostrils and ears to keep the water out when submerged. They usually spend 2 to 5 minutes underwater each time.
3. Their skin has special glands that secrete a reddish liquid, leading people to think that the Hippopotamus “sweats blood.” These secretions help prevent the Hippopotamus’ skin from drying out.
4. The adult male is usually solitary. They establish their territory by spreading their feces, roaring loudly, and attacking each other to secure the right to breed with females. They are very aggressive and can inflict serious damage with the canines that are their primary weapon.
5. The female usually gives birth on land or in the shallows. They usually give birth to one young each time. A newborn weighs between 22-55 kg. It learns how to swim even before it learns how to walk. The diligent female carries the calf on her back for sunbathing and also protects it against crocodiles. “",Herbivorous. Eats various grasses and plants. Typically does not eat aquatic vegetation.,,Hippo,Hippopotamus,https://www.zoo.gov.tw/iTAP/03_Animals/AfricanArea/Hippo/Hippo_Pic01.jpg,Hippopotamus,https://www.zoo.gov.tw/iTAP/03_Animals/AfricanArea/Hippo/Hippo_Pic02.jpg,Hippopotamus,https://www.zoo.gov.tw/iTAP/03_Animals/AfricanArea/Hippo/Hippo_Pic03.jpg,Hippopotamus,https://www.zoo.gov.tw/iTAP/03_Animals/AfricanArea/Hippo/Hippo_Pic04.jpg
162,Yellow-crested Cockatoo,MULTIPOINT ((121.5898159 24.9954408)),Tropical Rainforest Area (Pangolin Dome),Cacatua sulphurea,Chordata,Aves,Psittaciformes,Cacatuidae,Critically Endangered (CR),Some islands in Indonesia. The bird may have already been introduced to Singapore.,"Open forests, farmlands and forest edges between the sea level and an elevation of 1,200m. They can often be found on coconut trees near human settlements.","1. Its body is 33 cm long. Adults are mostly white. Its ear feathers are bright yellow. The underwing flight feathers and tail feathers have clear yellow tones. Its narrow yellow crest is curved upwards at the tip. Its exposed eye ring is a milky white color. Its bill is grayish black. Males have dark brown pupils while females have light brownish-red pupils. Its legs are dark gray.
2. Juveniles are similar in appearance to adults, but their pupils are pale gray.","1. The white birds are quite obvious against a background of green trees. They become less obvious during the dry season when the ground becomes a pale shade of brown.
2. They usually appear in pairs or small flocks but may also form into larger flocks while foraging.
3. Nests are located in t tree hollows. In captivity, each clutch contains 3 eggs and incubation period is 24 days.  Both sexes will incubate the eggs with the male brooding during the day. The chicks leave the nest about 10 weeks after hatching.","Diet includes seeds, nuts, berries, fruits and (possibly) flowers. They mainly forage in forest canopy.",,,Yellow-crested Cockatoo,https://www.zoo.gov.tw/iTAP/03_Animals/BirdWorld/0_BirdWorld/YC/Yellow_crestedCockatoo01.jpg,Yellow-crested Cockatoo,https://www.zoo.gov.tw/iTAP/03_Animals/BirdWorld/0_BirdWorld/YC/Yellow_crestedCockatoo02.jpg,Yellow-crested Cockatoo,https://www.zoo.gov.tw/iTAP/03_Animals/BirdWorld/0_BirdWorld/YC/Yellow_crestedCockatoo02.jpg,Yellow-crested Cockatoo,https://www.zoo.gov.tw/iTAP/03_Animals/BirdWorld/0_BirdWorld/YC/Yellow_crestedCockatoo02.jpg
163,Brahminy Kite,MULTIPOINT ((121.5898159 24.9954408)), Bird World,Haliastur indus,Chordata,Aves,"Falconiformes

Accipitriformes",Accipitridae,Least Concern (LC),"South Asia, the Malay Peninsula, Australia and parts of Asia including Pakistan, India, southeastern China, Southeast Asia, and parts of Australia. There are 4 sub-species.","Forested coastlines, river mouths, and coastal rivers.","1. Its body measures about 50 cm in length, weighs approximately 500 g, its wingspan is around 100 cm.
2. Its head, neck, chest and upper belly are white. They are covered in thin, dark-brown stripes. All other parts of the body are chestnut red.
3. Subspecies differ in their wing and bill color. The head and chest of the Australian subspecies tend to be white. The subspecies that live on the Solomon Island has yellow bills.","1. The tropical species breed during the dry season while those in the sub-tropics breed in late winter and spring.
2. The nest is a platform about 40 to 60cm across and 20cm deep built out of twigs. The nest is lined with leaves and other soft materials. The nest is located on trees or man-made structures 2 to 30 meters above the ground. There are 1 to 2 eggs per clutch.
3. Incubation is about 35 days and brooding is done by the female. The chicks are fully-fledged after 50 to 56 days. The birds are ready to breed by the age of 2.
4. They glide from their perch or land on the ground to search for food. They then dive on the prey or chase after it for a short distance.
5. Chicks practice catching falling leaves in the air to improve their hunting skills.","All kinds of small animals and putrefying flesh, including those of mammals, birds, reptiles, amphibians, fish, arthropods, and crustaceans. They sometimes eat domestic fowls, too. They keep an eye out for food either while standing on their perch, gliding, or standing on the ground. When they have spotted their prey, they swoop down to chase them.",,BK,Brahminy Kite,https://www.zoo.gov.tw/iTAP/03_Animals/BirdWorld/0_BirdWorld/BK/BrahminyKite01.jpg,Brahminy Kite,https://www.zoo.gov.tw/iTAP/03_Animals/BirdWorld/0_BirdWorld/BK/BrahminyKite02.jpg,Brahminy Kite,https://www.zoo.gov.tw/iTAP/03_Animals/BirdWorld/0_BirdWorld/BK/BrahminyKite03.jpg,Brahminy Kite,https://www.zoo.gov.tw/iTAP/03_Animals/BirdWorld/0_BirdWorld/BK/BrahminyKite03.jpg
164,Crested Serpent Eagle,"MULTIPOINT ((121.5894029 24.9951126), (121.5800741 24.9977223))", Bird World,Spilornis cheela,Chordata,Aves,"Falconiformes

Accipitriformes",Accipitridae,Least Concern (LC),East Asia.,Broadleaf forests of lower to middle elevations.,"1. It is a large raptor with a dark-brown plumage. Its head is black with a feathered crown, and its body is covered in white spots. Its eyes, base of its bill, and feet are yellow.
2. There are white spots on its shoulder and abdomen. Its tail feathers are dark-brown with a white longitudinal stripe in the middle. When the bird takes off, distinctive white stripes can also been on the wings and tail from below.","1. So named due to the long black and white crest feathers at the back of its head.
2. A species endemic to Taiwan. It is quite a common resident bird.
3. It rarely flaps its wings while flying. Due to its large size and broad wings, it must use hot air currents in order to make slow, long circles. They are fond of making long whistling calls, which can sound sad.","Favorite food is snakes but will also prey on small mammals, birds and lizards.",,Eagle-CS,Crested Serpent Eagle,https://www.zoo.gov.tw/iTAP/03_Animals/BirdWorld/Eagle-CS/Eagle-CS_Pic01.jpg,Crested Serpent Eagle,https://www.zoo.gov.tw/iTAP/03_Animals/BirdWorld/Eagle-CS/Eagle-CS_Pic02.jpg,Crested Serpent Eagle,https://www.zoo.gov.tw/iTAP/03_Animals/BirdWorld/Eagle-CS/Eagle-CS_Pic03.jpg,Crested Serpent Eagle,https://www.zoo.gov.tw/iTAP/03_Animals/BirdWorld/Eagle-CS/Eagle-CS_Pic04.jpg
165,Greater flamingo,"MULTIPOINT ((121.5910403 24.9952962), (121.5816057 24.9983799))", Bird World; Children's Zoo,Phoenicopterus roseus,Chordata,Aves,Phoenicopteriformes,Phoenicopteridae,Least Concern (LC),"Africa, Southern Europe, Southwest Asia, Caribbean, and the Galapagos Islands.","Lives in saline lagoons and salt flats, and can also be found in large salty lakes in the interior. In West Africa, it can be found on sandbanks and sandbars.","The greater flamingo is the largest of all flamingos. Females may be up to 20% larger in size and leg length compared to males. The young are grayish-brown with some pink on their undersides, wings and tail. Their bill, legs and feet are brown.","1. Its head and neck are usually fully submerged in water while foraging.
2. The flamingo's nest is volcano-shaped with a shallow indent at the tip. They usually lay one egg per nest, though on rare occasions they lay two. Chicks only reach sexual maturity at around 5 to 6 years of age.
3. Greater flamingos breed in flocks, which can sometimes be a spectacular sight to behold.","Their diet could be complicated, which includes not only aquatic invertebrates but also the seeds of aquatic plants, algae, diatoms and dead leaves.  They sometimes draw soil in to extract the organic matters in their bodies.",,Flamigo-G,Greater flamingo,https://www.zoo.gov.tw/iTAP/03_Animals/BirdWorld/Flamigo-G/Flamigo-G_Pic01.jpg,Greater flamingo,https://www.zoo.gov.tw/iTAP/03_Animals/BirdWorld/Flamigo-G/Flamigo-G_Pic02.jpg,Greater flamingo,https://www.zoo.gov.tw/iTAP/03_Animals/BirdWorld/Flamigo-G/Flamigo-G_Pic03.jpg,Greater flamingo,https://www.zoo.gov.tw/iTAP/03_Animals/BirdWorld/Flamigo-G/Flamigo-G_Pic04.jpg
166,Toco Toucan,MULTIPOINT ((121.5832144 24.9960405)),Tropical Rainforest Area (Pangolin Dome),Ramphastos toco,Chordata,Aves,"Picodynastornithes

Piciformes",Ramphastidae,Least Concern (LC),South America.,Forests and grasslands.,"It is the largest member of the Toucan family. Its body plumage is mainly black with white coverts around the nape and tail. The under-tail coverts are red. Its bill is red to orange-red, and red along the edges. The upper mandible and the base of its bill have black markings. The skin around the eyes are purple and the pupils are brown. Males and females are similar in size.","1. Breeding season is between September and February in most regions. Paired birds frequently touch their beaks and groom each other’s feathers. Males will fan their red under-tail coverts and raise their tail at any time.  They make a loud rumble or click their bills together when disturbed. They will confront the intruder then move up to attack. Nests can be built in the hollows of palm trees, river banks or termite mounds.
2. Birds in captive will build nests in hollow logs provided by humans. There are 2 to 4 eggs per clutch. Both parents incubate the eggs and they hatch after 17 to 18 days. Males in captive may become aggressive towards females. New hatchlings are fed insects are first. Fruit is then gradually introduced to their diet. The female bird feeds the chicks far more than the male while they are growing up. The chicks are fully-fledged after 43 to 52 days.
3. Several clutches may be bred during the year in captivity. Sexual maturity is around 2 to 3 years. They can live for over 15 years and 9 months in captivity.
4. When perched on trees they sometimes hang upside down. They also occasionally move about on the ground by hopping.","Feeds on fruit (e.g. figs and oranges) and insects (e.g. caterpillars, termites, hatchlings and bird eggs). When in captivity, the bird will eat smaller birds that fly into its cage. Usually forages in the tree canopy as small flocks.","The chicks are caught and kept as pets, so monitoring needs to be conducted for its populations. Populations in protected areas are currently stable.",Toucan,Toco Toucan,https://www.zoo.gov.tw/iTAP/03_Animals/BirdWorld/Toucan/Toucan_Pic01.jpg,Toco Toucan,https://www.zoo.gov.tw/iTAP/03_Animals/BirdWorld/Toucan/Toucan_Pic02.jpg,Toco Toucan,https://www.zoo.gov.tw/iTAP/03_Animals/BirdWorld/Toucan/Toucan_Pic03.jpg,Toco Toucan,https://www.zoo.gov.tw/iTAP/03_Animals/BirdWorld/Toucan/Toucan_Pic04.jpg
167,Great Curassow,MULTIPOINT ((121.589773 24.9955757)),Tropical Rainforest Area (Pangolin Dome),Crax rubra,Chordata,Aves,Galliformes,Cracidae,Vulnerable (VU),"Mexico, Central America, Colombia, and Ecuador.","Dense rainforests in the tropical and subtropical regions. They are mostly found in lowland regions but can be found at elevations up to 1,200m. They can sometimes be found in forests in river valleys or partially cleared land.","1. A male will measure between 78 to 92 cm in length, and weigh between 3,600 and 4,800 g. Its crest is very obvious. The distinctive yellow knob on its bill, along with the crest, makes it easy to distinguish males of this species from males of the blue-knobbed curassow (Crax alberti). Unlike other species of curassows, females of the great curassows can be classified into 3 morphs: dark, red, and mottled dark-red. It is the largest member of this bird family.
2. Juvenile males resemble dark morph females, but their plumage have a deeper color, and they lack the knob on the bill. Juvenile females of all morphs resemble adults.
","1. Breeding season in Mexico is from February to May just before the wet season. In Costa Rica the breeding season is between March and May. In western Panama the breeding season is between February and March. Breeding basically takes place during the wet season. 3. Monogamous.
2. The nest is relatively small and is built haphazardly out of twigs. The nest is lined with green leaves. Nests are located in trees about 3 to 6 meters off the ground. Each clutch contains 2 eggs and incubation takes 32 days. The parents will feign injury to lure predators away from the chicks.
3. A female bird once lived to the age of 24 in captivity and was still breeding at the age of 23.
","1. Fruit such as figs. They also feed on fruit that has dropped to the ground, but may also hang from trees, low branches and bushes while foraging. They also consume hard and unripe fruits.
2. May occasionally eat leaves, some types of invertebrates and vertebrates.
3. Feeds alone, in pairs, or flocks of less than six. They drink from small streams.","Due to habitat loss and excessive hunting, their population is quickly disppearing. ",Curassow,Great Curassow,https://www.zoo.gov.tw/iTAP/03_Animals/BirdWorld/Curassow/Curassow_Pic01.jpg,Great Curassow,https://www.zoo.gov.tw/iTAP/03_Animals/BirdWorld/Curassow/Curassow_Pic02.jpg,Great Curassow,https://www.zoo.gov.tw/iTAP/03_Animals/BirdWorld/Curassow/Curassow_Pic03.jpg,Great Curassow,https://www.zoo.gov.tw/iTAP/03_Animals/BirdWorld/Curassow/Curassow_Pic04.jpg
168,Red-crowned crane,MULTIPOINT ((121.5898159 24.9954408)), Bird World,Grus japonensis,Chordata,Aves,Gruiformes,Gruidae,Endangered (EN),"Parts of Northeast Asia including Kushiro in Hokkaido, Japan.
","Inhabits swamps overgrown with rush, paper reeds or cat-tails, and open grasslands.","1. It is as white as the snow all over its body, except the inside of its primary feathers and the innermost flight feathers, which are black. When its wings are closed they cover its shor, white tail feathers, so the bird is often mistakenly thought of as having black tail feathers.
2. Its forehead has black feathers, but the top of its head is red and featherless. The exposed, bright red skin looks like a crest.","1. Sleeps while standing on one leg at night. This is to facilitate a quick get-away if attacked.
2. Have many calls with different meanings. The calls play a particularly role during courtships. The Red-Crowned Crane will gradually close the distance between them while calling out to each other. They then take turns dancing to each other as part of their formal courtship ritual. Paired Red-Crowned Crane are strictly monogamous. 
3. The Red-Crowned Crane has been imbued with many meanings in China since ancient times. It has always been considered a symbol of elegance and idyllic existence, or even “Divine Cranes” that symbolize happiness, good fortune, longevity and loyalty.
4. The beautiful Red-Crowned Crane is called “Sarurun Kamui” by the indigenous Aynu people in Hokkaido, Japan. It means “God of the Wetlands.”","Omnivorous. They feed on insects, aquatic invertebrates, fish, amphibians  and rodents. They may also eat reeds, grass and other plants.",,Tancho,Red-crowned crane,https://www.zoo.gov.tw/iTAP/03_Animals/BirdWorld/Tancho/Tancho_Pic01.jpg,Red-crowned crane,https://www.zoo.gov.tw/iTAP/03_Animals/BirdWorld/Tancho/Tancho_Pic02.jpg,Red-crowned crane,https://www.zoo.gov.tw/iTAP/03_Animals/BirdWorld/Tancho/Tancho_Pic03.jpg,Red-crowned crane,https://www.zoo.gov.tw/iTAP/03_Animals/BirdWorld/Tancho/Tancho_Pic04.jpg
169,Jungle Crow,MULTIPOINT ((121.5898159 24.9954408)), Bird World,Corvus macrorhynchos,Chordata,Aves,Passeriformes,"Sturnidae

Corvidae",Least Concern (LC),"East Asia, Indian Himalayas, the Philippines, and East Indies.",Edges of forests.,"1. Its body measures between 45 to 59 cm in length and weighs between 450 and 1,000 g.
2. Its bill is relatively long. There is a abrupt bulge on its forehead starting at the base of its bill. Its wings and primaries are particularly wide. Its tail is relatively long and slightly wedge-shaped, but is only visible during flight. Its overall plumage is black, but some subspecies appear more reflective. Its bill and legs are black and pupils are dark brown.","1. Usually active in pairs or in small flocks. Larger flocks will gather near sources of food and garbage. The call is quite hoarse and abrasive.
2. Prefers to perch on branches with good fields on view. 3. Solitary breeders. The nest is an uneven platform on tree forks built out of twigs. There are 4 to 6 eggs per clutch. Only the female incubates the egg and they hatch after 18 days. The hatchlings are fed by both parents. Breeding season varies depending on distribution. Eggs are laid between April and May in Afghanistan, during May in eastern Siberia, between March and June in the Philippines, and between February and April in Malaysia.","Fruit, insects, amphibious reptiles, small mammals, hatchlings and bird egg.",,Crow,Jungle Crow,httpss://www.zoo.gov.tw/iTAP/03_Animals/BirdWorld/Crow/Crow_Pic01.jpg,Jungle Crow,httpss://www.zoo.gov.tw/iTAP/03_Animals/BirdWorld/Crow/Crow_Pic01.jpg,Jungle Crow,httpss://www.zoo.gov.tw/iTAP/03_Animals/BirdWorld/Crow/Crow_Pic01.jpg,Jungle Crow,httpss://www.zoo.gov.tw/iTAP/03_Animals/BirdWorld/Crow/Crow_Pic01.jpg
170,White-vented Myna,MULTIPOINT ((121.5898159 24.9954408)), Bird World,Acridotheres javanicus,Chordata,Aves,Passeriformes,"Bucerotidae

Sturnidae",Vulnerable (VU),East and Southeast Asia.,"Fields, farmlands, garbage dumps, and urban parks.","1. It is 25 cm long and is almost completely black with a distinctive crest. Its bill is yellow. The area around the cloaca and tip of its tail is white.
2. A distinctive white mark can be seen at the base of the primaries when in flight. The plumage of juveniles tend towards brown.","1. Small flocks often forage on open grasslands.
2. Often hang around cattle to catch insects that fly around the cattle.
3. Can form mixed groups with other starlings and hang around piles of garbage.
","Feeds on fruit, seeds, grains and insects on trees and the ground. They may also land on cattle to eat the bugs on them.",,Myna-W,White-vented Myna,https://www.zoo.gov.tw/iTAP/03_Animals/BirdWorld/Myna-W/Myna-W_Pic01.jpg,White-vented Myna,https://www.zoo.gov.tw/iTAP/03_Animals/BirdWorld/Myna-W/Myna-W_Pic02.jpg,White-vented Myna,https://www.zoo.gov.tw/iTAP/03_Animals/BirdWorld/Myna-W/Myna-W_Pic03.jpg,White-vented Myna,https://www.zoo.gov.tw/iTAP/03_Animals/BirdWorld/Myna-W/Myna-W_Pic04.jpg
171,White-naped Crane,MULTIPOINT ((121.5911798 24.9951831)), Bird World,Grus vipio,Chordata,Aves,Gruiformes,Gruidae,Vulnerable (VU),"Siberia, China, Korea, Japan",Open wetlands and lakeside.,"1. Its body is slate-grey but its throat is white. A distinctive vertical white strip runs from its crown to its nape. Its pupils are orange-red.
2. Chicks have a completely brown head with a pale throat.
3. It makes a penetrating, high-pitched call.
4. Its cheeks are bright red, so they are also known as the “red-faced crane.”","1. Breeds in spring. Eggs are laid between April and late May.
2. The nest is shaped like a mound. It is composed of dry reeds and grass from the wetland. There are usually 2 eggs per clutch. Incubation takes between 28 to 32 days.
3. Young cranes are a pale yellowish-brown color with dark spots. The chicks are fully-fledged after 70 to 75 days. Sexual maturity occurs between 2 to 3 years of age.","1. Feed on the roots and rhizomes of reeds and other wetland plants. They also eat insects, small vertebrates, seeds and rice ears. Outside of their breeding season, they also eat a lot of loose grain, seeds and rhizomes.
2. Feeding platforms in Japan provide the crane with rice and other cereals in winter. The crane digs for roots and rhizomes, but also eats large quantities of small animals and grains.",,Crane-W,White-naped Crane,https://www.zoo.gov.tw/iTAP/03_Animals/BirdWorld/Crane-W/Crane-W_Pic01.jpg,White-naped Crane,https://www.zoo.gov.tw/iTAP/03_Animals/BirdWorld/Crane-W/Crane-W_Pic02.jpg,White-naped Crane,https://www.zoo.gov.tw/iTAP/03_Animals/BirdWorld/Crane-W/Crane-W_Pic03.jpg,White-naped Crane,https://www.zoo.gov.tw/iTAP/03_Animals/BirdWorld/Crane-W/Crane-W_Pic04.jpg
172,White Cockatoo,MULTIPOINT ((121.5912335 24.99528898)), Bird World,Cacatua alba,Chordata,Aves,Psittaciformes,Cacatuidae,Endangered (EN),Indonesia,Gently sloping primary forests below an elevation of 600m or lowland forests that had been logged.,"1. Its body is about 46 cm long.
2. Aduls are white, including a crest with wide feathers curving backwards. The underwing flight feathers and tail feathers have yellow tones. Its exposed eye ring is pale yellowish-white. Its bill is grayish black. Males have dark brown pupils while females have light reddish-brown pupils. Its legs are gray.","They usually fly across the tree top in pairs or flocks, or perch on a branch at the highest point of the tree. The white feathers and discordant calls make them easy to find.","Diet includes seeds, fruit, nuts, and berries. They may also eat insects and their larvae.",,Cockatoo-W,White Cockatoo,https://www.zoo.gov.tw/iTAP/03_Animals/BirdWorld/Cockatoo-W/Cockatoo-W_Pic01.jpg,White Cockatoo,https://www.zoo.gov.tw/iTAP/03_Animals/BirdWorld/Cockatoo-W/Cockatoo-W_Pic02.jpg,White Cockatoo,https://www.zoo.gov.tw/iTAP/03_Animals/BirdWorld/Cockatoo-W/Cockatoo-W_Pic03.jpg,White Cockatoo,https://www.zoo.gov.tw/iTAP/03_Animals/BirdWorld/Cockatoo-W/Cockatoo-W_Pic04.jpg
173,Hooded Crane,MULTIPOINT ((121.5908915 24.9953168)), Bird World,Grus monacha,Chordata,Aves,"Cariamiformes

Gruiformes",Gruidae,Vulnerable (VU),"Siberia, China, Japan, Korea","1. The breeding area can be isolated peat bogs or swamps surrounded by highland forests.
2. Nonbreeding individuals inhabit open wetlands, grasslands, and farmlands. Their winter habitats show even greater variations and can include river banks, shallow lakes, grassy swamps, rice paddies and farmlands.","1. Its body is gray and its head is white except for the red patch of skin on its forehead above the eyes. Its pupils range from orange-red to red. It is similar in appearance to the shite-naped crane, except that it is smaller and has a completely white neck. 
2. Chicks have body plumage with a brown hue, and a black and white crest.
3. It makes high-pitched calls.","1. Large flocks are the rule except during the season when they split into pairs. Such pairings may last for life.
2. Hooded Cranes will migrate in flocks from the north to the south to winter in Japan or the Yangtze River Basin in China. It is a rare migratory bird in Taiwan and may occasionally be sighted on the Lanyang Plain.
3. Breeds in spring. Eggs are laid at the end of April and in early May. There are usually 2 eggs per clutch. Incubation period takes between 27 to 30 days. Young cranes are dark brown on the upper side while the underside is a paler shade. The chicks are fully-fledged after 75 days. Sexual maturity occurs between 3 to 4 years of age.
4. Nests are made up of lichen, moss, reeds, leaves and twigs.  They are located within forests on mossy swamps.","Rhizomes of aquatic plants, seeds, berries, insects, and frogs",,Crane-H,Hooded Crane,https://www.zoo.gov.tw/iTAP/03_Animals/BirdWorld/Crane-H/CraneH_Pic01.jpg,Hooded Crane,https://www.zoo.gov.tw/iTAP/03_Animals/BirdWorld/Crane-H/CraneH_Pic01.jpg,Hooded Crane,https://www.zoo.gov.tw/iTAP/03_Animals/BirdWorld/Crane-H/CraneH_Pic01.jpg,Hooded Crane,https://www.zoo.gov.tw/iTAP/03_Animals/BirdWorld/Crane-H/CraneH_Pic01.jpg
174,Great White Pelican,MULTIPOINT ((121.5898159 24.9954408)), Bird World,Pelecanus onocrotalus,Chordata,Aves,Pelecaniformes,Pelecanidae,Least Concern (LC),Eurasia and Africa.,"Lives in freshwater and semi-saltwater lakes, deltas, lagoons and swamps.","1. It has a long bill, pink legs, and black flight feathers are all-black when viewed from below.
2. The skin of the face is pinkish-yellow in males and bright orange-red in females during the breeding season. The legs change to dark red color and the forehead bulges into a knob.
3. Outside of the breeding season, adults have no pink plumage or yellow breast. The exposed skin is also a darker tone.","1. They generally form breeding flocks and build nests on the ground. The nest is made from piles of reeds and twigs. Each clutch contains 1 to 3 eggs.
2. Between 20 to 25 days after hatching, the chicks leave the nest and form a very close-knit “nursery” with other chicks. The parents pick out and feed their own chicks at the nursery by sound.",Feed on fish and eat on average 1kg's worth of fish a day.,,Pelican-W,Great White Pelican,https://www.zoo.gov.tw/iTAP/03_Animals/BirdWorld/Pelican-W/Pelican-W_Pic01.jpg,Great White Pelican,https://www.zoo.gov.tw/iTAP/03_Animals/BirdWorld/Pelican-W/Pelican-W_Pic02.jpg,Great White Pelican,https://www.zoo.gov.tw/iTAP/03_Animals/BirdWorld/Pelican-W/Pelican-W_Pic03.jpg,Great White Pelican,https://www.zoo.gov.tw/iTAP/03_Animals/BirdWorld/Pelican-W/Pelican-W_Pic04.jpg
175,Ashy Wood Pigeon,MULTIPOINT ((121.5898159 24.9954408)), Bird World,Columba pulchricollis,Chordata,Aves,Columbiformes,Columbidae,Least Concern (LC),"Tibet, Nepal, northern India, Thailand, Yunnan, and Taiwan.","Lives in mixed forests of deciduous and evergreen forests. In the Himalayas, the pigeon can usually be found between in places between 1,200 to 3,200 meters above sea level, while in Bangladesh it can be found throughout the year in places with altitudes as low as 100-150 meters.","1. Its body measures between 31 to 36 cm in length and weighs around 330 g.
2. Its head is gray with a cream-colored neck band. There is a black patch on the nape. The body has a dark tone with a wide, rounded tail. Females have a slightly darker plumage and have a pale, reddish-brown tinge on their chest.","1. The nest is usually located on trees and built out haphazardly out of twigs. There is usually 1 egg per clutch but sometimes 2.
2. They usually form large flocks of 20 to 50 birds during winter. The flock may sometimes grow to more than hundred birds. They are mostly active in the tree tops and make “whoo~ whoo~” calls that are hard to locate in the canopy. The wings flap very loudly when taking off.","Mainly forages in trees for fruit but will also eat seeds, berries and small snails.",,Pigeon-AW,Ashy Wood Pigeon,https://www.zoo.gov.tw/iTAP/03_Animals/BirdWorld/Pigeon-AW/Pigeon-AW_Pic01.jpg,Ashy Wood Pigeon,https://www.zoo.gov.tw/iTAP/03_Animals/BirdWorld/Pigeon-AW/Pigeon-AW_Pic01.jpg,Ashy Wood Pigeon,https://www.zoo.gov.tw/iTAP/03_Animals/BirdWorld/Pigeon-AW/Pigeon-AW_Pic01.jpg,Ashy Wood Pigeon,https://www.zoo.gov.tw/iTAP/03_Animals/BirdWorld/Pigeon-AW/Pigeon-AW_Pic01.jpg
176,Gray jungle fowl,MULTIPOINT ((121.5902263 24.9954153)), Bird World,Gallus sonneratii,Chordata,Aves,Galliformes,Phasianidae,Least Concern (LC),India,Lives on forest floor and in scrubs.,"Males measure between 70 to 80 cm in length, and weighs between 790 and 1,136 g. Females measure around 38 cm in length and weighs between 750 and 790 g.","1. Breeds all-year-round with four to seven eggs per clutch.
2. Similar in appearance to the domesticated chicken and cannot fly very far.","Bamboo, seeds, shoots, rhizomes, berries, insects and reptiles.",,Fowl-GJ,Gray jungle fowl,https://www.zoo.gov.tw/iTAP/03_Animals/BirdWorld/Fowl-GJ/Fowl-GJ_Pic01.jpg,Gray jungle fowl,https://www.zoo.gov.tw/iTAP/03_Animals/BirdWorld/Fowl-GJ/Fowl-GJ_Pic02.jpg,Gray jungle fowl,https://www.zoo.gov.tw/iTAP/03_Animals/BirdWorld/Fowl-GJ/Fowl-GJ_Pic03.jpg,Gray jungle fowl,https://www.zoo.gov.tw/iTAP/03_Animals/BirdWorld/Fowl-GJ/Fowl-GJ_Pic04.jpg
177,Grey crowned crane,MULTIPOINT ((121.5898159 24.9954408)), Bird World,Balearica regulorum,Chordata,Aves,Gruiformes,Gruidae,Endangered (EN),Eastern and southern parts of Africa.,Forages on grasslands and farmlands. They are often found with herbivores.,"1. Its pupil may range from pale grey to pale blue. Its crest is yellow, similar to the black crowned crane, but the two species differ in that the grey crowned crane has a pale gray neck and a large red throat pouch. Only the top of its white cheek patch is red.
2. Chicks have a brown crown and nape and their pupils are brown as well. The red patch on their cheeks is larger than the type subspecies.
3. Its low frequency call sounds like a horn being blown cheerfully.","1. Pecks quickly while foraging to rip plants up by the roots. The feet can also stamp the ground to disturb insects.
2. Often hangs around herbivores to forage more efficiently.","Forages for the seeds of reeds and grassy shoots. They also eat insects such as locusts and grasshoppers, and other small animals including frogs and lizards. They on grasslands and farmlands.",,Crane-GC,Grey crowned crane,https://www.zoo.gov.tw/iTAP/03_Animals/BirdWorld/Crane-GC/Crane-GC_Pic01.jpg,Grey crowned crane,https://www.zoo.gov.tw/iTAP/03_Animals/BirdWorld/Crane-GC/Crane-GC_Pic02.jpg,Grey crowned crane,https://www.zoo.gov.tw/iTAP/03_Animals/BirdWorld/Crane-GC/Crane-GC_Pic03.jpg,Grey crowned crane,https://www.zoo.gov.tw/iTAP/03_Animals/BirdWorld/Crane-GC/Crane-GC_Pic04.jpg
178,Common Crane,MULTIPOINT ((121.5898159 24.9954408)), Bird World,Grus grus,Chordata,Aves,Gruiformes,Gruidae,Least Concern (LC),"Africa, Europe and Asia.","Breeds in all kinds of shallow wetlands including forest swamps, grasslands with paper reeds, and peat bogs. They have adapted to smaller natural and artificial swamps in Europe. In areas where they winter, they forage in farmlands and pastures nearby, then spend nights wetlands or other types of shallow water.","1. Its body is slate-grey with black primary wing feathers. Its head is a darker color with a white stripe running from behind its eyes to its nape. There is a red skin patch on top of its head. Its pupils range from yellow to orange-red. It is similar in appearance to the black-crowned crane, but the common crane has white feathers on its head. Chicks have a feathered crest, and the tips of the feathers on their bodies are pale yellowish-brown.
2. It makes a penetrating, high-pitched call.","1. Breeds in spring. Eggs are mostly laid in May. The nest mound is about 80cm across and made up of plants from the wetland. The nest is located in shallow swamp and is usually close to a tree. There are usually 2 eggs per clutch. Incubation takes between 28 to 31 days.
2. Young cranes are dark brown on the upper side while the underside is a paler brown. The chicks are fully-fledged after 65 to 70 days. Sexual maturity occurs between 4 to 6 years of age.","1. Omnivorous.
2. Diet is plant-heavy, especially outside of their breeding season. They eat roots, rhizomes, stems, sheaths of new shoots, leaves, berries, the seeds of erect aquatic plants in the wetlands, grass, crops, nuts, beans, and grains.
3. Their diet is more animal-based in summer and consists mainly of invertebrates such as meal worms, snails, insects, and arthropods. They may also eat frogs, snakes, lizards, fish and rodents. They probe for food on land and in water before picking it up to swallow.",,Crane-C,Common Crane,https://www.zoo.gov.tw/iTAP/03_Animals/BirdWorld/Crane-C/Crane-C_Pic01.jpg,Common Crane,https://www.zoo.gov.tw/iTAP/03_Animals/BirdWorld/Crane-C/Crane-C_Pic02.jpg,Common Crane,https://www.zoo.gov.tw/iTAP/03_Animals/BirdWorld/Crane-C/Crane-C_Pic03.jpg,Common Crane,https://www.zoo.gov.tw/iTAP/03_Animals/BirdWorld/Crane-C/Crane-C_Pic03.jpg
179,Bamboo Partridge,MULTIPOINT ((121.5898159 24.9954408)), Bird World,Bambusicola thoracica,Chordata,Aves,Galliformes,Phasianidae,Least Concern (LC),"1. There are 2 sub-species. B. t. thoracica is found in southern China; B. t. sonorivox is found in Taiwan.
2. Was once introduced to Japan and the Hawaiian islands.","Found in bamboo groves, scrubs and grasslands up to an elevation of 2,000m.","Its body is 31 cm long and weighs 200 to 342 g. It has distinctive patterns on its head. Females usually lack spurs. Juveniles have paler colors and the central shaft of their feathers is yellowish-brown. The lower half of their back, the rump and upper-tail coverts have dark spots.
","Their nest is built at the base of trees, under bushes, or in long grass. There are three to seven eggs per clutch. Incubation is about 17 to 18 days and hatching is done by the female. ","Seeds (including nuts), the sheath of new shoots, leaves, and invertebrates.",,Patridge,Bamboo Partridge,https://www.zoo.gov.tw/iTAP/03_Animals/BirdWorld/Patridge/Patridge_Pic01.jpg,Bamboo Partridge,https://www.zoo.gov.tw/iTAP/03_Animals/BirdWorld/Patridge/Patridge_Pic02.jpg,Bamboo Partridge,https://www.zoo.gov.tw/iTAP/03_Animals/BirdWorld/Patridge/Patridge_Pic03.jpg,Bamboo Partridge,https://www.zoo.gov.tw/iTAP/03_Animals/BirdWorld/Patridge/Patridge_Pic04.jpg
180,Eclectus Parrot,MULTIPOINT ((121.5912335 24.99528898)), Bird World,Eclectus roratus,Chordata,Aves,Psittaciformes,Psittacidae,Least Concern (LC),"Islands of Indonesia, the Solomon Islands, islands near Papua New Guinea, and the northeastern cape of Australia.",Often found in the canopy layer of primary forests at lower elevations.,Females have bright red plumage while the males are bright green.,"1. The bright green color of the male is a type of protective coloration. The male forages during the day and this helps it blend with the environment and avoid detection by predators.
2. Females are crimson as a warning color. It tells intruders: “Don’t mess with me!” Female Eclectus Parrots play a dominant role in their society. They do not like flying and rarely leave dense primary forests, spending all their time breeding and caring for their young. 
","Eat fruit, seed, nuts, shoots and flowers.",,Parrot-E,Eclectus Parrot,https://www.zoo.gov.tw/iTAP/03_Animals/BirdWorld/Parrot-E/Parrot-E_Pic01.jpg,Eclectus Parrot,https://www.zoo.gov.tw/iTAP/03_Animals/BirdWorld/Parrot-E/Parrot-E_Pic02.jpg,Eclectus Parrot,https://www.zoo.gov.tw/iTAP/03_Animals/BirdWorld/Parrot-E/Parrot-E_Pic03.jpg,Eclectus Parrot,https://www.zoo.gov.tw/iTAP/03_Animals/BirdWorld/Parrot-E/Parrot-E_Pic04.jpg
181,Marabou stork,MULTIPOINT ((121.5911154 24.9951625)), Bird World,Leptotilos crumeniferus,Chordata,Aves,Ciconiiformes,Ciconiidae,Least Concern (LC),South of the Sahara Desert in Africa.,"Lives in open arid savannahs, grasslands, swamps, riversides and lake shore. They are often found in fishing villages, garbage dumps and near rotten corpses.","1. Its body can measure up to 150 cm and it weighs approximately 7 kg. 
2. Its head and neck lack feathers so when it sticks its head into carrion to feed, blood and other substances won't get stuck.
3. The pink air sacs on its throat and back are for courtship displays and dissipating heat.
4. Its beak is very large and its pupils are dark red.",Forms breeding flocks of up to several thousand. They may also form mixed breeding flocks with other species. Nests are usually built on trees but can also be built on cliffs or even on urban streets. Nests are built from twigs and lined with thin twigs and green leaves.,"Feeds mainly on dead animals, but may also eat fish, insects, reptiles, and small mammals.",,Stork-M,Marabou stork,https://www.zoo.gov.tw/iTAP/03_Animals/BirdWorld/Stork-M/Stork-M_Pic01.jpg,Marabou stork,https://www.zoo.gov.tw/iTAP/03_Animals/BirdWorld/Stork-M/Stork-M_Pic02.jpg,Marabou stork,https://www.zoo.gov.tw/iTAP/03_Animals/BirdWorld/Stork-M/Stork-M_Pic03.jpg,Marabou stork,https://www.zoo.gov.tw/iTAP/03_Animals/BirdWorld/Stork-M/Stork-M_Pic04.jpg
182,Sarus Crane,MULTIPOINT ((121.5911154 24.9951625)), Bird World,Grus antigone,Chordata,Aves,"Cariamiformes

Gruiformes",Gruidae,Vulnerable (VU),"Northern India, the Indochina Peninsula, the Malaya Peninsula, and northern Australia.","Found on canals, irrigation channels, village ponds as well as shallow swamps, farmlands and abandoned fields.","1. It is the tallest of all flying birds and is as tall as a full-grown man.
2. Its head and upper neck are nude and covered with coarse skin that is red and becomes more vivid during the breeding season. Its body plumage is mainly dark or pale grey.
3. Adult sarus crane has a gray body and a red, naked head. It also has a white crown and a long, sharp bill. During flight, it stretches its neck forward, its black wingtips are visible, and its red or pink legs are held straignt behind its body. Males and females are undistinguishable by color. Chicks have darker plumage that tend towards brown. Males are usually larger than females. The Indian sarus crane can grow up to 2 m tall and has a wingspan of 2.5 m, making it the largest flying bird in the world. Its body weight is 7.3 kg on average and is slightly lighter than the red crowned crane.","1. Their call is very loud and the most penetrating of all cranes.
2. A series of courtship displays are performed during the breeding season that are significantly different from their usual dances.
3. Pairings are for life.
4. Sarus Cranes that have been paired will make calls like a duet to assert their territory.
5. Nests are built on the ground with 2 to 3 eggs per clutch. They do not migrate and only split up for short distances. Males and females take turns staying in the nest. Protection is mainly provided by the male.","Rhizomes, grains, insects (locusts), invertebrates (snails, crustaceans), fish, frogs, and snakes.",,Crane-S,Sarus Crane,https://www.zoo.gov.tw/iTAP/03_Animals/BirdWorld/Crane-S/Crane-S_Pic01.jpg,Sarus Crane,https://www.zoo.gov.tw/iTAP/03_Animals/BirdWorld/Crane-S/Crane-S_Pic02.jpg,Sarus Crane,https://www.zoo.gov.tw/iTAP/03_Animals/BirdWorld/Crane-S/Crane-S_Pic03.jpg,Sarus Crane,https://www.zoo.gov.tw/iTAP/03_Animals/BirdWorld/Crane-S/Crane-S_Pic04.jpg
183,Oriental Turtle-dove,MULTIPOINT ((121.5898159 24.9954408)), Bird World,Steptopelia orientalis orii,Chordata,Aves,Columbiformes,Columbidae,Least Concern (LC),"From central Soviet Union, central and southern Siberia, Japan, southward to north-central and eastern Afghanistan, northern Pakistan, India, Burma, Thailand, South Central Peninsula, southern China (including Hainan Island), and Taiwan.","1. Occupies a wide variety of habitats ranging from conifer forests in the north to tropical rainforests.
2. It is often found on the forest edge and in the mountains of Japan. It can also be found in sparse forests, scrubs, and forested farmlands. Recently, in Japan, they seem to be breeding more commonly in trees along streets. It has been sighted on Mt. Fuji at an elevation of 2,400m, and in Nepal on mountains with elevations of up to 4,000m.",Its body measures between 33 to 35cm long. It weighs between 165 to 274 g. The sides of its neck are black with white spots. The wing margins are reddish-brown.,"1. Thee breeding season is very long. It runs from May to August in the north of their distribution region and between November and February in India.
2. Builds fragile nests out of twigs in bushes and bamboo groves in India. The nest is usually 2 to 4 meters off the ground. Each clutch usually contains 2 white eggs, though sometimes there is only 1. Incubation period takes between 15 to 16 days. The chicks are fully-fledged after 15 to 17 days.","Feed on grains and pine buds, but also raid rice paddies. They also eat the tender leaves of herbaceous plants, bamboo and other plants. They also eat berries. The dove primarily forages on the ground.",,Dove-OT,Oriental Turtle-dove,https://www.zoo.gov.tw/iTAP/03_Animals/BirdWorld/Dove-OT/Dove-OT_Pic01.jpg,Oriental Turtle-dove,https://www.zoo.gov.tw/iTAP/03_Animals/BirdWorld/Dove-OT/Dove-OT_Pic02.jpg,Oriental Turtle-dove,https://www.zoo.gov.tw/iTAP/03_Animals/BirdWorld/Dove-OT/Dove-OT_Pic03.jpg,Oriental Turtle-dove,https://www.zoo.gov.tw/iTAP/03_Animals/BirdWorld/Dove-OT/Dove-OT_Pic04.jpg
184,Golden Pheasant,MULTIPOINT ((121.5902263 24.9954153)), Bird World,Chrysolophus pictus,Chordata,Aves,Galliformes,Phasianidae,Least Concern (LC),China,Lives in mountains or valleys with dense forest understory or bamboo groves.,"Female golden pheasant is different from Lady Amherst’s pheasant in that its legs are yellow, the skin around its eyes have a distinctive golden-hue compared to its orange feathers, and the tail feathers are more pointed. Juveniles resemble females but the colors are less vivid and the mottling is less distinct.","Each clutch contains five to 12 eggs (in captivity) and incubation period is 22 days. The chicks are covered with yellowish-brown fledgling feathers. They have a pale-yellow band and the underside is a pale, yellowish brown and white. The tones are somewhat more yellow than those of the Lady Amherst’s pheasant. 
","Diet consists mainly of leaves, the shoots, protective sheath and leaves of bamboo, and azalea flowers. They also eat some spiders and all types of insects.",,Pheasnat-G,Golden Pheasant,https://www.zoo.gov.tw/iTAP/03_Animals/BirdWorld/Pheasnat-G/Pheasnat-G_Pic01.jpg,Golden Pheasant,https://www.zoo.gov.tw/iTAP/03_Animals/BirdWorld/Pheasnat-G/Pheasnat-G_Pic02.jpg,Golden Pheasant,https://www.zoo.gov.tw/iTAP/03_Animals/BirdWorld/Pheasnat-G/Pheasnat-G_Pic03.jpg,Golden Pheasant,https://www.zoo.gov.tw/iTAP/03_Animals/BirdWorld/Pheasnat-G/Pheasnat-G_Pic04.jpg
185,Moorhen,MULTIPOINT ((121.5898159 24.9954408)), Bird World,Gallinula chloropus,Chordata,Aves,Gruiformes,Rallidae,Least Concern (LC),"China, Hainan Island, Japan, Taiwan, India","Ponds, paddies and swamps.","1. Its body plumage is generally black and the bill is red with a yellow tip. Its feet are yellowish-green and there are a series of white spots along its flanks.
2. Chicks are glossy black with a bright red spot on their forehead.","1. Brisk, clear call. Nests are built in dense grass or bushes next to water, on aquatic plants and quick soil, or in reeds growing on the water.
2. Able swimmers and divers. Can walk underwater by gripping submerged plants.
3. Often waggles the tail feathers while paddling on the surface to reveal two patches of white coverts in the tail.","Water plants, fish, shrimps, and insects.",,Moorhen,Moorhen,https://www.zoo.gov.tw/iTAP/03_Animals/BirdWorld/Moorhen/Moorhen_Pic01.jpg,Moorhen,https://www.zoo.gov.tw/iTAP/03_Animals/BirdWorld/Moorhen/Moorhen_Pic02.jpg,Moorhen,https://www.zoo.gov.tw/iTAP/03_Animals/BirdWorld/Moorhen/Moorhen_Pic03.jpg,Moorhen,https://www.zoo.gov.tw/iTAP/03_Animals/BirdWorld/Moorhen/Moorhen_Pic04.jpg
186,Red Turtle Dove,MULTIPOINT ((121.5898159 24.9954408)), Bird World,Streptopelia tranquebarica,Chordata,Aves,Columbiformes,Columbidae,Least Concern (LC),"India, Tibet, Nepal, the Indochina Peninsula, the Philippines, Taiwan, and China.",Favorite perches include power lines and poles. They often land on the ground to feed. Hundreds gather on the kapok trees in the zoo.,"1. It has a black band on its nape. Its tail is dark-colored with white tips.
2. Males have a gray-colored head and an orange-brown body. Females resemble males but their back and their wings are of a darker brown, while their belly feathers have a lighter color.","1. Likes to perch on power lines or telephone phones. They often land on the ground to forage. Tendency to flock together during winter. They live further away from human residences than the Spotted Dove.
2. The nest is located higher up in the tree. A shallow dish-shaped platform is built out of twigs and grass stems. Each clutch contains 2 eggs though sometimes 3..","Diet consists of seeds from herbaceous plants and will eat crop seeds, such as those of rice.",,Dove-RT,Red Turtle Dove,https://www.zoo.gov.tw/iTAP/03_Animals/BirdWorld/Dove-RT/Dove-RT_Pic01.jpg,Red Turtle Dove,https://www.zoo.gov.tw/iTAP/03_Animals/BirdWorld/Dove-RT/Dove-RT_Pic02.jpg,Red Turtle Dove,https://www.zoo.gov.tw/iTAP/03_Animals/BirdWorld/Dove-RT/Dove-RT_Pic03.jpg,Red Turtle Dove,https://www.zoo.gov.tw/iTAP/03_Animals/BirdWorld/Dove-RT/Dove-RT_Pic04.jpg
187,Rose-ringed Parakeet,"MULTIPOINT ((121.5912335 24.99528898), (121.58259 24.9991347))", Bird World,Psittacula krameri,Chordata,Aves,Psittaciformes,Psittacidae,Least Concern (LC),Central Africa south of the Sahara Desert and South Asia.,Forests near lakes and rivers at low elevations.,Its body measures between 37 and 43 cm in length and weighs between 95 and 143 g.,"1. The nest is built in tree holes between 3 to 10 meters off the ground. Nests are sometimes also built on cliffs and broken walls. There are usually 3 to 4 eggs per clutch though some may lay up to 6. Incubation takes 22 days. The nurturing period is 7 weeks.
2. Considered a crop pest in India.","Fruit, nuts, seeds, flower petals, and grains.",,Parakeet-R,Rose-ringed Parakeet,https://www.zoo.gov.tw/iTAP/03_Animals/BirdWorld/Parakeet-R/Parakeet-R_Pic01.jpg,Rose-ringed Parakeet,https://www.zoo.gov.tw/iTAP/03_Animals/BirdWorld/Parakeet-R/Parakeet-R_Pic02.jpg,Rose-ringed Parakeet,https://www.zoo.gov.tw/iTAP/03_Animals/BirdWorld/Parakeet-R/Parakeet-R_Pic03.jpg,Rose-ringed Parakeet,https://www.zoo.gov.tw/iTAP/03_Animals/BirdWorld/Parakeet-R/Parakeet-R_Pic04.jpg
188,Scarlet Ibis,"MULTIPOINT ((121.5912335 24.99528898), (121.58259 24.9991347))",Tropical Rainforest Area (Pangolin Dome),Eudocimus ruber,Chordata,Aves,"Ciconiiformes

Pelecaniformes","Threskiornithidae
",Least Concern (LC),Central and South America.,"In mangroves, mudflats where the river flows into the ocean, grasslands, farmlands, freshwater swamps, shallow lakes, fish ponds, and rice paddies. ","The three outermost primary flight feathers are black. Outside the breeding reason, the inside of an adult bird's mouth will have the same pink or light pink color as their plumage. Juveniles have stripes or brown and white irregular blotches on their heads and necks. Unlike adults which are entirely red, their undersides and rump are white, and their back is dark, grayish-brown. Their white feathers also have a pinkish hue.","1. Breeding season may vary but generally takes place during the rain season. It is obviously influenced by the local hydrological conditions. Large or even huge breeding populations of up to 5,000 pairs may be formed. Breeding flocks may be formed with other ibises and egrets.
 2. The nest is located on trees about 1 to 4.5 meters off the ground. A platform is built out of twigs. There are usually 2 eggs per clutch and incubation lasts 21 to 23 days. Chicks are covered with dense, black down. The chicks are fully-fledged after 35 to 42 days.
","Diet consists mainly of crustaceans with a particular fondness for fiddler crabs. They also eat snails, bivalves, insects and fish.",,Ibis-S,Scarlet Ibis,https://www.zoo.gov.tw/iTAP/03_Animals/BirdWorld/Ibis-S/Ibis-S_Pic01.jpg,Scarlet Ibis,https://www.zoo.gov.tw/iTAP/03_Animals/BirdWorld/Ibis-S/Ibis-S_Pic02.jpg,Scarlet Ibis,https://www.zoo.gov.tw/iTAP/03_Animals/BirdWorld/Ibis-S/Ibis-S_Pic03.jpg,Scarlet Ibis,https://www.zoo.gov.tw/iTAP/03_Animals/BirdWorld/Ibis-S/Ibis-S_Pic04.jpg
189,American Wood Duck,MULTIPOINT ((121.5898159 24.9954408)), Bird World,Aix sponsa,Chordata,Aves,Anseriformes,Anatidae,Least Concern (LC),"Central and southwestern parts of North America, and Cuba.","Lives in ponds, marshes and slow-moving rivers surrounded by trees.","1. Its body measures between 47 to 54 cm in length and weighs around 450 g.
2. Females are similar in appearance to the Mandarin duck, but the white markings around their eyes are longer and the bill is thinner. The base of its upper bill bulges towards the brows. The chicks resemble females, although they have brown mottling and stripes on their abdomen.","1. Intense courtship displays take place before pairing. Display behaviors include pretending to drink water, ritualized grooming of wing feathers, extending the neck, erecting the feathers and making whistling noises.
2. Nesting location changes depending on the water level and they are not territorial.
3. Builds nests in natural tree holes near bodies of water. May use tree holes left by woodpeckers or man-made nesting boxes. They are not territorial. Nesting density can become very high as long as there are enough holes to nest in.
","Feeds on insects, acorns, nuts, seeds, and the tender leaves of aquatic plants.","Already endangered by the early 20th Century, with a permanent hunting ban imposed by the U.S. government in 1913. Its population only began to slowly recover with conservation.",Duck-W,American Wood Duck,https://www.zoo.gov.tw/iTAP/03_Animals/BirdWorld/Duck-W/Duck-W_Pic01.jpg,American Wood Duck,https://www.zoo.gov.tw/iTAP/03_Animals/BirdWorld/Duck-W/Duck-W_Pic02.jpg,American Wood Duck,https://www.zoo.gov.tw/iTAP/03_Animals/BirdWorld/Duck-W/Duck-W_Pic03.jpg,American Wood Duck,https://www.zoo.gov.tw/iTAP/03_Animals/BirdWorld/Duck-W/Duck-W_Pic04.jpg
190,Egyptian Goose,MULTIPOINT ((121.5898159 24.9954408)), Bird World,Alopochen aegyptiacus,Chordata,Aves,Anseriformes,Anatidae,Least Concern (LC),South of the Sahara Desert and the Nile River Valley in Africa.,Open plains and wetlands.,"Its body measures between 71 to 73 cm in length and weighs between 1,500 and 2,250 g. It has dark patches on its chest, white spots on its wings, and green speculum feathers. Females are slightly smaller in size. Chicks have no brown patches around their eyes nor on their chest.","1. Strongly territorial and make an “Ack Ack” sound when strangers pass by.
2. Monogamous and move about in pairs. They are very aggressive during the breeding season and raise their young together. The chicks can walk and forage for themselves quite quickly. The male is then responsible for surveying the ground and standing guard. ","Tender leaves, tree leaves and insects.",,Goose-E,Egyptian Goose,https://www.zoo.gov.tw/iTAP/03_Animals/BirdWorld/Goose-E/Goose-E_Pic01.jpg,Egyptian Goose,https://www.zoo.gov.tw/iTAP/03_Animals/BirdWorld/Goose-E/Goose-E_Pic02.jpg,Egyptian Goose,https://www.zoo.gov.tw/iTAP/03_Animals/BirdWorld/Goose-E/Goose-E_Pic03.jpg,Egyptian Goose,https://www.zoo.gov.tw/iTAP/03_Animals/BirdWorld/Goose-E/Goose-E_Pic04.jpg
191,Sacred Ibis,MULTIPOINT ((121.5898159 24.9954408)), Bird World; African Animal Area,Threskiornis aethiopicus,Chordata,Aves,"Ciconiiformes

Pelecaniformes","Threskiornithidae
",Least Concern (LC),Africa and the island of Madagascar.,"Mainly lives in inland bodies of freshwater, grasslands, farmlands, coastal lagoons, and intertidal zones. They also appear in places where humans live such as rubbish piles and farms.","1. Its secondary flight feathers are black tipped. Its unusually shaped bill is long, black, curved, and hooked. It also has the thickest beaks of all birds in this genus.
2. The skin on its lower neck is naked during the breeding season. Like its closely related species, it has messy dark feathers on its rear end. Adult birds have black necks while juveniles have white bands on their necks.","1. Looks for food as a flock during the day by pecking directly at its prey or probing for prey in the mud.
2. Forms breeding flocks and are often mixed in with other storks (Ciconiiformes). Nests are built on trees, bushes, or directly on the ground of islands. Each nest is a large platform built from sticks lined with leaves and grass. There are 2 to 3 eggs per nest.","Mainly eat insects, but may also eat crustaceans, mollusks, fish, frogs, reptiles, and small mammals.","Not threatened globally and is currently ranked CITES II. Their populations appear to be decling in many regions but remain widespread in some areas. Their population decline can be attributed to the fact that their habits have been turned into drainage and river levees, destruction of mangroves, and human interference such as hunting and pesticides.",Ibis-SA,Sacred Ibis,https://www.zoo.gov.tw/iTAP/03_Animals/BirdWorld/Ibis-SA/Ibis-SA_Pic01.jpg,Sacred Ibis,https://www.zoo.gov.tw/iTAP/03_Animals/BirdWorld/Ibis-SA/Ibis-SA_Pic02.jpg,Sacred Ibis,https://www.zoo.gov.tw/iTAP/03_Animals/BirdWorld/Ibis-SA/Ibis-SA_Pic03.jpg,Sacred Ibis,https://www.zoo.gov.tw/iTAP/03_Animals/BirdWorld/Ibis-SA/Ibis-SA_Pic04.jpg
192,Common Myna,MULTIPOINT ((121.5898159 24.9954408)), Bird World,Acridotheres tristis,Chordata,Aves,"Fringilliformes

Passeriformes","Bucerotidae

Sturnidae",Least Concern (LC),"Former Soviet Union, southeastern Iran, Afghanistan, India, Sri Lanka, Myanmar, Thailand, and the Indochina Peninsula.",,"Its head, neck, and upper chest are black while its body is grape-purple. There is a patch of nude, yellow skin behind the eyes. Distinctive white markings can be seen on both wings during flight.","1. Have adapted to human existence very well. Very social and aggressive. They are also omnivores so the populations are extremely adaptable. They can often be seen hopping or walking on lawns and roads. Can form mixed groups with other starlings and hang around rubbish tips.
 2. Breeding season runs from March through to September, though mostly between April and July. Nests are built from twigs, small roots, or artificial materials in tree holes, crevices, vertical river banks and under roof eaves. There are 4 to 5 eggs per clutch. Incubation period takes between 13 to 18 days. The chicks are fully-fledged after 22 to 24 days.",Forages on trees and on the ground. They may also land on cattle to eat the bugs on them.,,CM,Common Myna,https://www.zoo.gov.tw/iTAP/03_Animals/BirdWorld/0_BirdWorld/CM/Common Myna_Pic01.jpg,Common Myna,https://www.zoo.gov.tw/iTAP/03_Animals/BirdWorld/0_BirdWorld/CM/Common Myna_Pic02.jpg,Common Myna,https://www.zoo.gov.tw/iTAP/03_Animals/BirdWorld/0_BirdWorld/CM/Common Myna_Pic02.jpg,Common Myna,https://www.zoo.gov.tw/iTAP/03_Animals/BirdWorld/0_BirdWorld/CM/Common Myna_Pic02.jpg
193,Pink-backed Pelican,MULTIPOINT ((121.5912335 24.99528898)), Bird World,Pelecanus rufescens,Chordata,Aves,Pelecaniformes,Pelecanidae,Least Concern (LC),Africa.,"Freshwater lakes, swamps, rivers, and ponds subject to seasonal flooding.","Its plumage is light gray with a light pink hue on the back. The color of its legs varies greatly and can range from gray to yellow or orange-red. The nude areas of its body, such as the throat sac, have a darker color, and the black spot near its eyes disappear outside of the breeding season.",Nests are built in trees and they form breeding flocks. The nest is constructed out of small twigs and contain 1 to 3 eggs per clutch. Juveniles take 3 to 4 years to reach sexual maturity.,"Feed on fish. Their favorite is fish weighing between 80 and 290g, but will also eat fish that weigh as much as 400g. They are estimated to consume about 900g to 1,200g's worth of fish each day.",,PbP,Pink-backed Pelican,https://www.zoo.gov.tw/iTAP/03_Animals/BirdWorld/0_BirdWorld/PbP/Pink_backedPelican_Pic01.jpg,Pink-backed Pelican,https://www.zoo.gov.tw/iTAP/03_Animals/BirdWorld/0_BirdWorld/PbP/Pink_backedPelican_Pic02.jpg,Pink-backed Pelican,https://www.zoo.gov.tw/iTAP/03_Animals/BirdWorld/0_BirdWorld/PbP/Pink_backedPelican_Pic02.jpg,Pink-backed Pelican,https://www.zoo.gov.tw/iTAP/03_Animals/BirdWorld/0_BirdWorld/PbP/Pink_backedPelican_Pic02.jpg
194,pink and grey cockatoo,MULTIPOINT ((121.5912335 24.99528898)), Bird World,Eolophus roseicapilla,Chordata,Aves,Psittaciformes,Cacatuidae,Least Concern (LC),Australia,Farms,"Its body is 35 cm in length and weighs approximately 300 g.
Adult males and chicks have dark brown retina, while females have reddish-brown retina.",They like to do everything as a group including foraging on the ground.,"Fruit, seeds, and insects.",,Er,pink and grey cockatoo,https://www.zoo.gov.tw/iTAP/03_Animals/BirdWorld/0_BirdWorld/Er/Eolophusroseicapilla01.JPG,pink and grey cockatoo,https://www.zoo.gov.tw/iTAP/03_Animals/BirdWorld/0_BirdWorld/Er/Eolophusroseicapilla02.JPG,pink and grey cockatoo,https://www.zoo.gov.tw/iTAP/03_Animals/BirdWorld/0_BirdWorld/Er/Eolophusroseicapilla03.JPG,pink and grey cockatoo,https://www.zoo.gov.tw/iTAP/03_Animals/BirdWorld/0_BirdWorld/Er/Eolophusroseicapilla03.JPG
195,Chilean Flamingo,MULTIPOINT ((121.5898159 24.9954408)), Bird World,Phoenicopterus chilensis,Chordata,Aves,Phoenicopteriformes,Phoenicopteridae,Near Threatened (NT),South America.,"Lives in coastal mudflats, river-sea interface, lagoons and saltwater lakes from sea level to 4,500 meters above sea level.",Its pale yellowish-gray legs have distinctive red joints and feet. The black tip of its bill is curved downwards while the rest of the bill are of a very pale color. Juveniles are gray-colored with brown and pink spots.,"1. Lives on coastal mudflats, river-sea interfaces, lagoons, and saltwater lakes from the sea level up to an elevation of 4,500m.
2. Its nest is volcano-shaped and built with mud. The flamingo lays one egg per nest.
3. Chilean flamingos breed in flocks and can form flocks of up to 6,000 pairs.",Feeds on aquatic invertebrates. They can always be found foraging at interfaces between water and mud. Their neck is often entirely submerged in water. They move steadily and in an almost straight line while feeding.,,Flamigo-C,Chilean Flamingo,https://www.zoo.gov.tw/iTAP/03_Animals/BirdWorld/Flamigo-C/Flamigo-C_Pic01.jpg,Chilean Flamingo,https://www.zoo.gov.tw/iTAP/03_Animals/BirdWorld/Flamigo-C/Flamigo-C_Pic02.jpg,Chilean Flamingo,https://www.zoo.gov.tw/iTAP/03_Animals/BirdWorld/Flamigo-C/Flamigo-C_Pic03.jpg,Chilean Flamingo,https://www.zoo.gov.tw/iTAP/03_Animals/BirdWorld/Flamigo-C/Flamigo-C_Pic04.jpg
196,Palm Cockatoo,MULTIPOINT ((121.5912335 24.99528898)), Bird World,Probosciger aterrimus,Chordata,Aves,Psittaciformes,Cacatuidae,Least Concern (LC),Papua New Guinea and northern Australia.,"1. Often found in forests, forest edges, partially cleared lands, tall secondary forests, monsoon forests and dense savannahs of Papua New Guinea.
2. Mainly inhabits lowland habitats, but can be found in forests up to an elevation of 1,350m.
3. Mainly lives in interface between lowland monsoon forests and Eucalyptus trees in northern Australia.","1. Its body measures between 55 and 60 cm in length and weighs between 550 and 1,000 g.
2. It is basically entirely black with long crest feathers that is curved backwards. Only its exposed cheek patches are crimson. Its dark grey bill is thick. The feathers on a juvenile's underside has pale yellow margins.","1. Eggs have been recorded as being laid between July and March of the following year.
2. Paired birds are territorial and build their nest in tree holes in the tree trunk. The nest is lined with fresh twigs and both sexes contribute to the nest. Both sexes perform ornate drumming displays at their nest in the tree hole. Certain twigs or nuts are gripped in one foot like drumsticks and used to tap the hollow trunk.
3. There is usually 1 egg per clutch. The female bird incubates the egg while the male brings food to the female. Incubation takes 33 days. Newly hatched chicks are completely nude. The chicks stay for up to 3 months in the nest and is fed by the female. Young chicks will stay with their parents and only strike out on their own when the next breeding season is approaching. ","Mainly forages in trees for seeds, fruit, nuts, berries and tender buds. They are particularly fond of coconuts, and may occasionally eat fruit that drops to the ground as well.","Invasive parrot species are a major problem in Taiwan. Species commonly seen include the sulphur-crested cockatoo, the Goffin’s cockatoo, red lory, and rose-ringed parakeet. Parrots are very damaging to plants and have a serious impact on the ecosystems outside of their original habitat.",Cockatoo-P,Palm Cockatoo,https://www.zoo.gov.tw/iTAP/03_Animals/BirdWorld/Cockatoo-P/Cockatoo_Pic01.jpg,Palm Cockatoo,https://www.zoo.gov.tw/iTAP/03_Animals/BirdWorld/Cockatoo-P/Cockatoo_Pic02.jpg,Palm Cockatoo,https://www.zoo.gov.tw/iTAP/03_Animals/BirdWorld/Cockatoo-P/Cockatoo_Pic02.jpg,Palm Cockatoo,https://www.zoo.gov.tw/iTAP/03_Animals/BirdWorld/Cockatoo-P/Cockatoo_Pic02.jpg
197,Violet Turaco,MULTIPOINT ((121.5901324 24.9957508)), Bird World,Musophaga violacea,Chordata,Aves,"Cuculiformes

Musophagiformes",Musophagidae,Least Concern (LC),West Africa,Edges of lowland forests and river valley forests.,"Its body is 50 cm long and has a deep purplish-black color, except its head and neck, which are crimson.","1. Shy by nature, the nest is built in dense tree canopy. The parents take turns brooding.
2. The call is a steady “hou” at random intervals.","Fruit, berries and seeds.",,Turaco-V,Violet Turaco,https://www.zoo.gov.tw/iTAP/03_Animals/BirdWorld/Turaco-V/Turaco-V_Pic01.jpg,Violet Turaco,https://www.zoo.gov.tw/iTAP/03_Animals/BirdWorld/Turaco-V/Turaco-V_Pic02.jpg,Violet Turaco,https://www.zoo.gov.tw/iTAP/03_Animals/BirdWorld/Turaco-V/Turaco-V_Pic03.jpg,Violet Turaco,https://www.zoo.gov.tw/iTAP/03_Animals/BirdWorld/Turaco-V/Turaco-V_Pic04.jpg
198,Tawny fish owl,MULTIPOINT ((121.5902263 24.9954153)), Bird World,Ketupa flavipes,Chordata,Aves,Strigiformes,Strigidae,Least Concern (LC),"Himalaya range, northern Indochina Peninsula, central and southeastern provinces of China, and the forests of Taiwan.","In Taiwan, it is found living near rivers in forests of lower elevations.","1. Its body measures between 48 to 55 cm in length and weighs between 1,500 and 2,450 g.
2. Its body is yellowish-brown and mottled, and its throat is white.",Nocturnal raptor and the apex predator of the riverine ecosystem food-chain. Their presence reflects the health of the riverine ecosystem. The largest of all owls in Taiwan.,"River crabs, frogs, snakes, rodents and lizards.",,Owl-TF,Tawny fish owl,https://www.zoo.gov.tw/iTAP/03_Animals/BirdWorld/Owl-TF/Owl-TF_Pic01.jpg,Tawny fish owl,https://www.zoo.gov.tw/iTAP/03_Animals/BirdWorld/Owl-TF/Owl-TF_Pic02.jpg,Tawny fish owl,https://www.zoo.gov.tw/iTAP/03_Animals/BirdWorld/Owl-TF/Owl-TF_Pic03.jpg,Tawny fish owl,https://www.zoo.gov.tw/iTAP/03_Animals/BirdWorld/Owl-TF/Owl-TF_Pic04.jpg
199,Blue-and-Yellow Macaw,"MULTIPOINT ((121.5912335 24.99528898), (121.5830655 24.9960890))", Bird World; Tropical Rainforest Area (Pangolin Dome),Ara ararauna,Chordata,Aves,Psittaciformes,Psittacidae,Least Concern (LC),"Parts of South America including Colombia, Panama, and Brazil.",Lives in the forest canopy and emergent layer,"1. Its body is 86 cm long. Adults have a green forehead and a green frontal crown. The rest of its body and its tail are bright blue. Its exposed eyes and cheeks are creamy white. Its cheek is covered with streaks of light greenish-black feathers.
2. It is exceptionally intelligent, and more curious, sensitive and noisy than most other birds.","1. Lives in the forest, swamp, or tall palm trees on river banks. They usually stay in dense forest especially during the dry season. They will however travel long distances during the wet season. Usually found in swamps where palms grow in Ghana. They often travel 25km to feed in the foraging area.
2. Usually appears in pairs though multiple pairs may sometimes form a flock. Paired birds will fly very close to each other within the flock. They are more likely to be sighted when flying over the forest canopy or when foraging on the branches of tall trees. When danger threatens, they fly into the air and make loud, shrieking calls.
3. Flocks spend the night in a regular location. They fly to the feeding area in the morning then fly back to the sleeping area at sunset. The flocks flying back and forth between the sleeping and feeding areas make a very impressive sight. They fly in a straight path with slow and shallow flaps of the wings.",Diet consists mainly of fruit and nuts. They also eat soil from riverbank to help them expel toxins that have accumulated from their eating unripe seeds or fruit.,,Macaw-B,Blue-and-Yellow Macaw,https://www.zoo.gov.tw/iTAP/03_Animals/BirdWorld/Macaw-B/Macaw-B_Pic01.jpg,Blue-and-Yellow Macaw,https://www.zoo.gov.tw/iTAP/03_Animals/BirdWorld/Macaw-B/Macaw-B_Pic02.jpg,Blue-and-Yellow Macaw,https://www.zoo.gov.tw/iTAP/03_Animals/BirdWorld/Macaw-B/Macaw-B_Pic03.jpg,Blue-and-Yellow Macaw,https://www.zoo.gov.tw/iTAP/03_Animals/BirdWorld/Macaw-B/Macaw-B_Pic04.jpg
200, Yellow-headed Amazon ,MULTIPOINT ((121.5912335 24.99528898)), Bird World,Amazona oratrix,Chordata,Aves,Psittaciformes,Psittacidae,Endangered (EN),"Mexico, Honduras, Nicaragua, Costa Rica, Panama, Colombia, Venezuela, Guyana, Brazil, Ecuador, Peru, and Bolivia. There are 10 sub-species.","Tropical deciduous forests, damp river valley forests, forests subject to seasonal flooding, and mangroves.","Its body measures between 35 to 38 cm in length. It weighs between 340 to 535 g. It is almost entirely green, with the underside of its body leaning towards pale yellow. Its forehead and the center of its crown are yellow, and the outline of its eyes is also yellow on most individuals. Its cheeks and ear feathers are bright green. Feathers between the back of its crest and neck are green, but their margins have a pale black tint. The bend of its wings is red and the feathers there have pale yellow margins. There is a patch of red on its secondary wing feathers. The tips of its primary wing feathers are dark blue. Its tail tip is yellow, with red markings at the base of its outer tail feathers. Juveniles have a darker plumage. Their head and wings are also not as vividly yellow and red. Adults of northern populations become more yellow with age. Difference between the subspecies are small but the location and size of the yellow patch on their heads are distinct. Northern subspecies, such as oratrix and tresmariae, have heads that are entirely yellow.",Nests are often built in tree holes on dead palm trees about 4 to 15 meters off the ground. There are 2 to 3 eggs per clutch. Incubation takes between 25 to 26 days.,"Fruit, seeds, and flowers.",,YHA, Yellow-headed Amazon ,https://www.zoo.gov.tw/iTAP/03_Animals/BirdWorld/0_BirdWorld/YHA/Yellow-headed Amazon01.JPG, Yellow-headed Amazon ,https://www.zoo.gov.tw/iTAP/03_Animals/BirdWorld/0_BirdWorld/YHA/Yellow-headed Amazon01.JPG, Yellow-headed Amazon ,https://www.zoo.gov.tw/iTAP/03_Animals/BirdWorld/0_BirdWorld/YHA/Yellow-headed Amazon01.JPG, Yellow-headed Amazon ,https://www.zoo.gov.tw/iTAP/03_Animals/BirdWorld/0_BirdWorld/YHA/Yellow-headed Amazon01.JPG
201,Yellow-naped amazon,MULTIPOINT ((121.5898159 24.9954408)), Bird World,Amazona auropalliata,Chordata,Aves,Psittaciformes,Psittacidae,Endangered (EN),From southern Mexico to the Pacific coast in northern Costa Rica.,,1. Its body measures about 35 cm in length and it weighs approximately 500 g.,The Yellow-naped Amazon Parrot will regularly ingest dirt from the riverbank to aid with digestion.,Seeds and fruit.,,YNP,Yellow-naped amazon,https://www.zoo.gov.tw/iTAP/03_Animals/BirdWorld/0_BirdWorld/YNP/yellow-napedparrot_Pic01.JPG,Yellow-naped amazon,https://www.zoo.gov.tw/iTAP/03_Animals/BirdWorld/0_BirdWorld/YNP/yellow-napedparrot_Pic01.JPG,Yellow-naped amazon,https://www.zoo.gov.tw/iTAP/03_Animals/BirdWorld/0_BirdWorld/YNP/yellow-napedparrot_Pic01.JPG,Yellow-naped amazon,https://www.zoo.gov.tw/iTAP/03_Animals/BirdWorld/0_BirdWorld/YNP/yellow-napedparrot_Pic01.JPG
202,Mikado Pheasant,MULTIPOINT ((121.5898159 24.9954408)), Bird World,Syrmaticus Mikado,Chordata,Aves,Galliformes,Phasianidae,Near Threatened (NT),Central Mountain Range of Taiwan.,"Lives in forests with dense understory such as Rhododendrons and bamboo groves. They are found between elevations of 1,600m and 3,300m, and may also appear in secondary forests.","Males are quite unique as they have various white markings on their wings and coverts. The lower back and rump are deep black. Females resemble chicks of the bar-tailed pheasant but with a darker plumage, and the white and pale black markings are more distinct as well. Juveniles resemble females but have yellowish-white brown markings on their head, neck and throat. The tail of male birds that just reached maturity has black and white mottling.","1. A bird species endemic to Taiwan. Breeding season has not been established but eggs may be laid between late March and mid-June. Nests are built out of leaf sheaths, tree trunks or the branches of fallen trees. They are located about 1m off the ground and usually located on steep hillsides with good cover. The female bird lays an egg once every two days. The eggs are mostly milky-white and incubation takes between 26 to 28 days. In captivity, each clutch contains 5 to 10 eggs and incubation period is 28 days. 
2. Brooding is only performed by the female bird. Brooding females stay quiet and motionless in the nest. When they leave to forage, they will stay at the entrance and make sure that it’s safe before leaving. Great care is also taken when returning to the nest. It will usually circle near the nest and dip its head to forage several times until it is certain that the area is safe. Only then will it return to the nest to continue brooding.","?Feeds on the tender buds and leaves of ferns, wild strawberries, and insects. Sightings of male pheasants eating small snakes have been recorded.",,MP,Mikado Pheasant,https://www.zoo.gov.tw/iTAP/03_Animals/BirdWorld/0_BirdWorld/MP/MikadoPheasant.JPG,Mikado Pheasant,https://www.zoo.gov.tw/iTAP/03_Animals/BirdWorld/0_BirdWorld/MP/MikadoPheasant.JPG,Mikado Pheasant,https://www.zoo.gov.tw/iTAP/03_Animals/BirdWorld/0_BirdWorld/MP/MikadoPheasant.JPG,Mikado Pheasant,https://www.zoo.gov.tw/iTAP/03_Animals/BirdWorld/0_BirdWorld/MP/MikadoPheasant.JPG
203,Black-faced Spoonbill?,MULTIPOINT ((121.5898159 24.9954408)), Bird World,Platalea minor,Chordata,Aves,"Ciconiiformes

Pelecaniformes","Threskiornithidae
",Endangered (EN),"They used to have a bigger distribution in East Asia, which has now shrunk considerably. The only known breeding areas know of the spoonbills are in North Korea, with some suspected breeding sites in northeastern China. There are wintering populations in northern Vietnam, southern China and Taiwan, and occasionally in Japan.","Swamps, rice paddies, mangroves, fish ponds, intertidal zones, and the river-sea interface.","1. Its body is about 70 cm long.
2. Non-breeding individuals do not have a yellow patch on their lower neck and have shorter crests. Juveniles resemble adult birds outside of the breeding season, but juveniles have dark, pinkish-grey bills, and their primary feathers have black tips.","1. Breeding takes place on small offshore islands.
2. Small flocks of 2 to 3 pairs build communal nests and breed together. Nests are located on ledges of sea cliffs and a platform is built out of twigs. There are 4 to 6 eggs per clutch.","Mostly fish, shellfish, insects, and crustaceans. They forage in small flocks of 4 to 25 individuals. When hunting for food in shallow water, they sweep their bill back and forth.",,BS,Black-faced Spoonbill?,https://www.zoo.gov.tw/iTAP/03_Animals/BirdWorld/0_BirdWorld/BS/Black_facedSpoonbill01.JPG,Black-faced Spoonbill?,https://www.zoo.gov.tw/iTAP/03_Animals/BirdWorld/0_BirdWorld/BS/Black_facedSpoonbill02.JPG,Black-faced Spoonbill?,https://www.zoo.gov.tw/iTAP/03_Animals/BirdWorld/0_BirdWorld/BS/Black_facedSpoonbill03.JPG,Black-faced Spoonbill?,https://www.zoo.gov.tw/iTAP/03_Animals/BirdWorld/0_BirdWorld/BS/Black_facedSpoonbill04.JPG
204,Pied Imperial Pigeon,MULTIPOINT ((121.5898159 24.9954408)), Bird World,Ducula bicolor,Chordata,Aves,Columbiformes,Columbidae,Least Concern (LC),"The Indochina Peninsula, Southeast Asia, and Papua New Guinea.",,"There are two subspecies. It is almost completely white with a yellow tint. Only the primary wing feathers, the primary coverts, the outer secondary wing feathers, and the tail feathers are black.","1. Forms into very large flocks sometimes. The call is slow, full of bass but quite soft.
2. Nests on mangrove trees of offshore islands. The nest is an unsteady platform. There is usually 1 egg per clutch but sometimes 2.",Forages in lowland forests near the continental coast for fruit and berries. They forage almost exclusively on trees.,,Pigeon-PI,Pied Imperial Pigeon,https://www.zoo.gov.tw/iTAP/03_Animals/BirdWorld/Pigeon-PI/Pigeon-PI_Pic01.jpg,Pied Imperial Pigeon,https://www.zoo.gov.tw/iTAP/03_Animals/BirdWorld/Pigeon-PI/Pigeon-PI_Pic02.jpg,Pied Imperial Pigeon,https://www.zoo.gov.tw/iTAP/03_Animals/BirdWorld/Pigeon-PI/Pigeon-PI_Pic03.jpg,Pied Imperial Pigeon,https://www.zoo.gov.tw/iTAP/03_Animals/BirdWorld/Pigeon-PI/Pigeon-PI_Pic04.jpg
205,Black-necked Swan,MULTIPOINT ((121.5898159 24.9954408)), Bird World,Cygnus melanocoryphus,Chordata,Aves,Anseriformes,Anatidae,Least Concern (LC),"Paraguay, Uruguay, Chile, and Argentina in South America, as well as Tierra del Fuego and the Falkland Islands. ",,"1. It is the smallest of all swans, measuring between 102 and 104 cm in length, and weighs between 3,600 and 6,700 g.
2. It has a long black neck, red knob, and white feathers. Males and females are similar in appearance, but females are slightly smaller in size.","1. Gregarious. Breeding season is between July and November. The chicks stay by their parents’ side for up to a year until the next breeding season.
2. Monogamous and goes everywhere in pairs. The male will stand guard nearby while the female is brooding and drive intruders away.","Fish egg, aquatic plants, aquatic insects and crustaceans.",,BS01,Black-necked Swan,https://www.zoo.gov.tw/iTAP/03_Animals/BirdWorld/0_BirdWorld/BS01/Black_neckedSwan01.JPG,Black-necked Swan,https://www.zoo.gov.tw/iTAP/03_Animals/BirdWorld/0_BirdWorld/BS01/Black_neckedSwan02.JPG,Black-necked Swan,https://www.zoo.gov.tw/iTAP/03_Animals/BirdWorld/0_BirdWorld/BS01/Black_neckedSwan03.JPG,Black-necked Swan,https://www.zoo.gov.tw/iTAP/03_Animals/BirdWorld/0_BirdWorld/BS01/Black_neckedSwan04.JPG
206,Black Crowned Crane,MULTIPOINT ((121.5898159 24.9954408)), Bird World,Balearica pavonina,Chordata,Aves,"Cariamiformes

Gruiformes",Gruidae,Vulnerable (VU),Central and western parts of Africa.,"Wetlands, open grasslands, savannahs, and farmlands.","1. Its pupils range from pale grey to pale blue. It can be distinguished from the grey crowned crane by the color of its neck, which is darker. It also has a smaller throat pouch and red patches on the lower half of its cheeks. Chicks are gray with a brown crown and nape, and the pupils are brown as well.
2. In the ceciliae subspecies, the red patch on its cheeks extend upwards to cover more than half of the cheek patch. Its low-pitched call sounds like a horn being blown cheerfully and is somewhat different than that of the gray crowned crane.",Incubation is between 28 to 30 days. They lay the most eggs of any crane with 3 to 4 eggs per clutch.,"1. Forage for insects (including locusts and flies), other invertebrates (mollusks, millipedes, crustaceans), fish, amphibians and reptiles. They may also eat seeds, grass shoots and crops (millets, corn, and rice). The crane usually only peck at food on the surface and rarely dig. They may also stamp the ground with their feet as a way to disturb their invertebrate prey.
2. Entire flocks often appear near livestock to forage for food during dry spells as there are more invertebrates near livestock.",,Crane-BC,Black Crowned Crane,https://www.zoo.gov.tw/iTAP/03_Animals/BirdWorld/Crane-BC/Crane-BC_Pic01.jpg,Black Crowned Crane,https://www.zoo.gov.tw/iTAP/03_Animals/BirdWorld/Crane-BC/Crane-BC_Pic02.jpg,Black Crowned Crane,https://www.zoo.gov.tw/iTAP/03_Animals/BirdWorld/Crane-BC/Crane-BC_Pic03.jpg,Black Crowned Crane,https://www.zoo.gov.tw/iTAP/03_Animals/BirdWorld/Crane-BC/Crane-BC_Pic04.jpg
207,Sulpher-crested Cockatoo,MULTIPOINT ((121.5898159 24.9954408)), Bird World,Cacatua galerita,Chordata,Aves,Psittaciformes,Cacatuidae,Least Concern (LC),"Papua New Guinea, the eastern and northern parts of Australia, New Zealand, and Indonesia.","Lowland forests, savannahs, open forests, and farmlands.","The feathers on its body are white or pale pink. Its cheeks, throat, tail and the inner edge of its wings are yellow. Its crest is yellow with the feathers curving forward. Its bill is gray, and the base of its bill is deep brown in males and reddish-brown in females. Its legs are grayish-black.","1. A diurnal bird species that lives in forests, open woodland or farmland. They are usually not far away from a source of water. They generally appear in pairs, small families or flocks. A flock may contain up to several hundred birds.
2. Tree hollows serve as nests. Between 2 to 3 eggs are laid per clutch and the hatchlings are cared after by both parents.
","Feeds on seeds, fruit, berries, nuts, flowers, buds, roots, and insects.",,SC,Sulpher-crested Cockatoo,https://www.zoo.gov.tw/iTAP/03_Animals/BirdWorld/0_BirdWorld/SC/Sulpher_crestedCockatoo01.JPG,Sulpher-crested Cockatoo,https://www.zoo.gov.tw/iTAP/03_Animals/BirdWorld/0_BirdWorld/SC/Sulpher_crestedCockatoo02.JPG,Sulpher-crested Cockatoo,https://www.zoo.gov.tw/iTAP/03_Animals/BirdWorld/0_BirdWorld/SC/Sulpher_crestedCockatoo02.JPG,Sulpher-crested Cockatoo,https://www.zoo.gov.tw/iTAP/03_Animals/BirdWorld/0_BirdWorld/SC/Sulpher_crestedCockatoo02.JPG
208,Hodgson's Hawk Eagle?,MULTIPOINT ((121.5911154 24.9951625)), Bird World,Nisaetus nipalensis,Chordata,Aves,Accipitriformes,Accipitridae,Least Concern (LC)," Japan, Taiwan, southern China, the Indochina Peninsula, India, Indonesia, and Sri Lanka.", Lives in mountain forests.,"It measures between 67 to 86 cm in length, weighs between 1,800 and 3,500 g, and has a wingspan between 130 and 165 cm. It is a large and powerful raptor. There are light and dark bands of equal width on the tail. It has a small crest on the head. Males and females have similar plumage, though females are on average larger than males. Chicks have a slightly lighter plumage and their undersides are almost completely white.","1. Hides inside forests or on forest edge to ambush passing prey. They soar or fly in a wave-like manner over their territory while vocalizing.
2. They build their nests on large trees such as pines. There is usually one egg per clutch, while two can be found on rare occasions.","Feeds mainly on small or mid-sized mammals such as wild hares. They will also catch pheasants, partridges, lizards, snakes, and even fish.",,Eagle-HH,Hodgson's Hawk Eagle?,https://www.zoo.gov.tw/iTAP/03_Animals/BirdWorld/Eagle-HH/Eagle-HH_Pic01.jpg,Hodgson's Hawk Eagle?,https://www.zoo.gov.tw/iTAP/03_Animals/BirdWorld/Eagle-HH/Eagle-HH_Pic01.jpg,Hodgson's Hawk Eagle?,https://www.zoo.gov.tw/iTAP/03_Animals/BirdWorld/Eagle-HH/Eagle-HH_Pic01.jpg,Hodgson's Hawk Eagle?,https://www.zoo.gov.tw/iTAP/03_Animals/BirdWorld/Eagle-HH/Eagle-HH_Pic01.jpg
209,Green Junglefowl,MULTIPOINT ((121.5898159 24.9954408)), Bird World,Gallus varius,Chordata,Aves,Galliformes,Phasianidae,Least Concern (LC),Java in Indonesia and nearby islands.,Forests or coastal plains.,"1. Males measure between 65 to 75 cm, and weighs between 672 and 1,450 g. Females measure anywhere from 40 to 46 cm in length, and weighs between 485 and 1,050 g.
2. Males have dark-green plumage that is covered with multi-colored scale patterns. The crest also has many colors and the throat patch is quite prominent.","1. There are a four species in the Phasianidae family, which belongs to the Galliformes order. A fleshy crest, or a comb, is a common feature they all share. The male green jungefowl has the most colorful comb and throat pouch, which are bluish-green and yellow.
2. There are more than a hundred species of pheasantsc but the green junglefowl is the only one that can fly over open water. It lives in the forest or on costal plains.
3. Its nest is a dent on the ground under dense foliage. The birds may also nest in fern trees.","Very little is known but are generally thought of as eating insects and grass seeds. Mainly eats seeds, berries, tree leaves, insects and meal worms in captivity.",,GJ,Green Junglefowl,https://www.zoo.gov.tw/iTAP/03_Animals/BirdWorld/0_BirdWorld/GJ/GreenJunglefowl01.JPG,Green Junglefowl,https://www.zoo.gov.tw/iTAP/03_Animals/BirdWorld/0_BirdWorld/GJ/GreenJunglefowl02.JPG,Green Junglefowl,https://www.zoo.gov.tw/iTAP/03_Animals/BirdWorld/0_BirdWorld/GJ/GreenJunglefowl03.JPG,Green Junglefowl,https://www.zoo.gov.tw/iTAP/03_Animals/BirdWorld/0_BirdWorld/GJ/GreenJunglefowl04.JPG
210,Green Turaco,"MULTIPOINT ((121.5898159 24.9954408), (121.5901834 24.9953205))", Bird World,Tauraco persa,Chordata,Aves,"Cuculiformes

Musophagiformes",Musophagidae,Least Concern (LC),Africa,"Lowland and river valley forests, with a preference for mature secondary forests between the sea level and an elevation of 1,300m.","1. The head, erect crest, neck, chest and nape of an adult bird are a grassy green color. The rump, flank, and tail are shades of black with a metallic purple-blue sheen. The belly and under-tail coverts are deep black. The area near the eyes are white and there is a thin black line under the eyes. The eyes are brown with red eyelids. Juveniles resemble adults but the black tips on their primary wing feathers are more prominent.
2. Subspecies can generally be distinguished by the differences between markings on their heads. The persa subspecies has the widest and longest white line under the eyes (extending to behind the eyes) and the tip of its crest has a pale red hue. The zenkeri subspecies has a narrow and short white line under the eyes while the tip of the crest has a pale purple hue. The buffoni subspecies has no white line under its eyes, or it is barely visible, and the tip of its crest has no pale pink or purple hue.","1. Active in the tree canopy and often slide along the tree trunk.
2. Female birds generally lay 2 eggs per clutch and may lay 5 clutches in a year.
",All kinds of wild and cultivated fruit. They also eat flowers and shoots as well as snails and termites.,"The introduction of invasive species, resulting in hybrid offspring, has led to the gradual disappearance of endemic subspecies.",Touraco,Green Turaco,https://www.zoo.gov.tw/iTAP/03_Animals/BirdWorld/Touraco/Touraco_Pic01.jpg,Green Turaco,https://www.zoo.gov.tw/iTAP/03_Animals/BirdWorld/Touraco/Touraco_Pic02.jpg,Green Turaco,https://www.zoo.gov.tw/iTAP/03_Animals/BirdWorld/Touraco/Touraco_Pic03.jpg,Green Turaco,https://www.zoo.gov.tw/iTAP/03_Animals/BirdWorld/Touraco/Touraco_Pic04.jpg
211,,MULTIPOINT ((121.5898159 24.9954408)), Bird World,Caloenas nicobarica,Chordata,Aves,Columbiformes,Columbidae,Near Threatened (NT),"The region between Indonesia and Australia including the Philippines, Nicobar, Papua New Guinea, and the Solomon Islands.",Mangroves and lowland forests.,"1. Its body is plump and has a dark plumage. It has very unique draping feathers around the neck, similar to that of a chicken's. The upper half of its body has shiny dark green or copper-green feathers. Its undersides are dark green or dark blue.
2. Compared to a male, a female has a smaller the waxy structure on the base of its bill, shorter draping feathers, and a stronger brown color on its undersides. Juveniles lack the draping feathers around the neck and their plumage overall is a light, black-brown color.","1. More active at dawn and dusk.
2. Forages on the ground.
3. Their gullet is lined with chitinous plates that can grind up harder nuts.","Seeds, berries, and invertebrates.",,Pigeon-N,,https://www.zoo.gov.tw/iTAP/03_Animals/BirdWorld/Pigeon-N/Pigeon-N_Pic01.jpg,,https://www.zoo.gov.tw/iTAP/03_Animals/BirdWorld/Pigeon-N/Pigeon-N_Pic02.jpg,,https://www.zoo.gov.tw/iTAP/03_Animals/BirdWorld/Pigeon-N/Pigeon-N_Pic03.jpg,,https://www.zoo.gov.tw/iTAP/03_Animals/BirdWorld/Pigeon-N/Pigeon-N_Pic04.jpg
212,Striated Heron,MULTIPOINT ((121.5898159 24.9954408)), Bird World,Butorides striatus,Chordata,Aves,"Ciconiiformes

Pelecaniformes",Ardeidae,Least Concern (LC),"Asia, Africa, the Americas, and Australia",Waterbodies of freshwater and saline water.,"1. Its body measures between 35 cm to 48 cm in length and weighs between 135 g and 250 g.
2. Its head is black with a relatively long crest. Its back is of a glossy dark-green, and its wings have fine, white margins.","1. Very territorial and solitary feeders that engage in “fishing” behavior.
2. Generally active at dawn and dusk.","Fish, amphibians, all types of insects, spiders, crabs, shrimp, mollusks, small reptiles, and small mice.",,Heron-S,Striated Heron,https://www.zoo.gov.tw/iTAP/03_Animals/BirdWorld/Heron-S/Heron-S_Pic01.jpg,Striated Heron,https://www.zoo.gov.tw/iTAP/03_Animals/BirdWorld/Heron-S/Heron-S_Pic01.jpg,Striated Heron,https://www.zoo.gov.tw/iTAP/03_Animals/BirdWorld/Heron-S/Heron-S_Pic01.jpg,Striated Heron,https://www.zoo.gov.tw/iTAP/03_Animals/BirdWorld/Heron-S/Heron-S_Pic01.jpg
213,Mallard,MULTIPOINT ((121.5898159 24.9954408)), Bird World,Anas platyrhynchos,Chordata,Aves,Anseriformes,Anatidae,Least Concern (LC),"Breeds in Eurasia and North America. Winters in northern Africa, India, and Myanmar. North American populations migrate south to winter in Mexico.","All types of wetlands including freshwater, semi-saltwater and saltwater.","1. Its body measures between 50 to 65 cm, and weighs between 750 and 1,575 g.
2. It has blue speculum feathers with a distinctive white border. Males are easy to identify by their bright green head and the white band around the neck. Females are brown with an orange-brown bill.","1. Very gregarious and will often mix with other ducks. There are very large populations in other regions and they can tolerate being in close proximity to humans. Their numbers in Taiwan are however limited.
2. Nests are built over grass on the ground then lined with feathers and down. Each clutch usually contain 9 to 13 eggs. Incubation period takes between 27 to 28 days. The chicks reach sexual maturity by the age of 1.","Omnivorous. They feed on all parts of aquatic plants and their seeds. In spring, they consume all kinds of terrestrial and aquatic invertebrates.",,Mallard,Mallard,https://www.zoo.gov.tw/iTAP/03_Animals/BirdWorld/Mallard/Mallard_Pic01.jpg,Mallard,https://www.zoo.gov.tw/iTAP/03_Animals/BirdWorld/Mallard/Mallard_Pic02.jpg,Mallard,https://www.zoo.gov.tw/iTAP/03_Animals/BirdWorld/Mallard/Mallard_Pic03.jpg,Mallard,https://www.zoo.gov.tw/iTAP/03_Animals/BirdWorld/Mallard/Mallard_Pic04.jpg
214,Military Macaw,MULTIPOINT ((121.5912335 24.99528898)), Bird World,Ara chloroptera,Chordata,Aves,Psittaciformes,Psittacidae,Least Concern (LC),Central and South America.,"Arid forests, open forests, and forests next to waterways in semi-arid regions.They do not appear in tropical rainforests.","1. Its body is 70 cm long. Adults have green plumage with a hint of olive-green on their backs and wings. Its head is of a lighter shade of green than its body. The back of its neck has a slight pale blue hue. Its forehead and the exposed lore are red. The featherless part of its face is white and has a pink, fleshy look, with pale-green colored feathers forming criss-cross lines. Its throat is olive-green. Its lower black, rump and upper tail coverts are blue. Its underwing coverts are green.
2. The outer margins of its primary wing feathers are blue. Its upper tail is brownish-red with a blue band at the tip. The underside of its tail and flight feathers are olive-yellow. Its bill is grayish black. Its pupils are yellow. Its legs are dark gray. No information is available on juveniles but they may resemble adults.
3. The mexicana subspecies is similar to the type subspecies but is physically larger. The boliviana subspecies is similar to the type subspecieis, but its throat is pale reddish-brown, the base of its ear feathers are pale-red, while the outer surfaces of its primary wing feathers and the tip of its tail are of a darker blue.","1. These parrots fly from their roosting area to their feeding area in the morning. At night, they fly back to their roosting area.
2. Seasonal migrations are strongly influenced by food distribution. Paired birds usually stay together in a flock. The species will usually perch on top of prominent high tree (such as a dead pine on a canyon) when resting.
3. If approached, they will squawk loudly then fly into the air and show their yellow underwing flight feathers. They fly at a high speed with slow and shallow flaps of the wings.","Forages for seeds, nuts, berries, fruit and plant materialsproduced on tree branches.",,Macaw-G,Military Macaw,https://www.zoo.gov.tw/iTAP/03_Animals/BirdWorld/Macaw-G/Macaw-G_Pic01.jpg,Military Macaw,https://www.zoo.gov.tw/iTAP/03_Animals/BirdWorld/Macaw-G/Macaw-G_Pic02.jpg,Military Macaw,https://www.zoo.gov.tw/iTAP/03_Animals/BirdWorld/Macaw-G/Macaw-G_Pic03.jpg,Military Macaw,https://www.zoo.gov.tw/iTAP/03_Animals/BirdWorld/Macaw-G/Macaw-G_Pic04.jpg
215,Victoria Crowned Pigeon,"MULTIPOINT ((121.5902263 24.9954153), (121.5827949 24.9961029))", Bird World; Tropical Rainforest Area (Pangolin Dome),Goura victoria,Chordata,Aves,Columbiformes,Columbidae,Near Threatened (NT),Parts of Papua New Guinea in Southeast Asia,"Lives in swamps, palm groves and more arid forests. Mainly found at lower elevations below 600m.","1. Its body measures between 66 to 74 cm in length and weighs around 2,384 g. There are two subspecies.
2. The most distinctive feature of this species is the fancy fan-shaped crest. The crest is tipped with white spots. It is the largest member of the Columbiformes. Its plumage is pale, dark grayish-blue. Its chest is a dark azure color. Its speculum is light grayish-blue and dark purple at the tips.","Generally forms flocks of 2 to 10. The male crowned pigeon frequently inflates its chest and flaps its wings in a display of aggression to establish its dominance. To court female crowned pigeons, however, the males nod frequently and wiggle its fan-shaped tail to try and win her favor.","Forages for fruit on ground, berries and seeds. They usually form small flocks of between 2 to 10 birds while foraging on the forest floor. They feed on fruit, plant seeds, mollusks, invertebrates, and crabs.",,Pigeon-VC,Victoria Crowned Pigeon,https://www.zoo.gov.tw/iTAP/03_Animals/BirdWorld/Pigeon-VC/Pigeon-VC_Pic01.jpg,Victoria Crowned Pigeon,https://www.zoo.gov.tw/iTAP/03_Animals/BirdWorld/Pigeon-VC/Pigeon-VC_Pic02.jpg,Victoria Crowned Pigeon,https://www.zoo.gov.tw/iTAP/03_Animals/BirdWorld/Pigeon-VC/Pigeon-VC_Pic03.jpg,Victoria Crowned Pigeon,https://www.zoo.gov.tw/iTAP/03_Animals/BirdWorld/Pigeon-VC/Pigeon-VC_Pic04.jpg
216,Emerald Dove,MULTIPOINT ((121.5898159 24.9954408)), Bird World,Chacophalps indica,Chordata,Aves,Columbiformes,Columbidae,Least Concern (LC),"Taiwan, southern China, the Indochina Peninsula, India, Papua New Guinea, and Australia.","Mountain forests, orchards or farmlans of lower elevations.","1. There are nine subspecies.
2. Its back is green and its neck and undersides are dark red. Its bill and feet are coral red.
3. Male birds have a silver-gray crown while their forehead and brow are white. Females have a brown crown and theie feather colors are less vivid.","1. They flap very quickly while flying and dash through woods close to the ground. They sometimes injure themselves through colliding with fencing wire.
2. Can breed all-year-round in many regions. The nest is usually a platform in the tree built from twigs. There are usually 2 eggs per clutch.","Feeds mainly on dropped fruit and seeds but will also eat insects, termites and snails. They usually forage on the ground alone or in pairs.",,Dove-E,Emerald Dove,https://www.zoo.gov.tw/iTAP/03_Animals/BirdWorld/Dove-E/Dove-E_Pic01.jpg,Emerald Dove,https://www.zoo.gov.tw/iTAP/03_Animals/BirdWorld/Dove-E/Dove-E_Pic02.jpg,Emerald Dove,https://www.zoo.gov.tw/iTAP/03_Animals/BirdWorld/Dove-E/Dove-E_Pic03.jpg,Emerald Dove,https://www.zoo.gov.tw/iTAP/03_Animals/BirdWorld/Dove-E/Dove-E_Pic04.jpg
217,Taiwan Barbet,MULTIPOINT ((121.5898159 24.9954408)), Bird World,Megalaima nuchalis,Chordata,Aves,"Picodynastornithes

Piciformes","Capitonidae

Ramphastidae",Least Concern (LC),Taiwan,Flat lands to forests of low to middle elevation.,,"1. Constantly vocalizes while perched on trees making a sound like the wood tapping.
2. A hole is pecked in a tree about 2 to 10 meters off the ground to nest in. Chicks stay with the parents for some time to master survival skills before leaving the best.",Fruit and insects.,,Barbet-B,Taiwan Barbet,https://www.zoo.gov.tw/iTAP/03_Animals/BirdWorld/Barbet-B/Barbet-B_Pic01.jpg,Taiwan Barbet,https://www.zoo.gov.tw/iTAP/03_Animals/BirdWorld/Barbet-B/Barbet-B_Pic02.jpg,Taiwan Barbet,https://www.zoo.gov.tw/iTAP/03_Animals/BirdWorld/Barbet-B/Barbet-B_Pic03.jpg,Taiwan Barbet,https://www.zoo.gov.tw/iTAP/03_Animals/BirdWorld/Barbet-B/Barbet-B_Pic04.jpg
218,Taiwan Blue Magpie  ,MULTIPOINT ((121.5902263 24.9954153)), Bird World,Uroxissa caerulea,Chordata,Aves,Passeriformes,"Sturnidae

Corvidae",Least Concern (LC),Taiwan.,"Mountain forests of 200m to 1,200m above sea level.","It is a species endemic to Taiwan. Its body is covered with vivid, contrasting colors. Its plumage is generally a strong, deep blue color, with the area between its head and chest being ink-black. Its bill and feet are blood-red, and its tail feathers are blue. The two central tail feathers are the longest and have a wide, white band at the tips.",Each pair of breeding blue magpies usually has several other nonbreeding blue magpies hanging about the nest to help them feed their chicks. This type nurturing behavior is extremely unusual.,"Fruit, amphibians, and small mammals.",,Magqie,Taiwan Blue Magpie  ,https://www.zoo.gov.tw/iTAP/03_Animals/BirdWorld/Magqie/Magqie_Pic01.jpg,Taiwan Blue Magpie  ,https://www.zoo.gov.tw/iTAP/03_Animals/BirdWorld/Magqie/Magqie_Pic02.jpg,Taiwan Blue Magpie  ,https://www.zoo.gov.tw/iTAP/03_Animals/BirdWorld/Magqie/Magqie_Pic03.jpg,Taiwan Blue Magpie  ,https://www.zoo.gov.tw/iTAP/03_Animals/BirdWorld/Magqie/Magqie_Pic04.jpg
219,Brown Wood Owl,MULTIPOINT ((121.5894029 24.9951126)), Bird World,Strix leptogrammica caligata,Chordata,Aves,Strigiformes,Strigidae,Least Concern (LC),"India, the Indochina Peninsula, Malaysia, Sumatra, Java, and Taiwan",,"1. It is dark reddish-brown on its back and from its forehead to its head. There are pale horizontal markings on its shoulders.
2. The coverts on its rump and tail are brown. Its facial disc is black around the eyes but lightens towards the outer edge until it becomes white. The outer margins of the facial disc is dark, reddish-brown.
3. The lower parts of its head and throat are white. Its eyes have black bristles and the brow is white.
4. Its body is pale brown from the breast to the lower belly and covered with dense, dark-brown horizontal markings.
5. Its wings are also dark-brown with brown horizontal markings.
6. Its bill is lead-grey with the base having a paler, waxy lead-color. 
7. Its feet are a lighter shade of lead-grey.","1. The second largest species of owl in Taiwan. They sleep in pairs during the day in dense forests. They are very sensitive and easily disturbed so even the slightest foot steps may drive them away.
2. Observation in the field of this nocturnal resident bird has been difficult due to their small numbers. Further investigation is required into their behavior.","They not only prey on smaller mammals such as wild hares, squirrels, and forest mice but also lizards, bats, birds, fish, amphibians and insects.",,Owl-BW,Brown Wood Owl,https://www.zoo.gov.tw/iTAP/03_Animals/BirdWorld/Owl-BW/Owl-BW_Pic01.jpg,Brown Wood Owl,https://www.zoo.gov.tw/iTAP/03_Animals/BirdWorld/Owl-BW/Owl-BW_Pic02.jpg,Brown Wood Owl,https://www.zoo.gov.tw/iTAP/03_Animals/BirdWorld/Owl-BW/Owl-BW_Pic03.jpg,Brown Wood Owl,https://www.zoo.gov.tw/iTAP/03_Animals/BirdWorld/Owl-BW/Owl-BW_Pic04.jpg
220,Crested Pigeon,MULTIPOINT ((121.5898159 24.9954408)), Bird World,Ocyphaps lophotes,Chordata,Aves,Columbiformes,Columbidae,Least Concern (LC),"Grasslands, farmlands and urban areas in Australia","Grasslands, farmlands and urban areas where there are some trees.","1. Its body measures between 31 to 36 cm, and weighs between 150 and 250 g.
2. Its head and neck are pale-grey, with a distinctive grayish-black crest on the head that can be erect or flattened.
3. Its wings have distinctive stripes and patterns. The genders are similar in appearance.",Forages on all types of grasslands is primarily a ground-feeder. They usually form small flocks of 5 to 6 birds.,"Seeds and leaves, but they will also eat small quantities of insects and other invertebrates.",,Pegeon-C,Crested Pigeon,https://www.zoo.gov.tw/iTAP/03_Animals/BirdWorld/Pegeon-C/Pegeon-C_Pic01.jpg,Crested Pigeon,https://www.zoo.gov.tw/iTAP/03_Animals/BirdWorld/Pegeon-C/Pegeon-C_Pic02.jpg,Crested Pigeon,https://www.zoo.gov.tw/iTAP/03_Animals/BirdWorld/Pegeon-C/Pegeon-C_Pic03.jpg,Crested Pigeon,https://www.zoo.gov.tw/iTAP/03_Animals/BirdWorld/Pegeon-C/Pegeon-C_Pic04.jpg
221,Demoiselle Crane,MULTIPOINT ((121.5898159 24.9954408)), Bird World,Anthropoides virgo,Chordata,Aves,Gruiformes,Gruidae,Least Concern (LC),"Central Eurasia, stretching from the Black Sea eastward to Mongolia and northeastern China. They winter in India and the Sahara of Africa (from Chad to Ethiopia). There is a small breeding colony of the crane without continuous distribution in Turkey and northwestern Africa.","Mainly found on savannahs, grasslands and other types of grasslands. They are mainly active around rivers, shallow lakes and wetlands. Some live in semi- or complete deserts with ready access to water. They can be found at elevations of up to 3,000m in central Asia. While wintering in India, they make use of farmlands there and nest in shallow water or wetlands. The crane prefers savannahs, grasslands and riverside wetlands where black locusts grow.","1. Its body is 90 cm long, weighs between 2,000 to 3,000 g, and its wingspan is between 150 to 170 cm. It is the smallest member of the crane family.
2. Like the blue crane, which is another living crane species, the demoiselle crane's head is fully feathered with no exposed red skin. The nape and the tips of its primary wing feathers are black, and its white ear feathers extend from behind its eyes to its upper nape. The rest of its body is a uniform gray color. Black feathers on the front of its neck hang down past its chest. Its pupils range from pale red to wine-red. Demoiselle chicks are usually darker in color than adults, but is paler around the head and neck. Its ear feathers are not as pronounced.
3. Its call is low-pitched but sharp.","Breeding takes place in spring around April and May. This can be as late as June in the north. Nests are very simple affairs built on open grassland, farmland or gravel. The nest is sometimes lined with pebbles or plant matter but eggs are often just laid on the ground. There are usually 2 eggs per clutch. Incubation takes between 27 to 29 days. Young cranes are light brown on the upper side while the underside is pale grayish-white.. The chicks become fully fledged after 55 yo 65 days, the shortest of all cranes. Sexual maturity is reached in second year.","Mainly eats grass seeds and other plant materials. They also eat insects. In summer, they eateetles, meal worms, lizards and other vertebrates. The crane walks very slowly while foraging. Large flocks form at stopover and wintering areas during the migratory period. They forage for food in farmlands, which is damaging to the grains and beans. ",,Crane-D,Demoiselle Crane,https://www.zoo.gov.tw/iTAP/03_Animals/BirdWorld/Crane-D/Crane-D_Pic01.jpg,Demoiselle Crane,https://www.zoo.gov.tw/iTAP/03_Animals/BirdWorld/Crane-D/Crane-D_Pic02.jpg,Demoiselle Crane,https://www.zoo.gov.tw/iTAP/03_Animals/BirdWorld/Crane-D/Crane-D_Pic03.jpg,Demoiselle Crane,https://www.zoo.gov.tw/iTAP/03_Animals/BirdWorld/Crane-D/Crane-D_Pic04.jpg
222,Mandarin Duck,MULTIPOINT ((121.5898159 24.9954408)), Bird World,Aix galericulata,Chordata,Aves,Anseriformes,Anatidae,Least Concern (LC),"Southeastern Russia, northeastern and southeastern China, Japan, and Taiwan.","Lives in ponds, lakes, rivers and marshes surrounded by trees and forests.","1. Compared to wood ducks, Mandarin ducks have greener plumage, less bluish sheen on their primaries, and smaller white markings around the eyes. Their bills are also shaped differently.
2. Chicks resemble females, although females have a pale pink bill.","1. The courtship display is very complex and refined. It consists of highly-ritualized waggling, drinking water, grooming and fanning behaviors directed towards a specific female.
2. Nests are built in tree holes and there are 9 to 12 eggs per clutch. The chicks reach sexual maturity by the age of 1.
3. Nests are built about 8 meters off the ground during the breeding season between March and June.","Diet varies according to season and where they live; in fall, its diet consists of acorns and cultivated grains. In spring, they feed on insects, snails, small fish and aquatic plants.",,Duck-M,Mandarin Duck,https://www.zoo.gov.tw/iTAP/03_Animals/BirdWorld/Duck-M/Duck-M_Pic01.jpg,Mandarin Duck,https://www.zoo.gov.tw/iTAP/03_Animals/BirdWorld/Duck-M/Duck-M_Pic02.jpg,Mandarin Duck,https://www.zoo.gov.tw/iTAP/03_Animals/BirdWorld/Duck-M/Duck-M_Pic03.jpg,Mandarin Duck,https://www.zoo.gov.tw/iTAP/03_Animals/BirdWorld/Duck-M/Duck-M_Pic04.jpg
223,Ring-necked Pheasant,MULTIPOINT ((121.5902263 24.9954153)), Bird World,Phasianus colchicus,Chordata,Aves,Galliformes,Phasianidae,Least Concern (LC),"From the Black Sea in the west, to Japan in the east, to the Caucasus Mountains in the north, and to South China and Taiwan in the south. In Taiwan, the pheasant is found in the western plains, the Lanyang Plain and the East Rift Valley.","Its habitats vary significantly in natural environment. The pheasant is found mainly in dense foliage growing on river banks, mountains near farmlands, and flat farmlands. ","1. Males have a dark-green nape and a bluish-brown crown. A distinctive white band runs from the sides of the neck to the back. Males have back that is dark reddish-brown with black longitudinal stripes. The chest of males is reddish-brown with scaly markings. Their tail feathers are long, grayish brown and covered with dark brown horizontal stripes.
2. Females have light yellowish-brown plumage, with brown markings on the back. Their tail feathers are reddish-brown with dark brown horizontal stripes.","1. It is a subspecies endemic to Taiwan. It usually lives in grassy or farmed areas on the plains, hill, plateaus, or open river beds.
2. 8 to 14 eggs are laid per clutch with the female bird doing the brooding and nurturing.
","Feeds mainly on plant shoots, berries, seeds and insects.",Hybridized green junglefowls are considered auspiscious in eastern Javam which is why the bird is often captured and kept as pets. This poses a threat to their genetic diversity in the wild.,Pheasant-R,Ring-necked Pheasant,https://www.zoo.gov.tw/iTAP/03_Animals/BirdWorld/Pheasant-R/Pheasant-R_Pic01.jpg,Ring-necked Pheasant,https://www.zoo.gov.tw/iTAP/03_Animals/BirdWorld/Pheasant-R/Pheasant-R_Pic02.jpg,Ring-necked Pheasant,https://www.zoo.gov.tw/iTAP/03_Animals/BirdWorld/Pheasant-R/Pheasant-R_Pic03.jpg,Ring-necked Pheasant,https://www.zoo.gov.tw/iTAP/03_Animals/BirdWorld/Pheasant-R/Pheasant-R_Pic04.jpg
224, Common Peafowl ,MULTIPOINT ((121.5898159 24.9954408)), Bird World,Pavo cristatus,Chordata,Aves,Galliformes,Phasianidae,Least Concern (LC),"Pakistan, India, Sri Lanka, and China.","Open forests, bushes in the forest understory growing along rivers, or deciduous forests near rivers.","1. A male measures around 200 cm in length and weighs around 5 kg. A female measures 100 cm in length and weighs around 3kg.
2. Males have a very distinctive crest while the females have a white belly.
3. Chicks are either dark brown or reddish brown, with light yellowish-brown undersides.","1. Breeding season varies depending on the geographical distribution but seems linked to the wet season.
2. In most parts of southern India and Sri Lanka, the peafowl's breeding season is from January to April; in the foothills of the Himalayas, their breeding season usually starts in June, but may ocassionally start in March and April.
3. Polygamous. Their nest is usually hidden inside bushes. In flood-prone regions, their nest may be built on high ground.
4. There are usually three to six eggs (and up to eight) per clutch. Incubation is about 28 to 30 days and brooding is done by the female.", Omnivorous.,,Peafowl, Common Peafowl ,https://www.zoo.gov.tw/iTAP/03_Animals/BirdWorld/Peafowl/Peafowl_Pic01.jpg, Common Peafowl ,https://www.zoo.gov.tw/iTAP/03_Animals/BirdWorld/Peafowl/Peafowl_Pic02.jpg, Common Peafowl ,https://www.zoo.gov.tw/iTAP/03_Animals/BirdWorld/Peafowl/Peafowl_Pic03.jpg, Common Peafowl ,https://www.zoo.gov.tw/iTAP/03_Animals/BirdWorld/Peafowl/Peafowl_Pic04.jpg
225,Crowned Pigeon,MULTIPOINT ((121.5898159 24.9954408)), Bird World,Goura cristata,Chordata,Aves,Columbiformes,Columbidae,Vulnerable (VU),Western Papua New Guinea and nearby islands,Lowland rainforests and mangroves.,"1. Its body measures between 66 to 75 cm long, and weighs between 1,800 and 2,400 g.
2. Its plumage is dark, pale grayish-blue overall. Its crest tends towards a light blue that is slightly more grayish than the body and has a silvery tone. Its wings and tail are a darker color. The back of its upper neck and its upper wing surfaces are a pale, dark azure color. The outermost greater coverts are white with purple tips and form a distinctive white patch when the wings are retracted. Its eyeline is black and quite wide. It has red pupils, a black bill, and dark red legs. The genders are similar in appearance. Chicks resemble adults but the wing markings are cream-colored.","Tame by nature but will raise their wings to intimidate others of the same species.
","Feeds on berries, berries on the ground, maggots and insects. They usually form small flocks of between 2 to 10 individuals while foraging on the ground.",,Pigeon-WC,Crowned Pigeon,https://www.zoo.gov.tw/iTAP/03_Animals/BirdWorld/Pigeon-WC/Pigeon-WC_Pic01.jpg,Crowned Pigeon,https://www.zoo.gov.tw/iTAP/03_Animals/BirdWorld/Pigeon-WC/Pigeon-WC_Pic02.jpg,Crowned Pigeon,https://www.zoo.gov.tw/iTAP/03_Animals/BirdWorld/Pigeon-WC/Pigeon-WC_Pic03.jpg,Crowned Pigeon,https://www.zoo.gov.tw/iTAP/03_Animals/BirdWorld/Pigeon-WC/Pigeon-WC_Pic03.jpg
226,Swinhoes Pheasant,"MULTIPOINT ((121.5902263 24.9954153), (121.581025 24.9972713),(121.580856 24.9971097), (121.5801063 24.9980663))", Bird World; Formosan Animal Area,Lophura swinhoii,Chordata,Aves,Galliformes,Phasianidae,Near Threatened (NT),Taiwan,"Found in primary forests and mature secondary forests between elevations of 300m and 2,000m.",It is a bird species endemic to Taiwan. Its most distinctive feature is the bright white crest and back of a male bird. Males also have two beautiful long white tail feathers that are often worn on the head by the indigenous people of Taiwan.,Polygamous. The male bird is very territorial so only one male bird can be kept per cage or they will fight to the death.,"Berries, flower buds, tender leaves, insects (termites), and invertebrates (worms).",,Pheasant-S,Swinhoes Pheasant,https://www.zoo.gov.tw/iTAP/03_Animals/BirdWorld/Pheasant-S/Pheasant-S_Pic01.jpg,Swinhoes Pheasant,https://www.zoo.gov.tw/iTAP/03_Animals/BirdWorld/Pheasant-S/Pheasant-S_Pic02.jpg,Swinhoes Pheasant,https://www.zoo.gov.tw/iTAP/03_Animals/BirdWorld/Pheasant-S/Pheasant-S_Pic03.jpg,Swinhoes Pheasant,https://www.zoo.gov.tw/iTAP/03_Animals/BirdWorld/Pheasant-S/Pheasant-S_Pic04.jpg
227,Blue-fronted Amazon,MULTIPOINT ((121.5912335 24.99528898)), Bird World,Amazona aestiva,Chordata,Aves,Psittaciformes,Psittacidae,Near Threatened (NT),"Brazil, Paraguay, Argentina, Bolivia.",Woods and forests.,"1. Its body measures between 38 to 42 cm in length.
2. Adults are almost entirely green, except their bill, which is gray, their forehead and lore, which are blue, and their pupils, which are orange-red. Their front crest is yellow with white tones. Their rear crest, eye ring, ear feathers, front cheeks, and throat are yellow.
3. The bend of their wings is red. The primary coverts are dark-green with purplish-blue tips. There is a dstinctive red patch that spans the five outer secondary wing feathers.
4. Their thigh feathers are green and legs are gray.
5. Its body has many different hues of yellow. Its upper tail and under tail coverts are pale yellowish-green. The base of its feathers on the sides of its tail has red blotches, while its outermost tail feathers have a blue margin.","1. They constantly shriek while flying, making it easy for people to notice their presence. They fly back and forth around their roosting area every day. They fly from the roosting area to the feeding area every morning then follow the same path home in the evening. They have two roosting areas in case predators discover one flight route.
2. Paired birds are easily identifiable when entire flocks fly overhead because they fly very close together. Sometimes, groups of 3 may fly past, but one is probably a juvenile.
3. Solitary birds or flocks of more than three are rarely sighted. Their body may appear red, yellow and green in the morning light but at noon, they become a dark silhouette.","Diet includes fruit, berries, seeds, nuts, flowers and leaf buds. Their foraging behavior may also cause significant damage on croplands. This species forms small flocks with the orange-winged Amazon parrot to forage in the treetops. They can often be seen foraging for seeds on palm trees.",,Parrot-B,Blue-fronted Amazon,https://www.zoo.gov.tw/iTAP/03_Animals/BirdWorld/Parrot-B/Parrot-B_Pic01.jpg,Blue-fronted Amazon,https://www.zoo.gov.tw/iTAP/03_Animals/BirdWorld/Parrot-B/Parrot-B_Pic02.jpg,Blue-fronted Amazon,https://www.zoo.gov.tw/iTAP/03_Animals/BirdWorld/Parrot-B/Parrot-B_Pic03.jpg,Blue-fronted Amazon,https://www.zoo.gov.tw/iTAP/03_Animals/BirdWorld/Parrot-B/Parrot-B_Pic04.jpg
228,Koala,"MULTIPOINT ((121.5823688 24.9983738), (121.5824439 24.998155))",Koala House,Phascolarctos cinereus,Chordata,Mammalia,Diprotodontia,Phascolarctidae,,"The distribution of the wild koala is from Atherton in the north to the coastal area in Victoria in the south; and from Adelaide in the west to the Eastern coast. This region includes Queensland, New South Wales, Victoria and South Australia. Most of the habitat of this species was found to be fragmented and degraded, due to human activities and some natural disaster, such as bushfire, where the population has been split into small and separate colonies.","Open eucalypt forest
","1. Weight: Weight gradually increases from north to south. Animals in the south are generally larger. In Queensland, average weight of male Koalas is 6.5 kg (6 ~ 8kg), while female Koalas weigh around 5.1 kg (4 ~ 6 kg).
In Victoria, average weight of male Koalas is 12 kg (9 ~ 15 kg), and female Koalas weigh around 8.5 kg (7 ~ 11  kg). 
2. Fur color: The fur darkens as you go further south. Koalas in Queensland have gray fur while those in Victoria range from reddish-brown to grayish-brown.
3. Paws: The first and second digits are opposite to the other three digits. The pincer-shaped front paws provide stronger grab. All the digits on the front paws are tipped with highly curved claws for climbing. The 2nd and 3rd digits on the rear paws are fused into one single digit (Syndactyly), which has a double claw on the top, and is used for grooming. Syndactyly is one of the keys used for identifying marsupials in the order Diprotodontia.","The English name “koala” comes from the Aboriginal language and means “no water.” Koalas get all the water they need from eucalyptus leaves.
They are arboreal animals and spend all of their time in the tree except for moving, breeding, or foraging.
They are nocturnal and spend most of the day time (between 18 and 20 hours) sleeping and resting.
Koalas are solitary. The breefding season is around spring and summer. Estrus cycle is about 35 days and ovulation  is induced by mating.  Gestation is between 34 and 36 days, with the newborn being just 1.9cm long and 0.5g in weight. The joey must climb from the its mother’s  cloaca and into the pouch where it latches firmly onto the nipple inside the pouch. ","Koalas eat mainly eucalyptus (gum tree) leaves. They tend to eat the tender leaves and stems. The eucalyptus is native to Australia and there are many species. Sometimes, they may also eat the tender leaves and flowers of other plants. Example: Paperbark tree (melaleuca spp.)

Examples include Lophostemon trees like the Boxwood and Bombax, well as the flowers of Stiff Bottlebrush.",,Koala,Koala,https://www.zoo.gov.tw/iTAP/03_Animals/KoalaHouse/Koala/Koala_Pic01.jpg,Koala,https://www.zoo.gov.tw/iTAP/03_Animals/KoalaHouse/Koala/Koala_Pic02.jpg,Koala,https://www.zoo.gov.tw/iTAP/03_Animals/KoalaHouse/Koala/Koala_Pic03.jpg,Koala,https://www.zoo.gov.tw/iTAP/03_Animals/KoalaHouse/Koala/Koala_Pic04.jpg
229,Red Panda;Lesser Panda,MULTIPOINT ((121.5905508 24.9925005)),Temperate Zone Animal Area,Ailurus fulgens,Chordata,Mammalia,Carnivora,Ailuridae,Endangered (EN),"Red pands are found throughout Sichuan, Yunnan, and northern Nepal in forests over 2,000m above sea level.","1. Hu et al. (2020) separated the red panda based on genetic evidence into two phylogenetic species: the Chinese Red Panda (Ailurus styani) and the Himalayan Red Panda (Ailurus fulgens).
2. The Chinese red panda is mainly found in Sichuan and Yunnan in China.  The Himalayan red panda is found in Myanmar and Nepal, in mountain forests or bamboo groves between 1,800m and 4,000m above sea level.","1. Red pands are 50 to 64cm long plus a tail 28 to 59cm in length, and weighs between 3.7 to 6.2kg. 
2. The fur is dark or reddish-brown. The color of its fur stands out in winter, making its coat look like a thick, red jacket. The short and stout limbs are black. The tails are marked with alternating brown (reddish-brown) rings.","1. The red panda likes to sleep curled up like a cat or dog with its tail wrapped around its head. It may also prop itself up with one limb and tuck its head between its legs while resting.
2. Solitary except during the breeding season. A female will continue roaming its territory with suckling young. It is most active at night or at dawn and dusk. It sleeps in a tree hole or on tree branches during the day. The red panda is an excellent climber but generally forages on the ground. It is quiet, placid, and curious by nature. When threatened, it will stand up on its hind legs while making a rumbling sound or snorting repeatedly.
3. A musky scent is released by the anal glands when a red panda becomes exicted.  It will also rub their anal glands against objects for marking territory.","Omnivorous. Diet includes bamboo leaves, bamboo sprouts, grass, roots, fruits, acorns, as well as insects, small birds, eggs, and small rodents.","1. The red panda is threatened by destruction of its forest habitat.
2. Traditional source of fur. 
3. Many red panda cubs die from Canine distemper and more than ten other parasitic diseases.",RedPanda,Red Panda;Lesser Panda,https://www.zoo.gov.tw/iTAP/03_Animals/TemperateZoneAnimalArea/RedPanda/RedPanda_Pic01.jpg,Red Panda;Lesser Panda,https://www.zoo.gov.tw/iTAP/03_Animals/TemperateZoneAnimalArea/RedPanda/RedPanda_Pic02.jpg,Red Panda;Lesser Panda,https://www.zoo.gov.tw/iTAP/03_Animals/TemperateZoneAnimalArea/RedPanda/RedPanda_Pic03.jpg,Red Panda;Lesser Panda,https://www.zoo.gov.tw/iTAP/03_Animals/TemperateZoneAnimalArea/RedPanda/RedPanda_Pic04.jpg
230,"Puma, Mountain Lion",MULTIPOINT ((121.5901887 24.9929381)),Temperate Zone Animal Area,Puma concolor,Chordata,Mammalia,Carnivora,Felidae,Least Concern (LC),"From Argentina to British Columbia, Canada in North America.","The Puma lives in a wide range of habitats, including high-elevation conifer forests, as well as low-elevation tropical forest, grasslands, and swamps. It is active from the sea level up to mountains with an elevation of 4,000m, as well as any region with suitable plant cover and prey.","1. Male Pumas weigh between 53 to 100 kilograms, and females weigh between 29 to 64 kilograms.
2. The short, thick fur ranges from yellowish-brown to reddish-brown or bluish-gray. A white patch that runs from the throat to the chest and abdomen. The nose is pink with a black patch that extends to the lips. It has a slender trunk, small head, short face, long neck, long tail, and stout limbs. The rear paws are larger than the front. It also has small, short, and rounded ears.  The tail accounts for up to a third of a Puma's body length and is black-tipped. The broad paws have four toes on the front limbs and five on the rear limbs. The claws are sharp and curved.
","1. The Puma isan excellent hunter with excellent night vision and a superb sense of smell for tracking prey in dense forests. It is also an excellent jumper, able to leap up to 6 or 7 meters from a standstill. The Puma can sprint very fast, but becomes tired after a few hundred meters. The long, sensitive whiskers are like human fingertips for sensing nearby objects. Hearing is very acute and the ears can rorate while hunting at night to locate sound sources.
2. Pumas are solitary animals. Males and females only stay together for a few days during the breeding season.","1. A carnivore that mainly preys on moose, reindeer, and white-tailed deer, but will also eat rodents and fish. It also hunts smaller animals such as porcupines, sea otters, hares, snakes, and even slugs.
2. Leftover food are cached under rocks or piles of leaves.","Threatened by land development for both residential and commercial use, as well as by the livestock industry, poaching, baiting, civil unrest, wildfire, and diseases.",Puma,"Puma, Mountain Lion",https://www.zoo.gov.tw/iTAP/03_Animals/TemperateZoneAnimalArea/Puma/Puma_Pic01.jpg,"Puma, Mountain Lion",https://www.zoo.gov.tw/iTAP/03_Animals/TemperateZoneAnimalArea/Puma/Puma_Pic02.jpg,"Puma, Mountain Lion",https://www.zoo.gov.tw/iTAP/03_Animals/TemperateZoneAnimalArea/Puma/Puma_Pic03.jpg,"Puma, Mountain Lion",https://www.zoo.gov.tw/iTAP/03_Animals/TemperateZoneAnimalArea/Puma/Puma_Pic04.jpg
231,"Canadian Beaver, American Beaver",MULTIPOINT ((121.5894082 24.9924968)),Temperate Zone Animal Area,Castor canadensis,Chordata,Mammalia,Rodentia,Castoridae,Least Concern (LC),"From Alaska, Canada, and the USA, to northern Mexico.","It is semi-aquatic and can be found near rivers, lakes, and ponds.","1.Beavers weigh between 13 to 32kg, grow to 74 to 90cm in length, and the tail is between 20 to 35cm long.
2. The beaver's rear feet are webbed.  The flat, broad tail is almost hairless and covered with scales. It has a pair of glands near its anus, which produces scented secretions that the beaver leaves on rocks or soil to identify one another.","1. Beavers use twigs and tree trunks to construct dams, dens, and canals.
2. Dams are built to create a pool of water in which the beavers can build their den, hide from predators, and store food. Beavers do not build dams in large, deep lakes or rivers where the water already flows at a slow rate.","Diet includes tree trunks, tree branches, roots of deciduous trees, and aquatic plants such as lotus buds. Tree branches are stored underwater as food for the winter.","Humans hunted beavers extensively for their thick pelts and for the anal glands that were used as medicine or oil. Beavers were also killed for damming waterways use by humans. Populations are now in decline due to the destruction of wetlands, water pollution, and the construction of hydroelectric dams.",Beaver,"Canadian Beaver, American Beaver",https://www.zoo.gov.tw/iTAP/03_Animals/TemperateZoneAnimalArea/Beaver/Beaver_Pic01.jpg,"Canadian Beaver, American Beaver",https://www.zoo.gov.tw/iTAP/03_Animals/TemperateZoneAnimalArea/Beaver/Beaver_Pic02.jpg,"Canadian Beaver, American Beaver",https://www.zoo.gov.tw/iTAP/03_Animals/TemperateZoneAnimalArea/Beaver/Beaver_Pic03.jpg,"Canadian Beaver, American Beaver",https://www.zoo.gov.tw/iTAP/03_Animals/TemperateZoneAnimalArea/Beaver/Beaver_Pic04.jpg
232,Gray Wolf,MULTIPOINT ((121.5900815 24.9932772)),Temperate Zone Animal Area,Canis lupus,Chordata,Mammalia,Carnivora,Canidae,Least Concern (LC),"Found in Asia, Europe, North America, and the Middle East. Mainly in the temperate regions of the Northern Hemisphere. ","Grasslands, and forests.","
The gray wolf is a powerful animal with superb eyesight, sense of smell, and hearing. It is an excellent jumper and can reach up to 2.5m from a standing jump. It has a broad head, powerful limbs, big feet, and a deep and narrow chest. The heavily muscled shoulderws and powerful jaws allow it to rip and tear at the prey. Larger animals are brought down as a pack. Wolves can run as fast as 70km/hr to wear down the prey.","Wolves are social animals that usually live in packs with 5 to 9 members. Each pack is made up of a mating couple, their offsprings, and their close relatives. There is a distinct hierarchy within the pack, and all members submit to the strongest among their number. Within a pack, only the alpha male and female are allowed to breed.",Carnivorous.,Threatened by human activity and habitat fragmentation.,Wolf,Gray Wolf,https://www.zoo.gov.tw/iTAP/03_Animals/TemperateZoneAnimalArea/Wolf/Wolf_Pic01.jpg,Gray Wolf,https://www.zoo.gov.tw/iTAP/03_Animals/TemperateZoneAnimalArea/Wolf/Wolf_Pic02.jpg,Gray Wolf,https://www.zoo.gov.tw/iTAP/03_Animals/TemperateZoneAnimalArea/Wolf/Wolf_Pic03.jpg,Gray Wolf,https://www.zoo.gov.tw/iTAP/03_Animals/TemperateZoneAnimalArea/Wolf/Wolf_Pic04.jpg
233,Asiatic Black Bear,MULTIPOINT ((121.5903644 24.9927193)),Temperate Zone Animal Area,Ursus thibetanus,Chordata,Mammalia,Carnivora,Ursidae,Vulnerable (VU),Asia.,"The seven Asiatic black bear sub-species are the Formosan Black Bear, Japanese Black Bear, Sichuan Black Bear, Ussuri Black Bear, Tibetan Black Bear, Balochistan Black Bear, and Kashmir Black Bear.
The Asiatic black bear has an extensive distribution that includes broadleaf and conifer forests, dry sub-tropical forests, and high mountain grasslands.","1. Bears grow up 130 to 190cm tall and weigh between 65 to 150kg. Cubs weigh between 250 to 400g at birth.
2. The nickname ""Moon Bear"" came about due to white crescent shape on the chest.","The bear stops feeding during hibernation, when all of its energy is supplied from stores of fat. Bears in some regions do not hibernate and survive the winter by migrating to lower elevations (e.g. Formosan black bear). Some scholars believe that bears don’t actually “hibernate” because their body temperature and metabolism remain the same. They wake easily and will move about if the weather warms. Bear hibernation should therefore be referred to as “dormancy.”","Diet includes fruits, leaves, flowers, honey, and insects. It is omnivorous but prefers plants.","Threats include mass destruction of habitats as well as trapping and poaching. It is frequently exploited for medicinal uses in China, Japan, and South Korea.",Bear-B,Asiatic Black Bear,https://www.zoo.gov.tw/iTAP/03_Animals/TemperateZoneAnimalArea/Bear-B/Bear-B_Pic01.jpg,Asiatic Black Bear,https://www.zoo.gov.tw/iTAP/03_Animals/TemperateZoneAnimalArea/Bear-B/Bear-B_Pic02.jpg,Asiatic Black Bear,https://www.zoo.gov.tw/iTAP/03_Animals/TemperateZoneAnimalArea/Bear-B/Bear-B_Pic03.jpg,Asiatic Black Bear,https://www.zoo.gov.tw/iTAP/03_Animals/TemperateZoneAnimalArea/Bear-B/Bear-B_Pic04.jpg
234,Red-eared slider,MULTIPOINT ((121.5902773 24.9931994)),Temperate Zone Animal Area,Trachemys scripta elegans,Chordata,Reptilia,Testudines,Emydidae,Least Concern (LC),Native to North America.,"Ponds, streams, lakes, and slow-flowing rivers.","1. The green skin is decorated with yellow stripes. The 16 sub-species  vary in their color pattern (For example, the Mississippi red-eared slider has yellow stripes on its costal plates, a distinctive yellow patch behind the eyes, while the plastrons are yellow with black spots.) Its head has a distinctive red stripe, while the oval-shaped carapace is usually green with pale stripes. Its rear limbs are webbed. 
2. Male turtles have a thick tail and particularly long front claws. Females are larger than males.",Red-eared sliders are very adaptable and can survive in low-quality water. It prefers environments with silt and dense aquatic plant growth.,"Juveniles are almost entirely carnivorous but become omnivorous as adults. Adults feed mainly on small fish, crustaceans, and mollusks such as crabs, shrimp, water snails, clams, frogs, tadpoles, and aquatic plants.","The red-eared slider's popularity as a pet species led to its introduction to the rest of the world. It was introduced to Taiwan over 20 years ago, and breeding populations were established in the wild after illegal release or abandonment. As omnivores that can survive poor water quality, the red-eared slider poses a serious threat to native Taiwanese aquatic plants, invertebrates, freshwater fish, frogs, turtles, and terrapins in local ecosystems. The ecological impact is also amplified by its long lifespan.",Slider-RE,Red-eared slider,https://www.zoo.gov.tw/iTAP/03_Animals/TemperateZoneAnimalArea/Slider-RE/Slider-RE_Pic01.jpg,Red-eared slider,https://www.zoo.gov.tw/iTAP/03_Animals/TemperateZoneAnimalArea/Slider-RE/Slider-RE_Pic02.jpg,Red-eared slider,https://www.zoo.gov.tw/iTAP/03_Animals/TemperateZoneAnimalArea/Slider-RE/Slider-RE_Pic03.jpg,Red-eared slider,https://www.zoo.gov.tw/iTAP/03_Animals/TemperateZoneAnimalArea/Slider-RE/Slider-RE_Pic04.jpg
235,American Bison ,MULTIPOINT ((121.5893385 24.9929551)),Temperate Zone Animal Area,Bison bison,Chordata,Mammalia,Artiodactyla,Bovidae,Near Threatened (NT),From northern Mexico and the continental USA all the way to western Canada. ,Grasslands.,"1. The American bison weighs between 450 to 1,350kg, and measures between 210 to 350cm from head to tail, with tail being 50 to 60cm long.  Adult bisons stand 260 to 280cm tall at the shoulders.
2. The head, shoulders, and forelegs are all covered in curly mane. The hips are relatively narrow. Males have fleshy shoulder humps that are less pronounced in females.","1. Bison live in large herds.
2. It has a good sense of smell and hearing. Herds are led by females. It can gallop at speeds of up to 40 to 50km/h. The migration follows a seasonal pattern, and herds may travel several hundred kilometers during the winter in search of better feeding grounds. It moves south in July in preparation for the winter, and head back north in the early spring of the following year. Bisons can charge at enemies with great force.
 3. Most active at dawn or dusk, the bison likes to roll in the mud or rub up against trees or boulders to remove parasites.","Herbivorous, the diet includes grass and tender stems. During the winter, bisons will root for mosss and dead grass.",The American bison once roamed over a third of the North American continent but was almost wiped out by human settlement and mining in the Wild West. The U.S. government imposed an emergency ban on bison hunting in 1890. Reserves were alo established to protect the bison and Native American culture.,Bison,American Bison ,https://www.zoo.gov.tw/iTAP/03_Animals/TemperateZoneAnimalArea/Bison/Bison_Pic01.jpg,American Bison ,https://www.zoo.gov.tw/iTAP/03_Animals/TemperateZoneAnimalArea/Bison/Bison_Pic02.jpg,American Bison ,https://www.zoo.gov.tw/iTAP/03_Animals/TemperateZoneAnimalArea/Bison/Bison_Pic03.jpg,American Bison ,https://www.zoo.gov.tw/iTAP/03_Animals/TemperateZoneAnimalArea/Bison/Bison_Pic04.jpg
236,Przewalski's wild horse,MULTIPOINT ((121.589313 24.9936564)),Temperate Zone Animal Area,Equus przewalskii,Chordata,Mammalia,Perissodactyla,Equidae,Endangered (EN),"Przewalski's wild horse lived in the Gobi Desert and the Altai Mountains in southwestern Mongolia but is now extinct in the wild.


更改:Przewalski's wild horse lived in the Gobi Desert and the Altai Mountains in southwestern Mongolia but now it extinct in the wild.","Habitat included open plains and semi-desert regions. The species is extinct in the wild but is a classic example of successful breeding in zoos and wildlife reserves. Przewalski's wild horse once roamed the Kobdo Basin near the Altai Mountains in western Mongolia and the eastern parts of the Junggar Basin in Xinjiang, China.


更改:Przewalski's wild horse's habitat included open plains and semi-desert regions.Originally, The species is extinct in the wild but it is a classic example of successful breeding in zoos and wildlife reserves. Przewalski's wild horse once born in the Kobdo Basin near the Altai Mountains in western Mongolia and the eastern parts of the Junggar Basin in Xinjiang, China.
","1. Its body is about 210cm in length, and its tail is about 90cm.  Its body weighs between 200 to 300 kg.
2. A very muscular horse with with a large head and thick neck. The mane is short and upright, unlike the long, flowing mane of a domestic horse.


更改:2. A very strong horse with a large head and thick neck. The mane is short and upright, unlike the long, flowing mane of a domestic horse.","1. Habitat is usually grasslands or semi-desert highlands between 700 and 1,800 meters above sea level, but may range as high as 2,500 meters. The diet consists of grass and the leaves of low bushes. It drinks from small water holes after sunset and can go long periods without water. 
2. Przewalski's wild horse can sprint for short distances at 70km/h, or gallop at a steady pace of 50km/h for long periods of time. 

更改:1.Przewalski's wild horse's habitat is usually grasslands or semi-desert highlands between 700 and 1,800 meters above sea level, and sometimes even as high as 2500 meters. The diet consists of grass and the leaves of low bushes. It drinks from small water holes after sunset and can go long periods without water. 
2.When Przewalski's wild horse gallop, it can sprint for short distances at 70km/h, or gallop at a steady pace of 50km/h for long periods of time. ","Herbivorous. Diet includes the stems of grasses, legumes, daisies, and sedges.","Przewalski's wild horse is classified as Category I (Endangered Species) in the Schedule of Protected Species. It is also classified as Endangered (EN) by the IUCN. It was originally found in the Kobdo Basin near the Altai Mountains in western Mongolia, as well as the eastern parts of the Junggar Basin in Xinjiang, China, before it became extinct in the wild. After years of captive breeding efforts by zoos and other ex-situ conservation experts, the Przewalski's wild horses have been reintroduced into the wild. After stable populations were established in the wild, its status was changed from Extinct in the Wild to Endangered in 2011. This case is held up as a classic example of successful captive breeding in zoos and reserves, and represented an important milestone in the history of animal conservation.",Horse-MW,Przewalski's wild horse,https://www.zoo.gov.tw/iTAP/03_Animals/TemperateZoneAnimalArea/Horse-MW/Horse-MW_Pic01.jpg,Przewalski's wild horse,https://www.zoo.gov.tw/iTAP/03_Animals/TemperateZoneAnimalArea/Horse-MW/Horse-MW_Pic02.jpg,Przewalski's wild horse,https://www.zoo.gov.tw/iTAP/03_Animals/TemperateZoneAnimalArea/Horse-MW/Horse-MW_Pic03.jpg,Przewalski's wild horse,https://www.zoo.gov.tw/iTAP/03_Animals/TemperateZoneAnimalArea/Horse-MW/Horse-MW_Pic04.jpg
237,Eurasian lynx,MULTIPOINT ((121.5900023 24.992842)),Temperate Zone Animal Area,Lynx lynx,Chordata,Mammalia,Carnivora,Felidae,Least Concern (LC),"The entire Northern Hemisphere, including forests, brushland, and rocky mountain slopes in Europe, Asia, and the northern parts of North Africa.","The Lynx favors dense foliage in the forest understory, but can also be found in rocky areas or forests with sparse understory foliage.","1. The Lynx usually measures between 85 and 105 cm in length with a tail 20 to 31cm long. It weighs between 20 to 30kg. Males are usually somewhat larger than females.
2. The Lynx has long, thick coat to withstand extreme cold. The fur is usually brown or gray, with some individuals having dark brown spots. The ears have white markings on the back and a tuft of black fur about 4cm long on the tips. The legs are long, and paws are covered with thick fur. Its tail is short. The legs have thick fur that allow the Lynx to move freely on the snow.",Most active at night when the color of and the spots on its fur help the Lynx blend into its surrounding and sneak up on its prey undetected.,"Carnivorous. In the wild, it hunts birds, hares, and rodents. ","Tthreatened by habitat destruction, poaching, and baiting.  The lynx is hunted in large numbers for their beautiful pelts but also killed for taking livestock. It is currently extinct in most parts of Europe. Fortunately, active rehabilitation efforts are underway in countries such as Germany, Austria, and Sweden. ",Lynx,Eurasian lynx,https://www.zoo.gov.tw/iTAP/03_Animals/TemperateZoneAnimalArea/Lynx/Lynx_Pic01.jpg,Eurasian lynx,https://www.zoo.gov.tw/iTAP/03_Animals/TemperateZoneAnimalArea/Lynx/Lynx_Pic02.jpg,Eurasian lynx,https://www.zoo.gov.tw/iTAP/03_Animals/TemperateZoneAnimalArea/Lynx/Lynx_Pic03.jpg,Eurasian lynx,https://www.zoo.gov.tw/iTAP/03_Animals/TemperateZoneAnimalArea/Lynx/Lynx_Pic04.jpg
238,Leopard Cat,MULTIPOINT ((121.5809003 24.9971255)),Formosan Animal Area,Prionailurus bengalensis chinensis,Chordata,Mammalia,Carnivora,Felidae,Endangered (EN),"From southern China to South Asia, Southeast Asia, Taiwan, and Hainan Island.",Low and mid-elevation forests.,"1. Same physical size as the domestic cat.
2. The body is grayish-brown in color and covered with dark, brown spots. There are two grayish-white bands with black borders on the forehead. The back of the ears are black with white spots."," Leopard Cats are small, carnivorous felines that are generally solitary and nocturnal. Adept swimmers and climbers, they rest in tree holes or rock crevices during the day and only emerged in the evening to hunt. 
",Carnivorous. Feeds mostly on small animals.,"The primary habitat of the Leopard Cat are the foothill zone but these are threatened by human development. Partitioning by roads, vehicle traffic, hunting, competition and attack by feral dogs and cats, and disease all pose a serious threat to its survival.",FlyingSquirrel,Leopard Cat,https://www.zoo.gov.tw/iTAP/03_Animals/FormosanArea/FlyingSquirrel/FlyingSquirrel_Pic01.jpg,Leopard Cat,https://www.zoo.gov.tw/iTAP/03_Animals/FormosanArea/FlyingSquirrel/FlyingSquirrel_Pic02.jpg,Leopard Cat,https://www.zoo.gov.tw/iTAP/03_Animals/FormosanArea/FlyingSquirrel/FlyingSquirrel_Pic03.jpg,Leopard Cat,https://www.zoo.gov.tw/iTAP/03_Animals/FormosanArea/FlyingSquirrel/FlyingSquirrel_Pic04.jpg
239,Formosan Gem-faced Civet,"MULTIPOINT ((121.580109 24.9976518), (121.5809807 24.9972057))",Formosan Animal Area,Paguma larvata taivana,Chordata,Mammalia,Carnivora,Viverridae,Least Concern (LC),Southern and southeastern Asia.,"Extensive distribution in Taiwan. They have been sighted everywhere from broadleaf forests, coniferous forests, farmland, and hills at mid/low-elevations to mountain forests 2,000 meters above the sea level.  Frequently found in forests and irrigated farmland.","1. The body is grayish-brown in color with a white stripe running from the top of the head to the nose, hence the name “White Nose.” A white patch runs from over and under the eyes to behind the ears. The conical muzzle has 40 teeth; both the nail and tail are quite long. The four limbs are short and thick, and there are 5 toes on each paw tipped with sharp claws. The unusual shape of the foot allows them to walk on branches or vines. They are the best tree and vine climbers out of all carnivores in Taiwan.
2. The anal glands produce very strong-smelling secretions that can drive away their enemies. They may sometimes emit a scent that smells like peanut oil when extremely tense, excited or angry. This led to the nickname “Black-footed Incense.” Scent is usually used for marking territory but whether it smells good or bad is highly subjective.
3. Though similar in appearance to the Formosan ferret-badger (Melogale moschata), the Gem-faced Civet is physically larger. The white markings on its forehead runs all the way down to the tip of the nose as well and is not interrupted like those on the head of the ferret-badger. 
4. The hooked claw on its digits are retracted when not in use and can be extended on demand. If the claw becomes blunt then it falls away under applied pressure. A new claw will then grow in its place.","1. Nocturnal and mostly active at night. Solitary by nature.
2. Arboreal and likes to eat juicy fruits, hence the common name “Fruit Civet.”
","Omnivorous. Likes juicy fruits but also eats insects, snails and small vertebrates.","The Gem-faced Civet features frequently on the menu of restaurants selling wild game. There’s a large captive population in the private sector and the pet market has many animals that were bred in captivity. Populations in the wild are under pressure from hunting. Escapees from breeding farms or individual animals improperly released in the wild impact on their gene pool as well, making the conservation of wild populations all the more difficult.",Civet-MP,Formosan Gem-faced Civet,https://www.zoo.gov.tw/iTAP/03_Animals/FormosanArea/Civet-MP/Civet-MP_Pic01.jpg,Formosan Gem-faced Civet,https://www.zoo.gov.tw/iTAP/03_Animals/FormosanArea/Civet-MP/Civet-MP_Pic02.jpg,Formosan Gem-faced Civet,https://www.zoo.gov.tw/iTAP/03_Animals/FormosanArea/Civet-MP/Civet-MP_Pic03.jpg,Formosan Gem-faced Civet,https://www.zoo.gov.tw/iTAP/03_Animals/FormosanArea/Civet-MP/Civet-MP_Pic04.jpg
240,Formosan Pangolin,"MULTIPOINT ((121.5810397 24.9973151),(121.5831436 24.9959424))",Formosan Animal Area,Manis pentadactyla pentadactyla,Chordata,Mammalia,Pholidota,Manidae,Critically Endangered (CR),Asia and Africa. Mainly in forests between 300 to 500 meters above the sea level.,Low-elevation woodland.,"1. There are 8 species of pangolins in the world and the Formosan Pangolin is one of the 3 sub-species of Chinese Pangolins. It is the only member of the Pholidota in Taiwan and is classified as an endemic sub-species.
2. The body is conical in shape with a sharp muzzle, small eyes, and thick eyelids. The entire body is covered with grayish brown scales except for the muzzle, cheeks, lower jaw, throat, abdomen and inside of the limbs. Like other mammals the entire body is covered with hair. Even the parts covered with scales have 3 to 4 hairs growing underneath the scale. The four limbs are short and have 5 talons. The forelimbs are well-developed. The nostrils and ear holes can be shut. The mouth contains no teeth while the tongue is long and dexterous.
","1. The word “Pangolin” comes from the Malay language and means “animal that curls up.” They instinctively roll up into a ball when threatened. The tail is used to protect the vulnerable neck and abdomen. 
2. Nocturnal cave-dwelling animal. It selects a slope with a gradient of around 30 degrees then digs a hole with its sharp front claws. Holes can be used for sleeping, foraging, and protection. The entrance is usually oriented in a southwest direction. Holes are dug by pangolins as a den or for food. Dens are usually deeper (3 ~ 5 meters) while those for foraging are usually shallower.
3. Pangolins prefer ants as well as termites living in dead or fallen trees. In addition to evolving features that protect them against ant attacks, they have a long, slender tongue about 15 to 25 cm in length covered in sticky saliva. The tongue can shoot out and retract around 80 times a minute to catch and eat ants. The Pangolin is toothless and food is swallowed whole directly into the stomach. The stomach walls are however strongly muscled and covered with a layer of cornified tissue. They also swallow sand granules that aid with the grinding of food. It takes between 3 to 7 days for food to be digested.",Feeds exclusively on ants and termites,"The scales are touted as precious herbal remedies in folk medicine so pangolins are relentlessly poached in large numbers. They live within 1000 meters of the foothills and this is where most of the over-development takes place. As a result, they’ve become very rare. The biggest threats they face in Taiwan today are feral dogs and animal traps.",Pangolin,Formosan Pangolin,https://www.zoo.gov.tw/iTAP/03_Animals/FormosanArea/Pangolin/Pangolin_Pic01.jpg,Formosan Pangolin,https://www.zoo.gov.tw/iTAP/03_Animals/FormosanArea/Pangolin/Pangolin_Pic02.jpg,Formosan Pangolin,https://www.zoo.gov.tw/iTAP/03_Animals/FormosanArea/Pangolin/Pangolin_Pic03.jpg,Formosan Pangolin,https://www.zoo.gov.tw/iTAP/03_Animals/FormosanArea/Pangolin/Pangolin_Pic04.jpg
241,Yellow-margined box turtle,MULTIPOINT ((121.5809552 24.9971802)),Formosan Animal Area,Cistoclemmys flavomarginata,Chordata,Reptilia,Testudines,Emydidae,Endangered Conservation Species,"Found throughout East Asia including southern China, Taiwan, and southern Okinawa in Japan.",Moist forest floor or around farmland on the forest edge of low-altitude mountains and hills.,"1. The body is rounded with the carapace forming a high dome. A distinctive keel runs along the center. The plastrons are not notched, with the pectoral and abdominal plastrons connected by tendons. Both the front and the rear plastron/carapace can move up and down. When faced with danger, the limbs, head and tail can be retracted into the shell. By contracting the tendons, the carapace and plastron can be closed off almost completely, hence its name “Box Turtle.” This is the only native box turtle species in Taiwan. Olive-colored head, yellow cheeks, with a yellow longitudinal stripe running from behind the eyes to the neck. The carapace is a dark brown color while the central keel and margins are yellow. The plastron is dark brown or black.
2. Tortoises are the only animals to have developed their spine into an armored exoskeleton. Most of their skeleton, organs and tissue are enclosed inside a thick, bony, shell.","1. Solitary and diurnal. Usual habitats are the margins of the forest floor or undergrowth, or near farmland where the ground is moist and near a source of water. They can swim but rarely spend time in the water. They will emerge after rain to hunt. At other times, they hide in the grass, leaves or crevices. The feet are column-shaped like those of tortoises due to the amount of time spent on land.
","Opportunistic omnivorous that will eat arthropods, worms, annelids, dead or sick snakes. Diet consists mainly of plant roots, stems, leaves, fruits and buds.","Due to the long time required for maturity, low frequency of egg-laying and small number of eggs, the number of breeding individuals have decreased in number; (more favorable conditions for raising young but also greater risk of extinction). When people started claiming that Yellow-margined Box Turtles have medicinal properties, or make desirable pets, poaching and smuggling (more than 6,000 animals a year at its peak) led to the rapid disappearance of entire populations. ",Turtle-YB,Yellow-margined box turtle,https://www.zoo.gov.tw/iTAP/03_Animals/FormosanArea/Turtle-YB/Turtle-YB_Pic01.jpg,Yellow-margined box turtle,https://www.zoo.gov.tw/iTAP/03_Animals/FormosanArea/Turtle-YB/Turtle-YB_Pic02.jpg,Yellow-margined box turtle,https://www.zoo.gov.tw/iTAP/03_Animals/FormosanArea/Turtle-YB/Turtle-YB_Pic03.jpg,Yellow-margined box turtle,https://www.zoo.gov.tw/iTAP/03_Animals/FormosanArea/Turtle-YB/Turtle-YB_Pic04.jpg
242,Formosan Sika Deer,MULTIPOINT ((121.5805918 24.9981684)),Formosan Animal Area,Cervus nippon taiouanus,Chordata,Mammalia,Artiodactyla,Cervidae,Taiwan Endemic Sub-species,"Southeastern Siberia, Korea, Japan, eastern and southern China, Ryuku islands, Taiwan, and Vietnam.",Low elevations near water sources.,"1. The fur ranges from brown to reddish-brown in color. The back and the sides are covered with 7 to 8 rows of white spots. A black stripe runs down the middle of the back. The coat changes to adapt to the environment as well. In summer, it is made up of short hairs that are a bright, pale chestnut in color. In winter, it changes to long, tea-colored hairs with indistinct markings. The abdomen, inside of the legs and the area under the tail are all white in color. There is a large, distinctive white patch on its hindquarters.
2. The antlers of adult stags have 2 to 5 forks while does have no antlers.
3. Deer antlers are fully ossified and are shed painlessly in spring every year. The male Sika Deer does not grow antlers in its first year. In the second year, it grows simple horns. In the third year, it grows its first set of forked antlers, in the fourth year it grows antlers with two forks, and in the fifth year it grows antlers with three forks. No additional forks are added in later years (a few may grow antlers with four forks).
4. Antlers covered with a layer of highly vascular skin grow from the pedicle on the skull of the stags between May and June every year. This is known as “deer velvet.”  Once the velvet antler stops growing the blood supply to the pedicle is cut off. The velvet skin dries and falls off, and the velvet antler begins to ossify. The stag starts rubbing against tree to remove all the fine hairs. By the breeding season between August and October, the antlers have become fully ossified and are a grayish-white in color. Stags also developed long manes around the neck. Stags battle each other during this season for territory and mating rights. Individuals with more developed antlers have a better chance of asserting their dominance.","1. There are three species of deer in Taiwan and the Sika Deer is classified as medium-sized. 
2. They are quite tame though very sensitive and alert by nature.
3. Stags only start growing antlers in their second year. Their antlers gain one additional fork every year until they reach five years of age. The forks just diagonally outwards from the base where the antlers branch. Stags shed their antlers around May and June each year.
","Herbivore that eats tree leaves, buds and grass.","Sika Deer once roamed across the whole of Taiwan so it was once known as “Deer Island.” Dutch occupation of Taiwan proved catastrophic. They hired large numbers of workers and issued numerous permits for hunting Sika Deer. During Koxinga’s conquest of Taiwan and the Manchu Dynasty, deer skin was still one of Taiwan’s most important exports. Population growth and the conversion of habitats into towns and farms meant the last wild Sika Deer disappeared in 1969.",Sika,Formosan Sika Deer,https://www.zoo.gov.tw/iTAP/03_Animals/FormosanArea/Sika/Sika_Pic01.jpg,Formosan Sika Deer,https://www.zoo.gov.tw/iTAP/03_Animals/FormosanArea/Sika/Sika_Pic02.jpg,Formosan Sika Deer,https://www.zoo.gov.tw/iTAP/03_Animals/FormosanArea/Sika/Sika_Pic03.jpg,Formosan Sika Deer,https://www.zoo.gov.tw/iTAP/03_Animals/FormosanArea/Sika/Sika_Pic04.jpg
243,Clouded leopard,MULTIPOINT ((121.5799735 24.9978317)),Formosan Animal Area,Neofelis nebulosa,Chordata,Mammalia,Carnivora,Felidae,Extinct in the Wild (EW),"Taiwan, from southern China to South Asia, Southeast Asia, and Hainan Island.","Virgin forests more than 1,000 meters above the sea level. No sightings have been recorded since the 1970s.","1. The upper jaw is quite sharp with well-developed canines.
2. The sides of the neck and body have large, cloud-shaped black spots. The abdomen and limbs are dotted with irregular brown patches. There are 11 to 14 black bands on the tail.","1. Nocturnal and solitary by nature. Adept climbers. Their short limbs and long tails are well-adapted to life in the trees.  
2. The Cloud Leopard was once found in all virgin forests above the elevation of 1,000 meters throughout Taiwan. This large, carnivorous feline is a sub-species endemic to Taiwan.
3. The animal in the Zoo’s exhibit is not a domestic Cloud Leopard. It is on loan from the European Endangered Species Programme (EEP).","Carnivore that feeds mainly on birds, primates and small mammals.","Big trees are crucial to the survival of the Cloud Leopard. Taiwan used to have many broadleaf trees growing above 1,000 meters but indiscriminate logging of forests resulted in the loss of Cloud Leopard’s habitat and its extinction in the wild.",CloudedLeopard,Clouded leopard,https://www.zoo.gov.tw/iTAP/03_Animals/FormosanArea/CloudedLeopard/CloudedLeopard_Pic01.jpg,Clouded leopard,https://www.zoo.gov.tw/iTAP/03_Animals/FormosanArea/CloudedLeopard/CloudedLeopard_Pic02.jpg,Clouded leopard,https://www.zoo.gov.tw/iTAP/03_Animals/FormosanArea/CloudedLeopard/CloudedLeopard_Pic03.jpg,Clouded leopard,https://www.zoo.gov.tw/iTAP/03_Animals/FormosanArea/CloudedLeopard/CloudedLeopard_Pic04.jpg
244,Formosan serow,MULTIPOINT ((121.5804362 24.9971583)),Formosan Animal Area,Capricornis swinhoei,Chordata,Mammalia,Artiodactyla,Bovidae,(Taiwan Endemic Species) Protected Species,Taiwan,"Can be found in mountain forests between 200 to 3,000 meters above the sea level and from the foot hills to 3,500 meters above the sea level. More common in mid- and high-elevation virgin coniferous forests. Often sighted near avalanche sites or steep hillsides.","1. The body is dark brown in color with a black band on the back of the neck. The cheeks, throat and upper neck are a pale yellowish-brown. Tail is short.
2. Both males and females have boving horns. These are conical with sharp tips and are curved to the back slightly. The horns are not shed throughout their life.","1. The only wild bovine in Taiwan. It is endemic to Taiwan and was known as the Formosan Serow. 
2. It is a strong climber that prefers to live alone. It is most active at dawn and dusk. It is very territorial and marks its territory by rubbing secretions from the infraorbital gland in front of its eye all over tree branches or rocky outcrops. 
3. Can jump up to 2 meters high and run at a speed of 20 km per hour, making it the “most fleet-footed” of all mammals in Taiwan.",Herbivore that likes tender leaves and buds.,,Serow,Formosan serow,https://www.zoo.gov.tw/iTAP/03_Animals/FormosanArea/Serow/Serow_Pic01.jpg,Formosan serow,https://www.zoo.gov.tw/iTAP/03_Animals/FormosanArea/Serow/Serow_Pic02.jpg,Formosan serow,https://www.zoo.gov.tw/iTAP/03_Animals/FormosanArea/Serow/Serow_Pic03.jpg,Formosan serow,https://www.zoo.gov.tw/iTAP/03_Animals/FormosanArea/Serow/Serow_Pic04.jpg
245,Formosan Wild Boar,MULTIPOINT ((121.5802887 24.9983057)),Formosan Animal Area,Sus scrofa taivanus,Chordata,Mammalia,Artiodactyla,Suidae,,Taiwan,"Found from the plains to 3,000 meters above the sea level.","1. The body measures between 93 to 180 cm in length. Adults are dark gray in color and covered with thick bristles. The hairs on the back of the neck and the waist are slightly longer. The body is a round, barrel-shape.  
2. The neck is short with jutting snout. The front nasal bone supports a plate-shaped muzzle. The nose looks as if it was cut-off at the tip. 
4. The upper and lower jaws of boars both have a pair of well-developed canines, or tusks. Sows have shorter canines that are barely visible and three pairs of mammary glands. Juveniles are yellowish-brown in color with black stripes.
5. Wild pigs have an unusually shaped front nasal bone that form a plate-shaped muzzle. This can be pushed flat against the ground for sniffing. Pigs therefore have a well-developed sense of smell. Their long, jutting nose can be used like a bulldozer to turn over rocks in search of food."," 1. Pigs will eat all the easily accessible food on the surface first. If there is not enough surface food, they start rooting around for food under the ground. 
2. Unlike other cloven-hoofed animals, wild boars are social animals. They form family clans led by at least one boar. 
3. Sows build a den before giving birth to protect the newborn piglets from the cold.","Omnivorous that feeds mainly on plants. Diet consists mainly of tender leaves, root tubers and insects.",Wild pigs are now threatened by shrinking habitats and genetic contamination. Inter-breeding between wild pigs and domestic pigs meant the number of pure-bred wild pigs are on the decline. Taipei Zoo is working to preserve the pure-bred Wild Pig in captivity.,Boar,Formosan Wild Boar,https://www.zoo.gov.tw/iTAP/03_Animals/FormosanArea/Boar/Boar_Pic01.jpg,Formosan Wild Boar,https://www.zoo.gov.tw/iTAP/03_Animals/FormosanArea/Boar/Boar_Pic02.jpg,Formosan Wild Boar,https://www.zoo.gov.tw/iTAP/03_Animals/FormosanArea/Boar/Boar_Pic03.jpg,Formosan Wild Boar,https://www.zoo.gov.tw/iTAP/03_Animals/FormosanArea/Boar/Boar_Pic04.jpg
246,Formosan Black Bear,MULTIPOINT ((121.5799735 24.9975801)),Formosan Animal Area,Ursus thibetanus formosanus,Chordata,Mammalia,Carnivora,Ursidae,(Taiwan Endemic Sub-species) Vulnerable (VU),Asiatic Black Bears used to be found all over Asia from Japan and China to Afghanistan and Pakistan.,"Forests between 1,000 to 3,000 meters above the sea level.","1. The body measures 120 to 180cm in the length. The tail is 6 to 10 cm long. It stands about 60 to 70cm at the shoulders and can weigh up to 200 kg.
2. The entire body is covered with coarse, black fur. There is a tuft of short, white hair under the lower jaw.
3. There is a white V-shaped pattern on the chest.","1. The largest terrestrial mammal in Taiwan.
2. Very extensive range. They venture forth to forage for food in the evening or at dawn. They spend most of their remaining time resting in their den, in a tree hole or in a cave.
3. Walking with the foot flat against the ground is called “plantigrade.” Most other large animals such as dogs, horses and elephants walk on their toes, however, and this is referred to as “digitigrade.”
","Omnivorous that feeds on fruit, roots, insects and small animals. Most of the diet is nevertheless plant-based.","The main issues facing the Formosan Black Bear are habitat fragmentation (destruction of habitat), illegal poaching, and human interference. Black bears are highly dependent on the forest but roads often destroy the contiguity of their habitat. This not only reduces the number of animals that can be supported, but it also increases the risk of them entering fields or orchards on the forest edge where they may be hunted or trapped.  The “Leave no Trace” movement helps to reduce interference from human hikers.",Bear-F,Formosan Black Bear,https://www.zoo.gov.tw/iTAP/03_Animals/FormosanArea/Bear-F/Bear-F_Pic01.jpg,Formosan Black Bear,https://www.zoo.gov.tw/iTAP/03_Animals/FormosanArea/Bear-F/Bear-F_Pic02.jpg,Formosan Black Bear,https://www.zoo.gov.tw/iTAP/03_Animals/FormosanArea/Bear-F/Bear-F_Pic03.jpg,Formosan Black Bear,https://www.zoo.gov.tw/iTAP/03_Animals/FormosanArea/Bear-F/Bear-F_Pic04.jpg
247,Formosan Macaque,MULTIPOINT ((121.580691 24.9973102)),Formosan Animal Area,Macaca cyclopis,Chordata,Mammalia,Primates,Cercopithecidae,(Taiwan Endemic Species) Least Concern (LC),"In parts of Taiwan with an elevation less than 3,000 meters.",Found in broadleaf forests with a preference for dense natural woodland. Frequently found near bare rock or water sources.,"1. The head is rounded, the face is flattened, cheek pouches are present and the ears are small.
2. The back is grayish-brown in winter and turns olive-green in summer; the limbs and tail have a slightly darker color.
3. The abdomen is grayish white; there are red flesh pads at the buttocks; the tail is thick and long.","1. Diurnal animal that is mostly active at dawn and dusk. Lives mostly in the trees but will forage for food on the ground. Preferred habitat is dense natural forests and exposed rock with nearby water sources.
2. Social animals that form clans led by a male monkey. Clans have no fixed size but generally range between 10 to 50 members. A clan consists of one of adult male along with several adult females, sub-adult males and juveniles. Males living by themselves or in bachelor groups can be observed in the wild.",Feeds mainly on fruits and buds. Will sometimes eat insects and small mammals. The diet changes depending on the season.,Human development and the continued expansion of recreational areas meant that traditional habitats and territories of the Macaque are increasingly overlapping with those of mankind. Humans muscling into macaque territory has resulted in a great deal of friction. The main issues facing the Formosan Macaque today are friction due to human occupation of their habitats and improper interactions with humans (feeding). The use of snap traps and other illegal traps represents a serious threat to wild Formosan Macaques.,Macaque,Formosan Macaque,https://www.zoo.gov.tw/iTAP/03_Animals/FormosanArea/Macaque/Macaque_Pic01.jpg,Formosan Macaque,https://www.zoo.gov.tw/iTAP/03_Animals/FormosanArea/Macaque/Macaque_Pic02.jpg,Formosan Macaque,https://www.zoo.gov.tw/iTAP/03_Animals/FormosanArea/Macaque/Macaque_Pic03.jpg,Formosan Macaque,https://www.zoo.gov.tw/iTAP/03_Animals/FormosanArea/Macaque/Macaque_Pic04.jpg
248,Collared Scops Owl,MULTIPOINT ((121.5799159 24.9979496)),Formosan Animal Area,Otus bakkamoena,Chordata,Aves,Strigiformes,Strigidae,Endangered (EN),"Forests of Taiwan with an elevation less than 1,200 meters.","Broadleaf forests, hillsides, or parts of the countryside with dense foliage.",The eyes are orange-red in color and the tufts on the head are erect like ears. The body is grayish-brown in color with irregular black bands. The face is grey with dark-brown margins.,"1. Lives in broadleaf forests at lower elevations. It lives at the lowest elevations and closest to human beings of all owls in Taiwan. Sometimes, they nest in parks or houses.
2. Nocturnal animal that spends most of the day sleeping on a tree.
3. Acute eyesight and the ability of the head to rotate through 270 degrees allows it to locate the prey with great precision.","Hunts insects, birds and small mammals.",,Owl-CS,Collared Scops Owl,https://www.zoo.gov.tw/iTAP/03_Animals/FormosanArea/Owl-CS/Owl-CS_Pic01.jpg,Collared Scops Owl,https://www.zoo.gov.tw/iTAP/03_Animals/FormosanArea/Owl-CS/Owl-CS_Pic02.jpg,Collared Scops Owl,https://www.zoo.gov.tw/iTAP/03_Animals/FormosanArea/Owl-CS/Owl-CS_Pic03.jpg,Collared Scops Owl,https://www.zoo.gov.tw/iTAP/03_Animals/FormosanArea/Owl-CS/Owl-CS_Pic04.jpg
249,European Otter,MULTIPOINT ((121.5802565 24.9975157)),Formosan Animal Area,Lutra lutra,Chordata,Mammalia,Carnivora,Mustelidae,Near Threatened (NT),"Western and northwestern Europe, and Asia; in Taiwan, they were originally found in or near rivers throughout the island with an elevation below 1,500 meters. There have been no sightings on Taiwan proper for many years. Small colonies were recorded in Kinmen.",Otters live in freshwater bodies inland but can adapt to river deltas or seawater.,"1. The back is chestnut brown and the body is streamlined. The head and trunk are elongated while the limbs are short with webbing between the toes. The fur is short and dense. 
2. The whiskers around the mouth are tactile and can detect nearby disturbances.","1. Solitary and semi-aquatic animal that lives in inland freshwater bodies. They are very agile on land and in water, and are active during the day and at night. They are however most active at night and can range over great distances.
2. Otters build dens in embankments or grass near the water. They have a scent gland that releases a foul smell to deter frightening or threatening enemies.","Carnivore that feeds on invertebrates, crustaceans and amphibians in the water, as well as aquatic fowls and rodents near the water.","Accelerated development, destruction and pollution of wetlands, blocking of water routes, feral dog attacks and road kills are all threatening the survival of the otters. There are now estimated to be less than 200 animals left in Kinmen. All of the above issues are human-related.",Otter-E,European Otter,https://www.zoo.gov.tw/iTAP/03_Animals/FormosanArea/Otter-E/Otter-E_Pic01.jpg,European Otter,https://www.zoo.gov.tw/iTAP/03_Animals/FormosanArea/Otter-E/Otter-E_Pic02.jpg,European Otter,https://www.zoo.gov.tw/iTAP/03_Animals/FormosanArea/Otter-E/Otter-E_Pic03.jpg,European Otter,https://www.zoo.gov.tw/iTAP/03_Animals/FormosanArea/Otter-E/Otter-E_Pic04.jpg
250,Formosan Ferret-badger,MULTIPOINT ((121.5810706 24.9973589)),Formosan Animal Area,Melogale moschata subaurantiaca,Chordata,Mammalia,Carnivora,Mustelidae,(Taiwan Endemic Species) Least Concern (LC),Found on low and mid-elevation mountains of Taiwan.,Can be found in forests and grassland.,"1. The four limbs are short with large, broad feet. The long, powerful talons can be used for digging.
2. The tail is bushy with long, white hair. The face is narrow and rodent-like with a pink nose. Rounded ears, short limbs, and long, thin sharp claws. 
3. The back is generally grayish-brown to brownish-black in color, with the abdomen being a slightly paler shade.
4. A white longitudinal band run from the head down past the neck and to the middle of the back. There is a yellowish-white patch on the top of the head. The area between the cheeks and the front of the neck as well as the middle of the abdomen are all yellowish-white too.","1. Social, solitary and nocturnal.
2. They sleep in a cave during the day. When threatened or stressed, a foul smell can be released by the anal glands to deter the enemy.","Omnivorous. Diet consists of small vertebrates, insects, worms and fruits.",Feral dogs and cats spread rabies in the wild. Formosan Ferret-Badgers are easily infected by the virus.,Badger,Formosan Ferret-badger,https://www.zoo.gov.tw/iTAP/03_Animals/FormosanArea/Badger/Badger_Pic01.jpg,Formosan Ferret-badger,https://www.zoo.gov.tw/iTAP/03_Animals/FormosanArea/Badger/Badger_Pic02.jpg,Formosan Ferret-badger,https://www.zoo.gov.tw/iTAP/03_Animals/FormosanArea/Badger/Badger_Pic03.jpg,Formosan Ferret-badger,https://www.zoo.gov.tw/iTAP/03_Animals/FormosanArea/Badger/Badger_Pic04.jpg
251,"Small Chinese Civet, Lesser Oriental Civet",MULTIPOINT ((121.5801063 24.9980663)),Formosan Animal Area,Viverricula indica pallida,Chordata,Mammalia,Carnivora,Viverridae,(Taiwan Endemic Species) Rare Species,Low and middle elevations in Taiwan,"Lives mainly in dense, virgin broadleaf forests.","1. The fur is yellowish-brown with dark, brown longitudinal bands on the back. The tail has distinctive dark-brown bands.
2. Similar in appearance to a cat though the muzzle is more conical and the neck is elongated.
3. Both males and females have a musk gland that produces a very foul-smelling secretion. The secretions are applied to rocks or tree trunks as territorial markings.",Nocturnal and secretive by nature. Generally leads a solitary existence on the ground.,"Omnivorous that feeds mainly on small mammals, reptiles and insects. Can also eat fruits and young grass.",,Civet-SI,"Small Chinese Civet, Lesser Oriental Civet",https://www.zoo.gov.tw/iTAP/03_Animals/FormosanArea/Civet-SI/Civet-SI_Pic01.jpg,"Small Chinese Civet, Lesser Oriental Civet",https://www.zoo.gov.tw/iTAP/03_Animals/FormosanArea/Civet-SI/Civet-SI_Pic02.jpg,"Small Chinese Civet, Lesser Oriental Civet",https://www.zoo.gov.tw/iTAP/03_Animals/FormosanArea/Civet-SI/Civet-SI_Pic03.jpg,"Small Chinese Civet, Lesser Oriental Civet",https://www.zoo.gov.tw/iTAP/03_Animals/FormosanArea/Civet-SI/Civet-SI_Pic04.jpg
252,Formosan Reeve's muntjac,"MULTIPOINT ((121.5810719 24.9977223), (121.5833625 24.9953314), (121.5830997 24.9944964), (121.5818337 24.9981513))",Formosan Animal Area,Muntiacus reevesi micrurus,Chordata,Mammalia,Artiodactyla,Cervidae,(Taiwan Endemic Sub-species) Non-Protected Species,"Found in southeastern China, and throughout Taiwan from the lowlands to 3,000 meters above the sea level. Frequently sighted in broadleaf forests and water sources as well as Green Island.","Found everywhere below an elevation of 3,000 meters.","1. Small member of the deer family. Entire body is yellowish-brown in color with scattered black hairs.
2. Most males of the deer family grow forked antlers on their heads that are shed and regrown every year. Females have only bony bumps on their head and no antlers. Males have a pair of simply crossed horns. There is a small bump in front of the pedicle. Newborn Reeves Muntjac is covered with spots for protective coloration. These fade away after about 45 days.
","1. Crepuscular so it can be active throughout the day, though mostly at dawn and dusk.
2. Very shy by nature. If there is danger, the first reaction is to freeze or hide. If a predator is approaching then it raises its short tail to reveal the white fur underneath before fleeing at high speed. It also issues a series of short, high-pitched, monotone calls that sound like a dog bark.
3. Male and females exhibit distinct behavioral differences. Male Reeves Muntjacs are quite territorial while female Reeves Muntjacs get on reasonably well. Between three to four female Reeves Muntjacs with overlapping territories often live within the territory of one male Reeves Muntjac.","Herbivore that likes to feed on the leaves of bushes and ferns, with a particular preference for young leaves and buds.",,Muntjac,Formosan Reeve's muntjac,https://www.zoo.gov.tw/iTAP/03_Animals/FormosanArea/Muntjac/Muntjac_Pic01.jpg,Formosan Reeve's muntjac,https://www.zoo.gov.tw/iTAP/03_Animals/FormosanArea/Muntjac/Muntjac_Pic02.jpg,Formosan Reeve's muntjac,https://www.zoo.gov.tw/iTAP/03_Animals/FormosanArea/Muntjac/Muntjac_Pic03.jpg,Formosan Reeve's muntjac,https://www.zoo.gov.tw/iTAP/03_Animals/FormosanArea/Muntjac/Muntjac_Pic04.jpg
253,Formosan Sambar,MULTIPOINT ((121.5801063 24.9980663)),Formosan Animal Area,Rusa unicolor swinhoii,Chordata,Mammalia ,Artiodactyla,Cervidae,(Taiwan Endemic Sub-species) Other wild life to conserve,Taiwan,"Found in river valleys near virgin forests and high-mountain grasslands 1,500 meters above the sea level. More numerous in the Central Mountain Range and the mountains of Hualien and Taitung.","1. The largest herbivorous wild animal in Taiwan.
2. The coat tends towards brown in summer and changes to dark brown in winter.
3. The tarsal glands are well-developed and there appears to be four eyes from a distance. It is therefore also referred to as “Four-eyed Deer.”","1. Social animal though the stags are usually solitary.
2. Most active at dawn and dusk. Prefers to eat and live near water sources on high mountains or grassland near rivers.","Herbivore that feeds mainly on arrow bamboo, grass, young grass and leaves.","The Sambar has been domesticated in Taiwan for more than a century. There are quite a large number of animals in captivity kept for their deer velvet, a very precious traditional Chinese medicine.",Sambar-F,Formosan Sambar,https://www.zoo.gov.tw/iTAP/03_Animals/FormosanArea/Sambar-F/FormosanSambar_pic01.jpg,Formosan Sambar,https://www.zoo.gov.tw/iTAP/03_Animals/FormosanArea/Sambar-F/FormosanSambar_pic01.jpg,Formosan Sambar,https://www.zoo.gov.tw/iTAP/03_Animals/FormosanArea/Sambar-F/FormosanSambar_pic01.jpg,Formosan Sambar,https://www.zoo.gov.tw/iTAP/03_Animals/FormosanArea/Sambar-F/FormosanSambar_pic01.jpg
254,Eastern Gray Kangaroo,"MULTIPOINT ((121.5858972 24.9946848), (121.5859281 24.9942727))",Australian Animal Area,Macropus giganteus,Chordata,Mammalia,Diprotodontia,Macropodidae,Least Concern (LC),Eastern mainland Australia and the island of Tasmania.,"Sclerophyll forest, woodlands (including mallee scrub), shrubland and heathland.","1. The Eastern Gray Kangaroo is the tallest of the kangaroos and the best jumper as well.
2. The body is gray in color and the muzzle is richly whiskered. Their hind-legs are well-developed and there is a long tail. Mature females have a well-developed pouch and four nipples.","1. Usually stands on its hind-legs and moves forward in leaps and bounds. They also move on all four.
2.Gray kangaroo has tight-knit social structure. The group is mainly made up of females and their offsprings each with their rank. Males only join the group when females are in heat.
3. They can breed all year-round and give birth to only one joey each time. A newborn will climb by itself into the mother’s pouch and spend over 9 months inside before leaving.",Herbivorous. Mainly eats grass and does not need a lot of water.,,Kangaroo-G,Eastern Gray Kangaroo,https://www.zoo.gov.tw/iTAP/03_Animals/AustralianArea/Kangaroo-G/Kangaroo-G_Pic01.jpg,Eastern Gray Kangaroo,https://www.zoo.gov.tw/iTAP/03_Animals/AustralianArea/Kangaroo-G/Kangaroo-G_Pic02.jpg,Eastern Gray Kangaroo,https://www.zoo.gov.tw/iTAP/03_Animals/AustralianArea/Kangaroo-G/Kangaroo-G_Pic03.jpg,Eastern Gray Kangaroo,https://www.zoo.gov.tw/iTAP/03_Animals/AustralianArea/Kangaroo-G/Kangaroo-G_Pic04.jpg
255,Southern Cassowary,"MULTIPOINT ((121.5851864 24.9947079), (121.5858771 24.9941196))",Australian Animal Area,Casuarius casuarius,Chordata,Aves,Struthioniformes,Casuariidae,Least Concern (LC),"Northern Australia, Indonesia and Papua New Guinea.","Inhabitat in rainforest and occasionally using adjacent savanna forests, mangroves and fruit plantations.","A large flightless bird. The head and neck are hairless, the skin is a purplish-blue color, and there is a horny crest on the head; there are 2 brightly colored folds of skin on the neck. The legs are long and thick with 3 toes tipped with sharp claws. Adult birds have brownish-black colors. Male and females are almost the same size though females are slightly larger and have brighter colors. Fledglings are covered with dark brown and yellowish-brown stripes. The eggs are grassy green in color and slightly wrinkled on the surface.","1. Cassowary is usually solitary and lives in virgin forests. They are active at dawn, dusk, and moonlit lights. Territorial. The nest is a shallow pit lined with leaves and grass. It is usually built in dense bushland.
2. Unlike ordinary bird feathers, the feathers of the Cassowary are fluffy and fan-shaped. They are also stiffer than ordinary feathers to protect the bird from branches and thorns while moving through the dense undergrowth. 
3. The crest on the head of the Cassowary, called ""casque"", can be used to nudge branches aside in the dense forest, or help their very low frequency sounds penetrading through the dense forest.","Mainly eats fruits that fall to the ground but will eat seeds, insects, small animals, or carrion.",,Cassowary,Southern Cassowary,https://www.zoo.gov.tw/iTAP/03_Animals/AustralianArea/Cassowary/Cassowary_Pic01.jpg,Southern Cassowary,https://www.zoo.gov.tw/iTAP/03_Animals/AustralianArea/Cassowary/Cassowary_Pic02.jpg,Southern Cassowary,https://www.zoo.gov.tw/iTAP/03_Animals/AustralianArea/Cassowary/Cassowary_Pic03.jpg,Southern Cassowary,https://www.zoo.gov.tw/iTAP/03_Animals/AustralianArea/Cassowary/Cassowary_Pic04.jpg
256,Common Emu,"MULTIPOINT ((121.5855941 24.9947443), (121.5850349 24.9943262), (121.5856411 24.9940928))",Australian Animal Area,Dromaius novaehollandiae,Chordata,Aves,Casuariiformes ,Dromaiidae　,Least Concern (LC),Australia.,"Savanna, shrubland, and grassland.","The head and upper part of the neck have black feathers. Naked skin has a blue tint and adult emus are covered with a mix of grayish-brown feathers. Unlike ordinary birds, the feathers are loose to fan-shaped. The wings have degenerated to a small size and cannot be used for fly.",A diurnal bird that can continue to forage even when it's over 40 degrees Celsius. Both hatching and raising young chicks are done by male. The male does not eat or drink while hatching eggs. It only stands up when the eggs need to be turned,"Herbivorous. Eats fruits, seeds, flowers, buds, insects, or even bark.",,Emu,Common Emu,https://www.zoo.gov.tw/iTAP/03_Animals/AustralianArea/Emu/Emu_Pic01.jpg,Common Emu,https://www.zoo.gov.tw/iTAP/03_Animals/AustralianArea/Emu/Emu_Pic02.jpg,Common Emu,https://www.zoo.gov.tw/iTAP/03_Animals/AustralianArea/Emu/Emu_Pic03.jpg,Common Emu,https://www.zoo.gov.tw/iTAP/03_Animals/AustralianArea/Emu/Emu_Pic04.jpg
